region,family,param,param_value,seed,sigma,theta_p,theta_r,start,savings,overhead,score,num_pauses,completed,within_budget,savings_perfect,degradation_frac
DE,additive,level,0.00000,1,0.00000,272.000,268.000,02-01,27.2402,162.035,0.636201,99.0000,true,true,27.2402,0.00000
DE,additive,level,0.00000,2,0.00000,272.000,268.000,02-01,27.2402,162.035,0.636201,99.0000,true,true,27.2402,0.00000
DE,additive,level,0.00000,3,0.00000,272.000,268.000,02-01,27.2402,162.035,0.636201,99.0000,true,true,27.2402,0.00000
DE,additive,level,0.00000,4,0.00000,272.000,268.000,02-01,27.2402,162.035,0.636201,99.0000,true,true,27.2402,0.00000
DE,additive,level,0.00000,5,0.00000,272.000,268.000,02-01,27.2402,162.035,0.636201,99.0000,true,true,27.2402,0.00000
DE,additive,level,0.00000,6,0.00000,272.000,268.000,02-01,27.2402,162.035,0.636201,99.0000,true,true,27.2402,0.00000
DE,additive,level,0.00000,7,0.00000,272.000,268.000,02-01,27.2402,162.035,0.636201,99.0000,true,true,27.2402,0.00000
DE,additive,level,0.00000,8,0.00000,272.000,268.000,02-01,27.2402,162.035,0.636201,99.0000,true,true,27.2402,0.00000
DE,additive,level,0.00000,9,0.00000,272.000,268.000,02-01,27.2402,162.035,0.636201,99.0000,true,true,27.2402,0.00000
DE,additive,level,0.00000,10,0.00000,272.000,268.000,02-01,27.2402,162.035,0.636201,99.0000,true,true,27.2402,0.00000
DE,additive,level,0.250000,1,0.914612,272.000,268.000,02-01,27.2305,161.996,0.636152,103.000,true,true,27.2402,0.000355925
DE,additive,level,0.250000,2,0.914612,272.000,268.000,02-01,27.2300,161.977,0.636150,102.000,true,true,27.2402,0.000375040
DE,additive,level,0.250000,3,0.914612,272.000,268.000,02-01,27.2360,162.028,0.636180,102.000,true,true,27.2402,0.000153849
DE,additive,level,0.250000,4,0.914612,272.000,268.000,02-01,27.2308,161.984,0.636154,102.000,true,true,27.2402,0.000343819
DE,additive,level,0.250000,5,0.914612,272.000,268.000,02-01,27.2270,161.907,0.636135,103.000,true,true,27.2402,0.000485051
DE,additive,level,0.250000,6,0.914612,272.000,268.000,02-01,27.2239,161.939,0.636120,104.000,true,true,27.2402,0.000596609
DE,additive,level,0.250000,7,0.914612,272.000,268.000,02-01,27.2371,162.035,0.636185,102.000,true,true,27.2402,0.000113596
DE,additive,level,0.250000,8,0.914612,272.000,268.000,02-01,27.2462,162.105,0.636231,102.000,true,true,27.2402,-0.000221195
DE,additive,level,0.250000,9,0.914612,272.000,268.000,02-01,27.2276,161.926,0.636138,102.000,true,true,27.2402,0.000461728
DE,additive,level,0.250000,10,0.914612,272.000,268.000,02-01,27.2280,161.926,0.636140,102.000,true,true,27.2402,0.000446780
DE,additive,level,0.500000,1,1.82922,272.000,268.000,02-01,27.2114,162.035,0.636057,114.000,true,true,27.2402,0.00105718
DE,additive,level,0.500000,2,1.82922,272.000,268.000,02-01,27.2158,161.952,0.636079,108.000,true,true,27.2402,0.000894874
DE,additive,level,0.500000,3,1.82922,272.000,268.000,02-01,27.2122,162.041,0.636061,114.000,true,true,27.2402,0.00102683
DE,additive,level,0.500000,4,1.82922,272.000,268.000,02-01,27.2153,161.945,0.636076,108.000,true,true,27.2402,0.000914326
DE,additive,level,0.500000,5,1.82922,272.000,268.000,02-01,27.2137,161.913,0.636069,109.000,true,true,27.2402,0.000970697
DE,additive,level,0.500000,6,1.82922,272.000,268.000,02-01,27.1995,161.971,0.635997,116.000,true,true,27.2402,0.00149509
DE,additive,level,0.500000,7,1.82922,272.000,268.000,02-01,27.2090,161.996,0.636045,113.000,true,true,27.2402,0.00114466
DE,additive,level,0.500000,8,1.82922,272.000,268.000,02-01,27.2123,161.996,0.636062,111.000,true,true,27.2402,0.00102178
DE,additive,level,0.500000,9,1.82922,272.000,268.000,02-01,27.2148,162.035,0.636074,112.000,true,true,27.2402,0.000931518
DE,additive,level,0.500000,10,1.82922,272.000,268.000,02-01,27.4793,159.210,0.637396,109.000,true,true,27.2402,-0.00877698
DE,additive,level,1.00000,1,3.65845,272.000,268.000,02-01,27.3266,159.190,0.636633,177.000,true,true,27.2402,-0.00317357
DE,additive,level,1.00000,2,3.65845,272.000,268.000,02-01,27.3290,159.152,0.636645,176.000,true,true,27.2402,-0.00325895
DE,additive,level,1.00000,3,3.65845,272.000,268.000,02-01,27.3503,159.171,0.636752,167.000,true,true,27.2402,-0.00404316
DE,additive,level,1.00000,4,3.65845,272.000,268.000,02-01,27.3472,159.158,0.636736,168.000,true,true,27.2402,-0.00392815
DE,additive,level,1.00000,5,3.65845,272.000,268.000,02-01,27.3451,159.152,0.636726,169.000,true,true,27.2402,-0.00385306
DE,additive,level,1.00000,6,3.65845,272.000,268.000,02-01,27.3133,159.107,0.636567,183.000,true,true,27.2402,-0.00268599
DE,additive,level,1.00000,7,3.65845,272.000,268.000,02-01,27.0572,161.958,0.635286,179.000,true,true,27.2402,0.00671799
DE,additive,level,1.00000,8,3.65845,272.000,268.000,02-01,27.3433,159.158,0.636717,170.000,true,true,27.2402,-0.00378654
DE,additive,level,1.00000,9,3.65845,272.000,268.000,02-01,27.3436,159.126,0.636718,170.000,true,true,27.2402,-0.00379684
DE,additive,level,1.00000,10,3.65845,272.000,268.000,02-01,27.3346,159.088,0.636673,174.000,true,true,27.2402,-0.00346793
DE,additive,level,2.00000,1,7.31690,272.000,268.000,02-01,27.0083,157.288,0.635041,371.000,true,true,27.2402,0.00851378
DE,additive,level,2.00000,2,7.31690,272.000,268.000,02-01,26.5888,161.932,0.632944,378.000,true,true,27.2402,0.0239129
DE,additive,level,2.00000,3,7.31690,272.000,268.000,02-01,27.0061,157.441,0.635031,371.000,true,true,27.2402,0.00859319
DE,additive,level,2.00000,4,7.31690,272.000,268.000,02-01,26.8580,159.017,0.634290,378.000,true,true,27.2402,0.0140312
DE,additive,level,2.00000,5,7.31690,272.000,268.000,02-01,26.8796,159.030,0.634398,368.000,true,true,27.2402,0.0132359
DE,additive,level,2.00000,6,7.31690,272.000,268.000,02-01,26.9823,157.294,0.634911,382.000,true,true,27.2402,0.00946831
DE,additive,level,2.00000,7,7.31690,272.000,268.000,02-01,26.8332,159.005,0.634166,389.000,true,true,27.2402,0.0149397
DE,additive,level,2.00000,8,7.31690,272.000,268.000,02-01,26.9230,159.043,0.634615,349.000,true,true,27.2402,0.0116447
DE,additive,level,2.00000,9,7.31690,272.000,268.000,02-01,26.8722,159.030,0.634361,371.000,true,true,27.2402,0.0135077
DE,additive,level,2.00000,10,7.31690,272.000,268.000,02-01,26.8985,159.056,0.634493,361.000,true,true,27.2402,0.0125418
DE,additive,level,4.00000,1,14.6338,272.000,268.000,02-01,26.2050,153.751,0.631025,815.000,true,true,27.2402,0.0380010
DE,additive,level,4.00000,2,14.6338,272.000,268.000,02-01,25.9036,157.256,0.629518,814.000,true,true,27.2402,0.0490683
DE,additive,level,4.00000,3,14.6338,272.000,268.000,02-01,26.0374,155.289,0.630187,829.000,true,true,27.2402,0.0441563
DE,additive,level,4.00000,4,14.6338,272.000,268.000,02-01,25.9773,155.494,0.629887,854.000,true,true,27.2402,0.0463595
DE,additive,level,4.00000,5,14.6338,272.000,268.000,02-01,25.9254,155.379,0.629627,875.000,true,true,27.2402,0.0482647
DE,additive,level,4.00000,6,14.6338,272.000,268.000,02-01,26.1505,153.854,0.630752,843.000,true,true,27.2402,0.0400040
DE,additive,level,4.00000,7,14.6338,272.000,268.000,02-01,25.7501,157.365,0.628750,874.000,true,true,27.2402,0.0547031
DE,additive,level,4.00000,8,14.6338,272.000,268.000,02-01,25.8734,157.377,0.629367,826.000,true,true,27.2402,0.0501748
DE,additive,level,4.00000,9,14.6338,272.000,268.000,02-01,25.9820,155.353,0.629910,853.000,true,true,27.2402,0.0461871
DE,additive,level,4.00000,10,14.6338,272.000,268.000,02-01,25.8275,157.243,0.629138,846.000,true,true,27.2402,0.0518592
DE,multiplicative,level,0.00000,1,0.00000,272.000,268.000,02-01,27.2402,162.035,0.636201,99.0000,true,true,27.2402,0.00000
DE,multiplicative,level,0.00000,2,0.00000,272.000,268.000,02-01,27.2402,162.035,0.636201,99.0000,true,true,27.2402,0.00000
DE,multiplicative,level,0.00000,3,0.00000,272.000,268.000,02-01,27.2402,162.035,0.636201,99.0000,true,true,27.2402,0.00000
DE,multiplicative,level,0.00000,4,0.00000,272.000,268.000,02-01,27.2402,162.035,0.636201,99.0000,true,true,27.2402,0.00000
DE,multiplicative,level,0.00000,5,0.00000,272.000,268.000,02-01,27.2402,162.035,0.636201,99.0000,true,true,27.2402,0.00000
DE,multiplicative,level,0.00000,6,0.00000,272.000,268.000,02-01,27.2402,162.035,0.636201,99.0000,true,true,27.2402,0.00000
DE,multiplicative,level,0.00000,7,0.00000,272.000,268.000,02-01,27.2402,162.035,0.636201,99.0000,true,true,27.2402,0.00000
DE,multiplicative,level,0.00000,8,0.00000,272.000,268.000,02-01,27.2402,162.035,0.636201,99.0000,true,true,27.2402,0.00000
DE,multiplicative,level,0.00000,9,0.00000,272.000,268.000,02-01,27.2402,162.035,0.636201,99.0000,true,true,27.2402,0.00000
DE,multiplicative,level,0.00000,10,0.00000,272.000,268.000,02-01,27.2402,162.035,0.636201,99.0000,true,true,27.2402,0.00000
DE,multiplicative,level,0.250000,1,0.00229682,272.000,268.000,02-01,27.2289,161.907,0.636144,102.000,true,true,27.2402,0.000415862
DE,multiplicative,level,0.250000,2,0.00229682,272.000,268.000,02-01,27.4993,159.190,0.637496,100.000,true,true,27.2402,-0.00951107
DE,multiplicative,level,0.250000,3,0.00229682,272.000,268.000,02-01,27.2376,162.041,0.636188,102.000,true,true,27.2402,0.0000959115
DE,multiplicative,level,0.250000,4,0.00229682,272.000,268.000,02-01,27.2278,161.939,0.636139,102.000,true,true,27.2402,0.000455106
DE,multiplicative,level,0.250000,5,0.00229682,272.000,268.000,02-01,27.2264,161.913,0.636132,103.000,true,true,27.2402,0.000507272
DE,multiplicative,level,0.250000,6,0.00229682,272.000,268.000,02-01,27.4958,159.178,0.637479,102.000,true,true,27.2402,-0.00938225
DE,multiplicative,level,0.250000,7,0.00229682,272.000,268.000,02-01,27.2280,161.913,0.636140,102.000,true,true,27.2402,0.000448866
DE,multiplicative,level,0.250000,8,0.00229682,272.000,268.000,02-01,27.2301,161.977,0.636151,102.000,true,true,27.2402,0.000369952
DE,multiplicative,level,0.250000,9,0.00229682,272.000,268.000,02-01,27.2368,162.022,0.636184,101.000,true,true,27.2402,0.000125237
DE,multiplicative,level,0.250000,10,0.00229682,272.000,268.000,02-01,27.4968,159.197,0.637484,101.000,true,true,27.2402,-0.00942241
DE,multiplicative,level,0.500000,1,0.00459365,272.000,268.000,02-01,27.2241,161.996,0.636121,106.000,true,true,27.2402,0.000589044
DE,multiplicative,level,0.500000,2,0.00459365,272.000,268.000,02-01,27.2263,161.952,0.636131,103.000,true,true,27.2402,0.000510181
DE,multiplicative,level,0.500000,3,0.00459365,272.000,268.000,02-01,27.2275,161.990,0.636137,104.000,true,true,27.2402,0.000466113
DE,multiplicative,level,0.500000,4,0.00459365,272.000,268.000,02-01,27.2259,161.971,0.636130,104.000,true,true,27.2402,0.000524164
DE,multiplicative,level,0.500000,5,0.00459365,272.000,268.000,02-01,27.4928,159.210,0.637464,103.000,true,true,27.2402,-0.00927435
DE,multiplicative,level,0.500000,6,0.00459365,272.000,268.000,02-01,27.2194,161.920,0.636097,106.000,true,true,27.2402,0.000764417
DE,multiplicative,level,0.500000,7,0.00459365,272.000,268.000,02-01,27.2317,162.003,0.636158,103.000,true,true,27.2402,0.000313083
DE,multiplicative,level,0.500000,8,0.00459365,272.000,268.000,02-01,27.2490,162.144,0.636245,103.000,true,true,27.2402,-0.000323221
DE,multiplicative,level,0.500000,9,0.00459365,272.000,268.000,02-01,27.2250,161.964,0.636125,104.000,true,true,27.2402,0.000558512
DE,multiplicative,level,0.500000,10,0.00459365,272.000,268.000,02-01,27.2260,161.926,0.636130,103.000,true,true,27.2402,0.000521911
DE,multiplicative,level,1.00000,1,0.00918729,272.000,268.000,02-01,27.1699,161.964,0.635849,129.000,true,true,27.2402,0.00258032
DE,multiplicative,level,1.00000,2,0.00918729,272.000,268.000,02-01,27.4429,159.203,0.637214,125.000,true,true,27.2402,-0.00744142
DE,multiplicative,level,1.00000,3,0.00918729,272.000,268.000,02-01,27.1628,161.952,0.635814,132.000,true,true,27.2402,0.00283922
DE,multiplicative,level,1.00000,4,0.00918729,272.000,268.000,02-01,27.1792,161.945,0.635896,124.000,true,true,27.2402,0.00223774
DE,multiplicative,level,1.00000,5,0.00918729,272.000,268.000,02-01,27.4361,159.165,0.637180,129.000,true,true,27.2402,-0.00719201
DE,multiplicative,level,1.00000,6,0.00918729,272.000,268.000,02-01,27.4254,159.139,0.637127,134.000,true,true,27.2402,-0.00680025
DE,multiplicative,level,1.00000,7,0.00918729,272.000,268.000,02-01,27.4327,159.203,0.637164,130.000,true,true,27.2402,-0.00706879
DE,multiplicative,level,1.00000,8,0.00918729,272.000,268.000,02-01,27.1754,161.984,0.635877,127.000,true,true,27.2402,0.00237798
DE,multiplicative,level,1.00000,9,0.00918729,272.000,268.000,02-01,27.1664,161.984,0.635832,131.000,true,true,27.2402,0.00270841
DE,multiplicative,level,1.00000,10,0.00918729,272.000,268.000,02-01,27.4385,159.101,0.637192,128.000,true,true,27.2402,-0.00727986
DE,multiplicative,level,2.00000,1,0.0183746,272.000,268.000,02-01,27.3371,157.512,0.636686,232.000,true,true,27.2402,-0.00355803
DE,multiplicative,level,2.00000,2,0.0183746,272.000,268.000,02-01,27.1783,159.190,0.635892,241.000,true,true,27.2402,0.00227014
DE,multiplicative,level,2.00000,3,0.0183746,272.000,268.000,02-01,27.1731,159.178,0.635865,244.000,true,true,27.2402,0.00246307
DE,multiplicative,level,2.00000,4,0.0183746,272.000,268.000,02-01,27.1901,159.158,0.635951,237.000,true,true,27.2402,0.00183772
DE,multiplicative,level,2.00000,5,0.0183746,272.000,268.000,02-01,27.1859,159.133,0.635930,238.000,true,true,27.2402,0.00199176
DE,multiplicative,level,2.00000,6,0.0183746,272.000,268.000,02-01,27.1467,159.011,0.635734,255.000,true,true,27.2402,0.00343052
DE,multiplicative,level,2.00000,7,0.0183746,272.000,268.000,02-01,27.1723,159.203,0.635862,244.000,true,true,27.2402,0.00249114
DE,multiplicative,level,2.00000,8,0.0183746,272.000,268.000,02-01,27.1963,159.165,0.635981,234.000,true,true,27.2402,0.00161175
DE,multiplicative,level,2.00000,9,0.0183746,272.000,268.000,02-01,27.2061,159.037,0.636031,229.000,true,true,27.2402,0.00124941
DE,multiplicative,level,2.00000,10,0.0183746,272.000,268.000,02-01,27.1927,159.101,0.635964,236.000,true,true,27.2402,0.00174151
DE,multiplicative,level,4.00000,1,0.0367492,272.000,268.000,02-01,26.8616,155.411,0.634308,504.000,true,true,27.2402,0.0138977
DE,multiplicative,level,4.00000,2,0.0367492,272.000,268.000,02-01,26.6384,157.480,0.633192,523.000,true,true,27.2402,0.0220912
DE,multiplicative,level,4.00000,3,0.0367492,272.000,268.000,02-01,26.7914,155.340,0.633957,532.000,true,true,27.2402,0.0164742
DE,multiplicative,level,4.00000,4,0.0367492,272.000,268.000,02-01,26.5478,157.345,0.632739,560.000,true,true,27.2402,0.0254190
DE,multiplicative,level,4.00000,5,0.0367492,272.000,268.000,02-01,26.6087,157.275,0.633044,534.000,true,true,27.2402,0.0231805
DE,multiplicative,level,4.00000,6,0.0367492,272.000,268.000,02-01,26.9431,153.803,0.634715,526.000,true,true,27.2402,0.0109078
DE,multiplicative,level,4.00000,7,0.0367492,272.000,268.000,02-01,26.5910,157.313,0.632955,543.000,true,true,27.2402,0.0238330
DE,multiplicative,level,4.00000,8,0.0367492,272.000,268.000,02-01,26.6506,157.365,0.633253,517.000,true,true,27.2402,0.0216437
DE,multiplicative,level,4.00000,9,0.0367492,272.000,268.000,02-01,26.5779,157.262,0.632890,549.000,true,true,27.2402,0.0243119
DE,multiplicative,level,4.00000,10,0.0367492,272.000,268.000,02-01,26.6315,157.371,0.633158,526.000,true,true,27.2402,0.0223445
DE,delay,steps,1.00000,1,NA,272.000,268.000,02-01,27.2141,162.035,0.636071,99.0000,true,true,27.2402,0.000956373
DE,delay,steps,1.00000,2,NA,272.000,268.000,02-01,27.2141,162.035,0.636071,99.0000,true,true,27.2402,0.000956373
DE,delay,steps,1.00000,3,NA,272.000,268.000,02-01,27.2141,162.035,0.636071,99.0000,true,true,27.2402,0.000956373
DE,delay,steps,1.00000,4,NA,272.000,268.000,02-01,27.2141,162.035,0.636071,99.0000,true,true,27.2402,0.000956373
DE,delay,steps,1.00000,5,NA,272.000,268.000,02-01,27.2141,162.035,0.636071,99.0000,true,true,27.2402,0.000956373
DE,delay,steps,1.00000,6,NA,272.000,268.000,02-01,27.2141,162.035,0.636071,99.0000,true,true,27.2402,0.000956373
DE,delay,steps,1.00000,7,NA,272.000,268.000,02-01,27.2141,162.035,0.636071,99.0000,true,true,27.2402,0.000956373
DE,delay,steps,1.00000,8,NA,272.000,268.000,02-01,27.2141,162.035,0.636071,99.0000,true,true,27.2402,0.000956373
DE,delay,steps,1.00000,9,NA,272.000,268.000,02-01,27.2141,162.035,0.636071,99.0000,true,true,27.2402,0.000956373
DE,delay,steps,1.00000,10,NA,272.000,268.000,02-01,27.2141,162.035,0.636071,99.0000,true,true,27.2402,0.000956373
DE,delay,steps,3.00000,1,NA,272.000,268.000,02-01,27.1550,162.035,0.635775,99.0000,true,true,27.2402,0.00312837
DE,delay,steps,3.00000,2,NA,272.000,268.000,02-01,27.1550,162.035,0.635775,99.0000,true,true,27.2402,0.00312837
DE,delay,steps,3.00000,3,NA,272.000,268.000,02-01,27.1550,162.035,0.635775,99.0000,true,true,27.2402,0.00312837
DE,delay,steps,3.00000,4,NA,272.000,268.000,02-01,27.1550,162.035,0.635775,99.0000,true,true,27.2402,0.00312837
DE,delay,steps,3.00000,5,NA,272.000,268.000,02-01,27.1550,162.035,0.635775,99.0000,true,true,27.2402,0.00312837
DE,delay,steps,3.00000,6,NA,272.000,268.000,02-01,27.1550,162.035,0.635775,99.0000,true,true,27.2402,0.00312837
DE,delay,steps,3.00000,7,NA,272.000,268.000,02-01,27.1550,162.035,0.635775,99.0000,true,true,27.2402,0.00312837
DE,delay,steps,3.00000,8,NA,272.000,268.000,02-01,27.1550,162.035,0.635775,99.0000,true,true,27.2402,0.00312837
DE,delay,steps,3.00000,9,NA,272.000,268.000,02-01,27.1550,162.035,0.635775,99.0000,true,true,27.2402,0.00312837
DE,delay,steps,3.00000,10,NA,272.000,268.000,02-01,27.1550,162.035,0.635775,99.0000,true,true,27.2402,0.00312837
DE,delay,steps,6.00000,1,NA,272.000,268.000,02-01,26.9889,162.035,0.634944,99.0000,true,true,27.2402,0.00922472
DE,delay,steps,6.00000,2,NA,272.000,268.000,02-01,26.9889,162.035,0.634944,99.0000,true,true,27.2402,0.00922472
DE,delay,steps,6.00000,3,NA,272.000,268.000,02-01,26.9889,162.035,0.634944,99.0000,true,true,27.2402,0.00922472
DE,delay,steps,6.00000,4,NA,272.000,268.000,02-01,26.9889,162.035,0.634944,99.0000,true,true,27.2402,0.00922472
DE,delay,steps,6.00000,5,NA,272.000,268.000,02-01,26.9889,162.035,0.634944,99.0000,true,true,27.2402,0.00922472
DE,delay,steps,6.00000,6,NA,272.000,268.000,02-01,26.9889,162.035,0.634944,99.0000,true,true,27.2402,0.00922472
DE,delay,steps,6.00000,7,NA,272.000,268.000,02-01,26.9889,162.035,0.634944,99.0000,true,true,27.2402,0.00922472
DE,delay,steps,6.00000,8,NA,272.000,268.000,02-01,26.9889,162.035,0.634944,99.0000,true,true,27.2402,0.00922472
DE,delay,steps,6.00000,9,NA,272.000,268.000,02-01,26.9889,162.035,0.634944,99.0000,true,true,27.2402,0.00922472
DE,delay,steps,6.00000,10,NA,272.000,268.000,02-01,26.9889,162.035,0.634944,99.0000,true,true,27.2402,0.00922472
DE,delay,steps,12.0000,1,NA,272.000,268.000,02-01,26.4386,162.035,0.632193,99.0000,true,true,27.2402,0.0294269
DE,delay,steps,12.0000,2,NA,272.000,268.000,02-01,26.4386,162.035,0.632193,99.0000,true,true,27.2402,0.0294269
DE,delay,steps,12.0000,3,NA,272.000,268.000,02-01,26.4386,162.035,0.632193,99.0000,true,true,27.2402,0.0294269
DE,delay,steps,12.0000,4,NA,272.000,268.000,02-01,26.4386,162.035,0.632193,99.0000,true,true,27.2402,0.0294269
DE,delay,steps,12.0000,5,NA,272.000,268.000,02-01,26.4386,162.035,0.632193,99.0000,true,true,27.2402,0.0294269
DE,delay,steps,12.0000,6,NA,272.000,268.000,02-01,26.4386,162.035,0.632193,99.0000,true,true,27.2402,0.0294269
DE,delay,steps,12.0000,7,NA,272.000,268.000,02-01,26.4386,162.035,0.632193,99.0000,true,true,27.2402,0.0294269
DE,delay,steps,12.0000,8,NA,272.000,268.000,02-01,26.4386,162.035,0.632193,99.0000,true,true,27.2402,0.0294269
DE,delay,steps,12.0000,9,NA,272.000,268.000,02-01,26.4386,162.035,0.632193,99.0000,true,true,27.2402,0.0294269
DE,delay,steps,12.0000,10,NA,272.000,268.000,02-01,26.4386,162.035,0.632193,99.0000,true,true,27.2402,0.0294269
DE,delay,steps,24.0000,1,NA,272.000,268.000,02-01,24.9967,159.344,0.624983,98.0000,true,true,27.2402,0.0823597
DE,delay,steps,24.0000,2,NA,272.000,268.000,02-01,24.9967,159.344,0.624983,98.0000,true,true,27.2402,0.0823597
DE,delay,steps,24.0000,3,NA,272.000,268.000,02-01,24.9967,159.344,0.624983,98.0000,true,true,27.2402,0.0823597
DE,delay,steps,24.0000,4,NA,272.000,268.000,02-01,24.9967,159.344,0.624983,98.0000,true,true,27.2402,0.0823597
DE,delay,steps,24.0000,5,NA,272.000,268.000,02-01,24.9967,159.344,0.624983,98.0000,true,true,27.2402,0.0823597
DE,delay,steps,24.0000,6,NA,272.000,268.000,02-01,24.9967,159.344,0.624983,98.0000,true,true,27.2402,0.0823597
DE,delay,steps,24.0000,7,NA,272.000,268.000,02-01,24.9967,159.344,0.624983,98.0000,true,true,27.2402,0.0823597
DE,delay,steps,24.0000,8,NA,272.000,268.000,02-01,24.9967,159.344,0.624983,98.0000,true,true,27.2402,0.0823597
DE,delay,steps,24.0000,9,NA,272.000,268.000,02-01,24.9967,159.344,0.624983,98.0000,true,true,27.2402,0.0823597
DE,delay,steps,24.0000,10,NA,272.000,268.000,02-01,24.9967,159.344,0.624983,98.0000,true,true,27.2402,0.0823597
DE,delay,steps,72.0000,1,NA,272.000,268.000,02-01,16.4389,159.671,0.582195,99.0000,true,true,27.2402,0.396520
DE,delay,steps,72.0000,2,NA,272.000,268.000,02-01,16.4389,159.671,0.582195,99.0000,true,true,27.2402,0.396520
DE,delay,steps,72.0000,3,NA,272.000,268.000,02-01,16.4389,159.671,0.582195,99.0000,true,true,27.2402,0.396520
DE,delay,steps,72.0000,4,NA,272.000,268.000,02-01,16.4389,159.671,0.582195,99.0000,true,true,27.2402,0.396520
DE,delay,steps,72.0000,5,NA,272.000,268.000,02-01,16.4389,159.671,0.582195,99.0000,true,true,27.2402,0.396520
DE,delay,steps,72.0000,6,NA,272.000,268.000,02-01,16.4389,159.671,0.582195,99.0000,true,true,27.2402,0.396520
DE,delay,steps,72.0000,7,NA,272.000,268.000,02-01,16.4389,159.671,0.582195,99.0000,true,true,27.2402,0.396520
DE,delay,steps,72.0000,8,NA,272.000,268.000,02-01,16.4389,159.671,0.582195,99.0000,true,true,27.2402,0.396520
DE,delay,steps,72.0000,9,NA,272.000,268.000,02-01,16.4389,159.671,0.582195,99.0000,true,true,27.2402,0.396520
DE,delay,steps,72.0000,10,NA,272.000,268.000,02-01,16.4389,159.671,0.582195,99.0000,true,true,27.2402,0.396520
DE,arma,horizon,1.00000,1,NA,272.000,268.000,02-01,27.2526,162.342,0.636263,100.000,true,true,27.2402,-0.000454320
DE,arma,horizon,1.00000,2,NA,272.000,268.000,02-01,27.2526,162.342,0.636263,100.000,true,true,27.2402,-0.000454320
DE,arma,horizon,1.00000,3,NA,272.000,268.000,02-01,27.2526,162.342,0.636263,100.000,true,true,27.2402,-0.000454320
DE,arma,horizon,1.00000,4,NA,272.000,268.000,02-01,27.2526,162.342,0.636263,100.000,true,true,27.2402,-0.000454320
DE,arma,horizon,1.00000,5,NA,272.000,268.000,02-01,27.2526,162.342,0.636263,100.000,true,true,27.2402,-0.000454320
DE,arma,horizon,1.00000,6,NA,272.000,268.000,02-01,27.2526,162.342,0.636263,100.000,true,true,27.2402,-0.000454320
DE,arma,horizon,1.00000,7,NA,272.000,268.000,02-01,27.2526,162.342,0.636263,100.000,true,true,27.2402,-0.000454320
DE,arma,horizon,1.00000,8,NA,272.000,268.000,02-01,27.2526,162.342,0.636263,100.000,true,true,27.2402,-0.000454320
DE,arma,horizon,1.00000,9,NA,272.000,268.000,02-01,27.2526,162.342,0.636263,100.000,true,true,27.2402,-0.000454320
DE,arma,horizon,1.00000,10,NA,272.000,268.000,02-01,27.2526,162.342,0.636263,100.000,true,true,27.2402,-0.000454320
DE,arma,horizon,3.00000,1,NA,272.000,268.000,02-01,27.1957,162.342,0.635979,100.000,true,true,27.2402,0.00163136
DE,arma,horizon,3.00000,2,NA,272.000,268.000,02-01,27.1957,162.342,0.635979,100.000,true,true,27.2402,0.00163136
DE,arma,horizon,3.00000,3,NA,272.000,268.000,02-01,27.1957,162.342,0.635979,100.000,true,true,27.2402,0.00163136
DE,arma,horizon,3.00000,4,NA,272.000,268.000,02-01,27.1957,162.342,0.635979,100.000,true,true,27.2402,0.00163136
DE,arma,horizon,3.00000,5,NA,272.000,268.000,02-01,27.1957,162.342,0.635979,100.000,true,true,27.2402,0.00163136
DE,arma,horizon,3.00000,6,NA,272.000,268.000,02-01,27.1957,162.342,0.635979,100.000,true,true,27.2402,0.00163136
DE,arma,horizon,3.00000,7,NA,272.000,268.000,02-01,27.1957,162.342,0.635979,100.000,true,true,27.2402,0.00163136
DE,arma,horizon,3.00000,8,NA,272.000,268.000,02-01,27.1957,162.342,0.635979,100.000,true,true,27.2402,0.00163136
DE,arma,horizon,3.00000,9,NA,272.000,268.000,02-01,27.1957,162.342,0.635979,100.000,true,true,27.2402,0.00163136
DE,arma,horizon,3.00000,10,NA,272.000,268.000,02-01,27.1957,162.342,0.635979,100.000,true,true,27.2402,0.00163136
DE,arma,horizon,6.00000,1,NA,272.000,268.000,02-01,27.0319,162.342,0.635160,100.000,true,true,27.2402,0.00764542
DE,arma,horizon,6.00000,2,NA,272.000,268.000,02-01,27.0319,162.342,0.635160,100.000,true,true,27.2402,0.00764542
DE,arma,horizon,6.00000,3,NA,272.000,268.000,02-01,27.0319,162.342,0.635160,100.000,true,true,27.2402,0.00764542
DE,arma,horizon,6.00000,4,NA,272.000,268.000,02-01,27.0319,162.342,0.635160,100.000,true,true,27.2402,0.00764542
DE,arma,horizon,6.00000,5,NA,272.000,268.000,02-01,27.0319,162.342,0.635160,100.000,true,true,27.2402,0.00764542
DE,arma,horizon,6.00000,6,NA,272.000,268.000,02-01,27.0319,162.342,0.635160,100.000,true,true,27.2402,0.00764542
DE,arma,horizon,6.00000,7,NA,272.000,268.000,02-01,27.0319,162.342,0.635160,100.000,true,true,27.2402,0.00764542
DE,arma,horizon,6.00000,8,NA,272.000,268.000,02-01,27.0319,162.342,0.635160,100.000,true,true,27.2402,0.00764542
DE,arma,horizon,6.00000,9,NA,272.000,268.000,02-01,27.0319,162.342,0.635160,100.000,true,true,27.2402,0.00764542
DE,arma,horizon,6.00000,10,NA,272.000,268.000,02-01,27.0319,162.342,0.635160,100.000,true,true,27.2402,0.00764542
DE,arma,horizon,12.0000,1,NA,272.000,268.000,02-01,26.4870,162.342,0.632435,100.000,true,true,27.2402,0.0276487
DE,arma,horizon,12.0000,2,NA,272.000,268.000,02-01,26.4870,162.342,0.632435,100.000,true,true,27.2402,0.0276487
DE,arma,horizon,12.0000,3,NA,272.000,268.000,02-01,26.4870,162.342,0.632435,100.000,true,true,27.2402,0.0276487
DE,arma,horizon,12.0000,4,NA,272.000,268.000,02-01,26.4870,162.342,0.632435,100.000,true,true,27.2402,0.0276487
DE,arma,horizon,12.0000,5,NA,272.000,268.000,02-01,26.4870,162.342,0.632435,100.000,true,true,27.2402,0.0276487
DE,arma,horizon,12.0000,6,NA,272.000,268.000,02-01,26.4870,162.342,0.632435,100.000,true,true,27.2402,0.0276487
DE,arma,horizon,12.0000,7,NA,272.000,268.000,02-01,26.4870,162.342,0.632435,100.000,true,true,27.2402,0.0276487
DE,arma,horizon,12.0000,8,NA,272.000,268.000,02-01,26.4870,162.342,0.632435,100.000,true,true,27.2402,0.0276487
DE,arma,horizon,12.0000,9,NA,272.000,268.000,02-01,26.4870,162.342,0.632435,100.000,true,true,27.2402,0.0276487
DE,arma,horizon,12.0000,10,NA,272.000,268.000,02-01,26.4870,162.342,0.632435,100.000,true,true,27.2402,0.0276487
DE,arma,horizon,24.0000,1,NA,272.000,268.000,02-01,24.7748,162.342,0.623874,100.000,true,true,27.2402,0.0905067
DE,arma,horizon,24.0000,2,NA,272.000,268.000,02-01,24.7748,162.342,0.623874,100.000,true,true,27.2402,0.0905067
DE,arma,horizon,24.0000,3,NA,272.000,268.000,02-01,24.7748,162.342,0.623874,100.000,true,true,27.2402,0.0905067
DE,arma,horizon,24.0000,4,NA,272.000,268.000,02-01,24.7748,162.342,0.623874,100.000,true,true,27.2402,0.0905067
DE,arma,horizon,24.0000,5,NA,272.000,268.000,02-01,24.7748,162.342,0.623874,100.000,true,true,27.2402,0.0905067
DE,arma,horizon,24.0000,6,NA,272.000,268.000,02-01,24.7748,162.342,0.623874,100.000,true,true,27.2402,0.0905067
DE,arma,horizon,24.0000,7,NA,272.000,268.000,02-01,24.7748,162.342,0.623874,100.000,true,true,27.2402,0.0905067
DE,arma,horizon,24.0000,8,NA,272.000,268.000,02-01,24.7748,162.342,0.623874,100.000,true,true,27.2402,0.0905067
DE,arma,horizon,24.0000,9,NA,272.000,268.000,02-01,24.7748,162.342,0.623874,100.000,true,true,27.2402,0.0905067
DE,arma,horizon,24.0000,10,NA,272.000,268.000,02-01,24.7748,162.342,0.623874,100.000,true,true,27.2402,0.0905067
DE,arma,horizon,72.0000,1,NA,272.000,268.000,02-01,16.2569,162.669,0.581284,101.000,true,true,27.2402,0.403203
DE,arma,horizon,72.0000,2,NA,272.000,268.000,02-01,16.2569,162.669,0.581284,101.000,true,true,27.2402,0.403203
DE,arma,horizon,72.0000,3,NA,272.000,268.000,02-01,16.2569,162.669,0.581284,101.000,true,true,27.2402,0.403203
DE,arma,horizon,72.0000,4,NA,272.000,268.000,02-01,16.2569,162.669,0.581284,101.000,true,true,27.2402,0.403203
DE,arma,horizon,72.0000,5,NA,272.000,268.000,02-01,16.2569,162.669,0.581284,101.000,true,true,27.2402,0.403203
DE,arma,horizon,72.0000,6,NA,272.000,268.000,02-01,16.2569,162.669,0.581284,101.000,true,true,27.2402,0.403203
DE,arma,horizon,72.0000,7,NA,272.000,268.000,02-01,16.2569,162.669,0.581284,101.000,true,true,27.2402,0.403203
DE,arma,horizon,72.0000,8,NA,272.000,268.000,02-01,16.2569,162.669,0.581284,101.000,true,true,27.2402,0.403203
DE,arma,horizon,72.0000,9,NA,272.000,268.000,02-01,16.2569,162.669,0.581284,101.000,true,true,27.2402,0.403203
DE,arma,horizon,72.0000,10,NA,272.000,268.000,02-01,16.2569,162.669,0.581284,101.000,true,true,27.2402,0.403203
DE,persistence,horizon,1.00000,1,NA,272.000,268.000,02-01,27.2141,162.035,0.636071,99.0000,true,true,27.2402,0.000956373
DE,persistence,horizon,1.00000,2,NA,272.000,268.000,02-01,27.2141,162.035,0.636071,99.0000,true,true,27.2402,0.000956373
DE,persistence,horizon,1.00000,3,NA,272.000,268.000,02-01,27.2141,162.035,0.636071,99.0000,true,true,27.2402,0.000956373
DE,persistence,horizon,1.00000,4,NA,272.000,268.000,02-01,27.2141,162.035,0.636071,99.0000,true,true,27.2402,0.000956373
DE,persistence,horizon,1.00000,5,NA,272.000,268.000,02-01,27.2141,162.035,0.636071,99.0000,true,true,27.2402,0.000956373
DE,persistence,horizon,1.00000,6,NA,272.000,268.000,02-01,27.2141,162.035,0.636071,99.0000,true,true,27.2402,0.000956373
DE,persistence,horizon,1.00000,7,NA,272.000,268.000,02-01,27.2141,162.035,0.636071,99.0000,true,true,27.2402,0.000956373
DE,persistence,horizon,1.00000,8,NA,272.000,268.000,02-01,27.2141,162.035,0.636071,99.0000,true,true,27.2402,0.000956373
DE,persistence,horizon,1.00000,9,NA,272.000,268.000,02-01,27.2141,162.035,0.636071,99.0000,true,true,27.2402,0.000956373
DE,persistence,horizon,1.00000,10,NA,272.000,268.000,02-01,27.2141,162.035,0.636071,99.0000,true,true,27.2402,0.000956373
DE,persistence,horizon,3.00000,1,NA,272.000,268.000,02-01,27.1550,162.035,0.635775,99.0000,true,true,27.2402,0.00312837
DE,persistence,horizon,3.00000,2,NA,272.000,268.000,02-01,27.1550,162.035,0.635775,99.0000,true,true,27.2402,0.00312837
DE,persistence,horizon,3.00000,3,NA,272.000,268.000,02-01,27.1550,162.035,0.635775,99.0000,true,true,27.2402,0.00312837
DE,persistence,horizon,3.00000,4,NA,272.000,268.000,02-01,27.1550,162.035,0.635775,99.0000,true,true,27.2402,0.00312837
DE,persistence,horizon,3.00000,5,NA,272.000,268.000,02-01,27.1550,162.035,0.635775,99.0000,true,true,27.2402,0.00312837
DE,persistence,horizon,3.00000,6,NA,272.000,268.000,02-01,27.1550,162.035,0.635775,99.0000,true,true,27.2402,0.00312837
DE,persistence,horizon,3.00000,7,NA,272.000,268.000,02-01,27.1550,162.035,0.635775,99.0000,true,true,27.2402,0.00312837
DE,persistence,horizon,3.00000,8,NA,272.000,268.000,02-01,27.1550,162.035,0.635775,99.0000,true,true,27.2402,0.00312837
DE,persistence,horizon,3.00000,9,NA,272.000,268.000,02-01,27.1550,162.035,0.635775,99.0000,true,true,27.2402,0.00312837
DE,persistence,horizon,3.00000,10,NA,272.000,268.000,02-01,27.1550,162.035,0.635775,99.0000,true,true,27.2402,0.00312837
DE,persistence,horizon,6.00000,1,NA,272.000,268.000,02-01,26.9889,162.035,0.634944,99.0000,true,true,27.2402,0.00922472
DE,persistence,horizon,6.00000,2,NA,272.000,268.000,02-01,26.9889,162.035,0.634944,99.0000,true,true,27.2402,0.00922472
DE,persistence,horizon,6.00000,3,NA,272.000,268.000,02-01,26.9889,162.035,0.634944,99.0000,true,true,27.2402,0.00922472
DE,persistence,horizon,6.00000,4,NA,272.000,268.000,02-01,26.9889,162.035,0.634944,99.0000,true,true,27.2402,0.00922472
DE,persistence,horizon,6.00000,5,NA,272.000,268.000,02-01,26.9889,162.035,0.634944,99.0000,true,true,27.2402,0.00922472
DE,persistence,horizon,6.00000,6,NA,272.000,268.000,02-01,26.9889,162.035,0.634944,99.0000,true,true,27.2402,0.00922472
DE,persistence,horizon,6.00000,7,NA,272.000,268.000,02-01,26.9889,162.035,0.634944,99.0000,true,true,27.2402,0.00922472
DE,persistence,horizon,6.00000,8,NA,272.000,268.000,02-01,26.9889,162.035,0.634944,99.0000,true,true,27.2402,0.00922472
DE,persistence,horizon,6.00000,9,NA,272.000,268.000,02-01,26.9889,162.035,0.634944,99.0000,true,true,27.2402,0.00922472
DE,persistence,horizon,6.00000,10,NA,272.000,268.000,02-01,26.9889,162.035,0.634944,99.0000,true,true,27.2402,0.00922472
DE,persistence,horizon,12.0000,1,NA,272.000,268.000,02-01,26.4386,162.035,0.632193,99.0000,true,true,27.2402,0.0294269
DE,persistence,horizon,12.0000,2,NA,272.000,268.000,02-01,26.4386,162.035,0.632193,99.0000,true,true,27.2402,0.0294269
DE,persistence,horizon,12.0000,3,NA,272.000,268.000,02-01,26.4386,162.035,0.632193,99.0000,true,true,27.2402,0.0294269
DE,persistence,horizon,12.0000,4,NA,272.000,268.000,02-01,26.4386,162.035,0.632193,99.0000,true,true,27.2402,0.0294269
DE,persistence,horizon,12.0000,5,NA,272.000,268.000,02-01,26.4386,162.035,0.632193,99.0000,true,true,27.2402,0.0294269
DE,persistence,horizon,12.0000,6,NA,272.000,268.000,02-01,26.4386,162.035,0.632193,99.0000,true,true,27.2402,0.0294269
DE,persistence,horizon,12.0000,7,NA,272.000,268.000,02-01,26.4386,162.035,0.632193,99.0000,true,true,27.2402,0.0294269
DE,persistence,horizon,12.0000,8,NA,272.000,268.000,02-01,26.4386,162.035,0.632193,99.0000,true,true,27.2402,0.0294269
DE,persistence,horizon,12.0000,9,NA,272.000,268.000,02-01,26.4386,162.035,0.632193,99.0000,true,true,27.2402,0.0294269
DE,persistence,horizon,12.0000,10,NA,272.000,268.000,02-01,26.4386,162.035,0.632193,99.0000,true,true,27.2402,0.0294269
DE,persistence,horizon,24.0000,1,NA,272.000,268.000,02-01,24.9967,159.344,0.624983,98.0000,true,true,27.2402,0.0823597
DE,persistence,horizon,24.0000,2,NA,272.000,268.000,02-01,24.9967,159.344,0.624983,98.0000,true,true,27.2402,0.0823597
DE,persistence,horizon,24.0000,3,NA,272.000,268.000,02-01,24.9967,159.344,0.624983,98.0000,true,true,27.2402,0.0823597
DE,persistence,horizon,24.0000,4,NA,272.000,268.000,02-01,24.9967,159.344,0.624983,98.0000,true,true,27.2402,0.0823597
DE,persistence,horizon,24.0000,5,NA,272.000,268.000,02-01,24.9967,159.344,0.624983,98.0000,true,true,27.2402,0.0823597
DE,persistence,horizon,24.0000,6,NA,272.000,268.000,02-01,24.9967,159.344,0.624983,98.0000,true,true,27.2402,0.0823597
DE,persistence,horizon,24.0000,7,NA,272.000,268.000,02-01,24.9967,159.344,0.624983,98.0000,true,true,27.2402,0.0823597
DE,persistence,horizon,24.0000,8,NA,272.000,268.000,02-01,24.9967,159.344,0.624983,98.0000,true,true,27.2402,0.0823597
DE,persistence,horizon,24.0000,9,NA,272.000,268.000,02-01,24.9967,159.344,0.624983,98.0000,true,true,27.2402,0.0823597
DE,persistence,horizon,24.0000,10,NA,272.000,268.000,02-01,24.9967,159.344,0.624983,98.0000,true,true,27.2402,0.0823597
DE,persistence,horizon,72.0000,1,NA,272.000,268.000,02-01,16.4389,159.671,0.582195,99.0000,true,true,27.2402,0.396520
DE,persistence,horizon,72.0000,2,NA,272.000,268.000,02-01,16.4389,159.671,0.582195,99.0000,true,true,27.2402,0.396520
DE,persistence,horizon,72.0000,3,NA,272.000,268.000,02-01,16.4389,159.671,0.582195,99.0000,true,true,27.2402,0.396520
DE,persistence,horizon,72.0000,4,NA,272.000,268.000,02-01,16.4389,159.671,0.582195,99.0000,true,true,27.2402,0.396520
DE,persistence,horizon,72.0000,5,NA,272.000,268.000,02-01,16.4389,159.671,0.582195,99.0000,true,true,27.2402,0.396520
DE,persistence,horizon,72.0000,6,NA,272.000,268.000,02-01,16.4389,159.671,0.582195,99.0000,true,true,27.2402,0.396520
DE,persistence,horizon,72.0000,7,NA,272.000,268.000,02-01,16.4389,159.671,0.582195,99.0000,true,true,27.2402,0.396520
DE,persistence,horizon,72.0000,8,NA,272.000,268.000,02-01,16.4389,159.671,0.582195,99.0000,true,true,27.2402,0.396520
DE,persistence,horizon,72.0000,9,NA,272.000,268.000,02-01,16.4389,159.671,0.582195,99.0000,true,true,27.2402,0.396520
DE,persistence,horizon,72.0000,10,NA,272.000,268.000,02-01,16.4389,159.671,0.582195,99.0000,true,true,27.2402,0.396520
IT,additive,level,0.00000,1,0.00000,246.000,231.000,01-14,19.4228,140.842,0.597114,81.0000,true,true,19.4228,0.00000
IT,additive,level,0.00000,2,0.00000,246.000,231.000,01-14,19.4228,140.842,0.597114,81.0000,true,true,19.4228,0.00000
IT,additive,level,0.00000,3,0.00000,246.000,231.000,01-14,19.4228,140.842,0.597114,81.0000,true,true,19.4228,0.00000
IT,additive,level,0.00000,4,0.00000,246.000,231.000,01-14,19.4228,140.842,0.597114,81.0000,true,true,19.4228,0.00000
IT,additive,level,0.00000,5,0.00000,246.000,231.000,01-14,19.4228,140.842,0.597114,81.0000,true,true,19.4228,0.00000
IT,additive,level,0.250000,1,1.10515,246.000,231.000,01-14,19.3518,140.195,0.596759,90.0000,true,true,19.4228,0.00365859
IT,additive,level,0.250000,2,1.10515,246.000,231.000,01-14,19.3513,140.189,0.596756,88.0000,true,true,19.4228,0.00368397
IT,additive,level,0.250000,3,1.10515,246.000,231.000,01-14,19.4178,140.695,0.597089,89.0000,true,true,19.4228,0.000261114
IT,additive,level,0.250000,4,1.10515,246.000,231.000,01-14,19.3697,140.490,0.596848,90.0000,true,true,19.4228,0.00273755
IT,additive,level,0.250000,5,1.10515,246.000,231.000,01-14,19.3596,140.420,0.596798,89.0000,true,true,19.4228,0.00325666
IT,additive,level,0.500000,1,2.21030,246.000,231.000,01-14,19.3725,140.324,0.596862,94.0000,true,true,19.4228,0.00259256
IT,additive,level,0.500000,2,2.21030,246.000,231.000,01-14,19.3864,140.522,0.596932,94.0000,true,true,19.4228,0.00187524
IT,additive,level,0.500000,3,2.21030,246.000,231.000,01-14,19.3604,140.112,0.596802,97.0000,true,true,19.4228,0.00321385
IT,additive,level,0.500000,4,2.21030,246.000,231.000,01-14,19.4288,140.721,0.597144,96.0000,true,true,19.4228,-0.000306382
IT,additive,level,0.500000,5,2.21030,246.000,231.000,01-14,19.3391,139.958,0.596696,97.0000,true,true,19.4228,0.00431006
IT,additive,level,1.00000,1,4.42060,246.000,231.000,01-14,19.3430,140.183,0.596715,118.000,true,true,19.4228,0.00410829
IT,additive,level,1.00000,2,4.42060,246.000,231.000,01-14,19.2917,139.766,0.596459,122.000,true,true,19.4228,0.00674917
IT,additive,level,1.00000,3,4.42060,246.000,231.000,01-14,19.3359,139.350,0.596680,113.000,true,true,19.4228,0.00447522
IT,additive,level,1.00000,4,4.42060,246.000,231.000,01-14,19.2976,139.465,0.596488,124.000,true,true,19.4228,0.00644657
IT,additive,level,1.00000,5,4.42060,246.000,231.000,01-14,19.2866,139.177,0.596433,125.000,true,true,19.4228,0.00701370
IT,additive,level,2.00000,1,8.84121,246.000,231.000,01-14,18.5036,139.792,0.592518,422.000,true,true,19.4228,0.0473269
IT,additive,level,2.00000,2,8.84121,246.000,231.000,01-14,18.5301,139.696,0.592651,411.000,true,true,19.4228,0.0459615
IT,additive,level,2.00000,3,8.84121,246.000,231.000,01-14,18.5343,139.343,0.592672,413.000,true,true,19.4228,0.0457463
IT,additive,level,2.00000,4,8.84121,246.000,231.000,01-14,18.5336,139.138,0.592668,408.000,true,true,19.4228,0.0457813
IT,additive,level,2.00000,5,8.84121,246.000,231.000,01-14,18.3534,138.690,0.591767,425.000,true,true,19.4228,0.0550599
IT,additive,level,4.00000,1,17.6824,246.000,231.000,01-14,15.6851,138.536,0.578426,1339.00,true,true,19.4228,0.192438
IT,additive,level,4.00000,2,17.6824,246.000,231.000,01-14,15.7589,138.683,0.578795,1332.00,true,true,19.4228,0.188639
IT,additive,level,4.00000,3,17.6824,246.000,231.000,01-14,15.6072,138.530,0.578036,1373.00,true,true,19.4228,0.196450
IT,additive,level,4.00000,4,17.6824,246.000,231.000,01-14,15.6086,138.632,0.578043,1380.00,true,true,19.4228,0.196378
IT,additive,level,4.00000,5,17.6824,246.000,231.000,01-14,15.6242,138.190,0.578121,1357.00,true,true,19.4228,0.195578
IT,multiplicative,level,0.00000,1,0.00000,246.000,231.000,01-14,19.4228,140.842,0.597114,81.0000,true,true,19.4228,0.00000
IT,multiplicative,level,0.00000,2,0.00000,246.000,231.000,01-14,19.4228,140.842,0.597114,81.0000,true,true,19.4228,0.00000
IT,multiplicative,level,0.00000,3,0.00000,246.000,231.000,01-14,19.4228,140.842,0.597114,81.0000,true,true,19.4228,0.00000
IT,multiplicative,level,0.00000,4,0.00000,246.000,231.000,01-14,19.4228,140.842,0.597114,81.0000,true,true,19.4228,0.00000
IT,multiplicative,level,0.00000,5,0.00000,246.000,231.000,01-14,19.4228,140.842,0.597114,81.0000,true,true,19.4228,0.00000
IT,multiplicative,level,0.250000,1,0.00339388,246.000,231.000,01-14,19.3641,140.496,0.596820,88.0000,true,true,19.4228,0.00302417
IT,multiplicative,level,0.250000,2,0.00339388,246.000,231.000,01-14,19.3489,140.144,0.596745,85.0000,true,true,19.4228,0.00380489
IT,multiplicative,level,0.250000,3,0.00339388,246.000,231.000,01-14,19.3591,140.362,0.596796,85.0000,true,true,19.4228,0.00327974
IT,multiplicative,level,0.250000,4,0.00339388,246.000,231.000,01-14,19.4846,141.073,0.597423,87.0000,true,true,19.4228,-0.00318190
IT,multiplicative,level,0.250000,5,0.00339388,246.000,231.000,01-14,19.3658,140.445,0.596829,86.0000,true,true,19.4228,0.00293496
IT,multiplicative,level,0.500000,1,0.00678775,246.000,231.000,01-14,19.3517,140.035,0.596759,91.0000,true,true,19.4228,0.00366074
IT,multiplicative,level,0.500000,2,0.00678775,246.000,231.000,01-14,19.3702,140.439,0.596851,92.0000,true,true,19.4228,0.00270895
IT,multiplicative,level,0.500000,3,0.00678775,246.000,231.000,01-14,19.4365,140.740,0.597183,92.0000,true,true,19.4228,-0.000705761
IT,multiplicative,level,0.500000,4,0.00678775,246.000,231.000,01-14,19.4756,140.945,0.597378,93.0000,true,true,19.4228,-0.00271631
IT,multiplicative,level,0.500000,5,0.00678775,246.000,231.000,01-14,19.3518,140.324,0.596759,94.0000,true,true,19.4228,0.00365848
IT,multiplicative,level,1.00000,1,0.0135755,246.000,231.000,01-14,19.3714,140.259,0.596857,102.000,true,true,19.4228,0.00264957
IT,multiplicative,level,1.00000,2,0.0135755,246.000,231.000,01-14,19.3594,140.067,0.596797,101.000,true,true,19.4228,0.00326617
IT,multiplicative,level,1.00000,3,0.0135755,246.000,231.000,01-14,19.4053,140.567,0.597026,101.000,true,true,19.4228,0.000903570
IT,multiplicative,level,1.00000,4,0.0135755,246.000,231.000,01-14,19.3680,140.356,0.596840,103.000,true,true,19.4228,0.00282151
IT,multiplicative,level,1.00000,5,0.0135755,246.000,231.000,01-14,19.3752,140.394,0.596876,101.000,true,true,19.4228,0.00245424
IT,multiplicative,level,2.00000,1,0.0271510,246.000,231.000,01-14,19.0409,139.734,0.595205,221.000,true,true,19.4228,0.0196633
IT,multiplicative,level,2.00000,2,0.0271510,246.000,231.000,01-14,19.0876,139.273,0.595438,208.000,true,true,19.4228,0.0172586
IT,multiplicative,level,2.00000,3,0.0271510,246.000,231.000,01-14,19.0075,139.709,0.595038,231.000,true,true,19.4228,0.0213815
IT,multiplicative,level,2.00000,4,0.0271510,246.000,231.000,01-14,19.0242,139.433,0.595121,231.000,true,true,19.4228,0.0205237
IT,multiplicative,level,2.00000,5,0.0271510,246.000,231.000,01-14,19.0215,139.587,0.595108,228.000,true,true,19.4228,0.0206610
IT,multiplicative,level,4.00000,1,0.0543020,246.000,231.000,01-14,17.3566,139.170,0.586783,832.000,true,true,19.4228,0.106382
IT,multiplicative,level,4.00000,2,0.0543020,246.000,231.000,01-14,17.3880,139.273,0.586940,826.000,true,true,19.4228,0.104765
IT,multiplicative,level,4.00000,3,0.0543020,246.000,231.000,01-14,17.0891,138.504,0.585446,863.000,true,true,19.4228,0.120152
IT,multiplicative,level,4.00000,4,0.0543020,246.000,231.000,01-14,17.3153,138.959,0.586576,828.000,true,true,19.4228,0.108510
IT,multiplicative,level,4.00000,5,0.0543020,246.000,231.000,01-14,17.1674,138.478,0.585837,836.000,true,true,19.4228,0.116125
IT,delay,steps,1.00000,1,NA,246.000,231.000,01-14,19.3661,140.849,0.596830,81.0000,true,true,19.4228,0.00292107
IT,delay,steps,1.00000,2,NA,246.000,231.000,01-14,19.3661,140.849,0.596830,81.0000,true,true,19.4228,0.00292107
IT,delay,steps,1.00000,3,NA,246.000,231.000,01-14,19.3661,140.849,0.596830,81.0000,true,true,19.4228,0.00292107
IT,delay,steps,1.00000,4,NA,246.000,231.000,01-14,19.3661,140.849,0.596830,81.0000,true,true,19.4228,0.00292107
IT,delay,steps,1.00000,5,NA,246.000,231.000,01-14,19.3661,140.849,0.596830,81.0000,true,true,19.4228,0.00292107
IT,delay,steps,3.00000,1,NA,246.000,231.000,01-14,19.2525,140.862,0.596263,81.0000,true,true,19.4228,0.00876783
IT,delay,steps,3.00000,2,NA,246.000,231.000,01-14,19.2525,140.862,0.596263,81.0000,true,true,19.4228,0.00876783
IT,delay,steps,3.00000,3,NA,246.000,231.000,01-14,19.2525,140.862,0.596263,81.0000,true,true,19.4228,0.00876783
IT,delay,steps,3.00000,4,NA,246.000,231.000,01-14,19.2525,140.862,0.596263,81.0000,true,true,19.4228,0.00876783
IT,delay,steps,3.00000,5,NA,246.000,231.000,01-14,19.2525,140.862,0.596263,81.0000,true,true,19.4228,0.00876783
IT,delay,steps,6.00000,1,NA,246.000,231.000,01-14,19.0815,140.881,0.595407,81.0000,true,true,19.4228,0.0175744
IT,delay,steps,6.00000,2,NA,246.000,231.000,01-14,19.0815,140.881,0.595407,81.0000,true,true,19.4228,0.0175744
IT,delay,steps,6.00000,3,NA,246.000,231.000,01-14,19.0815,140.881,0.595407,81.0000,true,true,19.4228,0.0175744
IT,delay,steps,6.00000,4,NA,246.000,231.000,01-14,19.0815,140.881,0.595407,81.0000,true,true,19.4228,0.0175744
IT,delay,steps,6.00000,5,NA,246.000,231.000,01-14,19.0815,140.881,0.595407,81.0000,true,true,19.4228,0.0175744
IT,delay,steps,12.0000,1,NA,246.000,231.000,01-14,18.7251,140.919,0.593626,81.0000,true,true,19.4228,0.0359233
IT,delay,steps,12.0000,2,NA,246.000,231.000,01-14,18.7251,140.919,0.593626,81.0000,true,true,19.4228,0.0359233
IT,delay,steps,12.0000,3,NA,246.000,231.000,01-14,18.7251,140.919,0.593626,81.0000,true,true,19.4228,0.0359233
IT,delay,steps,12.0000,4,NA,246.000,231.000,01-14,18.7251,140.919,0.593626,81.0000,true,true,19.4228,0.0359233
IT,delay,steps,12.0000,5,NA,246.000,231.000,01-14,18.7251,140.919,0.593626,81.0000,true,true,19.4228,0.0359233
IT,delay,steps,24.0000,1,NA,246.000,231.000,01-14,17.5355,140.996,0.587677,81.0000,true,true,19.4228,0.0971721
IT,delay,steps,24.0000,2,NA,246.000,231.000,01-14,17.5355,140.996,0.587677,81.0000,true,true,19.4228,0.0971721
IT,delay,steps,24.0000,3,NA,246.000,231.000,01-14,17.5355,140.996,0.587677,81.0000,true,true,19.4228,0.0971721
IT,delay,steps,24.0000,4,NA,246.000,231.000,01-14,17.5355,140.996,0.587677,81.0000,true,true,19.4228,0.0971721
IT,delay,steps,24.0000,5,NA,246.000,231.000,01-14,17.5355,140.996,0.587677,81.0000,true,true,19.4228,0.0971721
IT,delay,steps,72.0000,1,NA,246.000,231.000,01-14,12.4153,141.304,0.562077,81.0000,true,true,19.4228,0.360787
IT,delay,steps,72.0000,2,NA,246.000,231.000,01-14,12.4153,141.304,0.562077,81.0000,true,true,19.4228,0.360787
IT,delay,steps,72.0000,3,NA,246.000,231.000,01-14,12.4153,141.304,0.562077,81.0000,true,true,19.4228,0.360787
IT,delay,steps,72.0000,4,NA,246.000,231.000,01-14,12.4153,141.304,0.562077,81.0000,true,true,19.4228,0.360787
IT,delay,steps,72.0000,5,NA,246.000,231.000,01-14,12.4153,141.304,0.562077,81.0000,true,true,19.4228,0.360787
IT,arma,horizon,1.00000,1,NA,246.000,231.000,01-14,19.3694,141.656,0.596847,82.0000,true,true,19.4228,0.00274997
IT,arma,horizon,1.00000,2,NA,246.000,231.000,01-14,19.3694,141.656,0.596847,82.0000,true,true,19.4228,0.00274997
IT,arma,horizon,1.00000,3,NA,246.000,231.000,01-14,19.3694,141.656,0.596847,82.0000,true,true,19.4228,0.00274997
IT,arma,horizon,1.00000,4,NA,246.000,231.000,01-14,19.3694,141.656,0.596847,82.0000,true,true,19.4228,0.00274997
IT,arma,horizon,1.00000,5,NA,246.000,231.000,01-14,19.3694,141.656,0.596847,82.0000,true,true,19.4228,0.00274997
IT,arma,horizon,3.00000,1,NA,246.000,231.000,01-14,19.2527,141.669,0.596263,82.0000,true,true,19.4228,0.00876077
IT,arma,horizon,3.00000,2,NA,246.000,231.000,01-14,19.2527,141.669,0.596263,82.0000,true,true,19.4228,0.00876077
IT,arma,horizon,3.00000,3,NA,246.000,231.000,01-14,19.2527,141.669,0.596263,82.0000,true,true,19.4228,0.00876077
IT,arma,horizon,3.00000,4,NA,246.000,231.000,01-14,19.2527,141.669,0.596263,82.0000,true,true,19.4228,0.00876077
IT,arma,horizon,3.00000,5,NA,246.000,231.000,01-14,19.2527,141.669,0.596263,82.0000,true,true,19.4228,0.00876077
IT,arma,horizon,6.00000,1,NA,246.000,231.000,01-14,19.0773,141.688,0.595386,82.0000,true,true,19.4228,0.0177913
IT,arma,horizon,6.00000,2,NA,246.000,231.000,01-14,19.0773,141.688,0.595386,82.0000,true,true,19.4228,0.0177913
IT,arma,horizon,6.00000,3,NA,246.000,231.000,01-14,19.0773,141.688,0.595386,82.0000,true,true,19.4228,0.0177913
IT,arma,horizon,6.00000,4,NA,246.000,231.000,01-14,19.0773,141.688,0.595386,82.0000,true,true,19.4228,0.0177913
IT,arma,horizon,6.00000,5,NA,246.000,231.000,01-14,19.0773,141.688,0.595386,82.0000,true,true,19.4228,0.0177913
IT,arma,horizon,12.0000,1,NA,246.000,231.000,01-14,18.7132,141.727,0.593566,82.0000,true,true,19.4228,0.0365383
IT,arma,horizon,12.0000,2,NA,246.000,231.000,01-14,18.7132,141.727,0.593566,82.0000,true,true,19.4228,0.0365383
IT,arma,horizon,12.0000,3,NA,246.000,231.000,01-14,18.7132,141.727,0.593566,82.0000,true,true,19.4228,0.0365383
IT,arma,horizon,12.0000,4,NA,246.000,231.000,01-14,18.7132,141.727,0.593566,82.0000,true,true,19.4228,0.0365383
IT,arma,horizon,12.0000,5,NA,246.000,231.000,01-14,18.7132,141.727,0.593566,82.0000,true,true,19.4228,0.0365383
IT,arma,horizon,24.0000,1,NA,246.000,231.000,01-14,17.4982,141.803,0.587491,82.0000,true,true,19.4228,0.0990937
IT,arma,horizon,24.0000,2,NA,246.000,231.000,01-14,17.4982,141.803,0.587491,82.0000,true,true,19.4228,0.0990937
IT,arma,horizon,24.0000,3,NA,246.000,231.000,01-14,17.4982,141.803,0.587491,82.0000,true,true,19.4228,0.0990937
IT,arma,horizon,24.0000,4,NA,246.000,231.000,01-14,17.4982,141.803,0.587491,82.0000,true,true,19.4228,0.0990937
IT,arma,horizon,24.0000,5,NA,246.000,231.000,01-14,17.4982,141.803,0.587491,82.0000,true,true,19.4228,0.0990937
IT,arma,horizon,72.0000,1,NA,246.000,231.000,01-14,12.3120,142.111,0.561560,82.0000,true,true,19.4228,0.366108
IT,arma,horizon,72.0000,2,NA,246.000,231.000,01-14,12.3120,142.111,0.561560,82.0000,true,true,19.4228,0.366108
IT,arma,horizon,72.0000,3,NA,246.000,231.000,01-14,12.3120,142.111,0.561560,82.0000,true,true,19.4228,0.366108
IT,arma,horizon,72.0000,4,NA,246.000,231.000,01-14,12.3120,142.111,0.561560,82.0000,true,true,19.4228,0.366108
IT,arma,horizon,72.0000,5,NA,246.000,231.000,01-14,12.3120,142.111,0.561560,82.0000,true,true,19.4228,0.366108
IT,persistence,horizon,1.00000,1,NA,246.000,231.000,01-14,19.3661,140.849,0.596830,81.0000,true,true,19.4228,0.00292107
IT,persistence,horizon,1.00000,2,NA,246.000,231.000,01-14,19.3661,140.849,0.596830,81.0000,true,true,19.4228,0.00292107
IT,persistence,horizon,1.00000,3,NA,246.000,231.000,01-14,19.3661,140.849,0.596830,81.0000,true,true,19.4228,0.00292107
IT,persistence,horizon,1.00000,4,NA,246.000,231.000,01-14,19.3661,140.849,0.596830,81.0000,true,true,19.4228,0.00292107
IT,persistence,horizon,1.00000,5,NA,246.000,231.000,01-14,19.3661,140.849,0.596830,81.0000,true,true,19.4228,0.00292107
IT,persistence,horizon,3.00000,1,NA,246.000,231.000,01-14,19.2525,140.862,0.596263,81.0000,true,true,19.4228,0.00876783
IT,persistence,horizon,3.00000,2,NA,246.000,231.000,01-14,19.2525,140.862,0.596263,81.0000,true,true,19.4228,0.00876783
IT,persistence,horizon,3.00000,3,NA,246.000,231.000,01-14,19.2525,140.862,0.596263,81.0000,true,true,19.4228,0.00876783
IT,persistence,horizon,3.00000,4,NA,246.000,231.000,01-14,19.2525,140.862,0.596263,81.0000,true,true,19.4228,0.00876783
IT,persistence,horizon,3.00000,5,NA,246.000,231.000,01-14,19.2525,140.862,0.596263,81.0000,true,true,19.4228,0.00876783
IT,persistence,horizon,6.00000,1,NA,246.000,231.000,01-14,19.0815,140.881,0.595407,81.0000,true,true,19.4228,0.0175744
IT,persistence,horizon,6.00000,2,NA,246.000,231.000,01-14,19.0815,140.881,0.595407,81.0000,true,true,19.4228,0.0175744
IT,persistence,horizon,6.00000,3,NA,246.000,231.000,01-14,19.0815,140.881,0.595407,81.0000,true,true,19.4228,0.0175744
IT,persistence,horizon,6.00000,4,NA,246.000,231.000,01-14,19.0815,140.881,0.595407,81.0000,true,true,19.4228,0.0175744
IT,persistence,horizon,6.00000,5,NA,246.000,231.000,01-14,19.0815,140.881,0.595407,81.0000,true,true,19.4228,0.0175744
IT,persistence,horizon,12.0000,1,NA,246.000,231.000,01-14,18.7251,140.919,0.593626,81.0000,true,true,19.4228,0.0359233
IT,persistence,horizon,12.0000,2,NA,246.000,231.000,01-14,18.7251,140.919,0.593626,81.0000,true,true,19.4228,0.0359233
IT,persistence,horizon,12.0000,3,NA,246.000,231.000,01-14,18.7251,140.919,0.593626,81.0000,true,true,19.4228,0.0359233
IT,persistence,horizon,12.0000,4,NA,246.000,231.000,01-14,18.7251,140.919,0.593626,81.0000,true,true,19.4228,0.0359233
IT,persistence,horizon,12.0000,5,NA,246.000,231.000,01-14,18.7251,140.919,0.593626,81.0000,true,true,19.4228,0.0359233
IT,persistence,horizon,24.0000,1,NA,246.000,231.000,01-14,17.5355,140.996,0.587677,81.0000,true,true,19.4228,0.0971721
IT,persistence,horizon,24.0000,2,NA,246.000,231.000,01-14,17.5355,140.996,0.587677,81.0000,true,true,19.4228,0.0971721
IT,persistence,horizon,24.0000,3,NA,246.000,231.000,01-14,17.5355,140.996,0.587677,81.0000,true,true,19.4228,0.0971721
IT,persistence,horizon,24.0000,4,NA,246.000,231.000,01-14,17.5355,140.996,0.587677,81.0000,true,true,19.4228,0.0971721
IT,persistence,horizon,24.0000,5,NA,246.000,231.000,01-14,17.5355,140.996,0.587677,81.0000,true,true,19.4228,0.0971721
IT,persistence,horizon,72.0000,1,NA,246.000,231.000,01-14,12.4153,141.304,0.562077,81.0000,true,true,19.4228,0.360787
IT,persistence,horizon,72.0000,2,NA,246.000,231.000,01-14,12.4153,141.304,0.562077,81.0000,true,true,19.4228,0.360787
IT,persistence,horizon,72.0000,3,NA,246.000,231.000,01-14,12.4153,141.304,0.562077,81.0000,true,true,19.4228,0.360787
IT,persistence,horizon,72.0000,4,NA,246.000,231.000,01-14,12.4153,141.304,0.562077,81.0000,true,true,19.4228,0.360787
IT,persistence,horizon,72.0000,5,NA,246.000,231.000,01-14,12.4153,141.304,0.562077,81.0000,true,true,19.4228,0.360787
SE,additive,level,0.00000,1,0.00000,19.0000,18.0000,04-22,19.8229,100.963,0.599115,85.0000,true,true,19.8229,0.00000
SE,additive,level,0.00000,2,0.00000,19.0000,18.0000,04-22,19.8229,100.963,0.599115,85.0000,true,true,19.8229,0.00000
SE,additive,level,0.00000,3,0.00000,19.0000,18.0000,04-22,19.8229,100.963,0.599115,85.0000,true,true,19.8229,0.00000
SE,additive,level,0.00000,4,0.00000,19.0000,18.0000,04-22,19.8229,100.963,0.599115,85.0000,true,true,19.8229,0.00000
SE,additive,level,0.00000,5,0.00000,19.0000,18.0000,04-22,19.8229,100.963,0.599115,85.0000,true,true,19.8229,0.00000
SE,additive,level,0.250000,1,0.193410,19.0000,18.0000,04-22,19.8474,98.5666,0.599237,114.000,true,true,19.8229,-0.00123409
SE,additive,level,0.250000,2,0.193410,19.0000,18.0000,04-22,19.8573,98.2975,0.599286,114.000,true,true,19.8229,-0.00173452
SE,additive,level,0.250000,3,0.193410,19.0000,18.0000,04-22,19.8549,98.3808,0.599274,113.000,true,true,19.8229,-0.00161225
SE,additive,level,0.250000,4,0.193410,19.0000,18.0000,04-22,19.8537,98.3103,0.599269,113.000,true,true,19.8229,-0.00155521
SE,additive,level,0.250000,5,0.193410,19.0000,18.0000,04-22,19.8621,98.1822,0.599310,113.000,true,true,19.8229,-0.00197612
SE,additive,level,0.500000,1,0.386821,19.0000,18.0000,04-22,19.7750,98.4961,0.598875,141.000,true,true,19.8229,0.00241441
SE,additive,level,0.500000,2,0.386821,19.0000,18.0000,04-22,19.7866,98.5025,0.598933,139.000,true,true,19.8229,0.00183335
SE,additive,level,0.500000,3,0.386821,19.0000,18.0000,04-22,19.7762,98.5217,0.598881,143.000,true,true,19.8229,0.00235654
SE,additive,level,0.500000,4,0.386821,19.0000,18.0000,04-22,19.7805,98.3808,0.598902,140.000,true,true,19.8229,0.00214057
SE,additive,level,0.500000,5,0.386821,19.0000,18.0000,04-22,19.8014,98.2142,0.599007,136.000,true,true,19.8229,0.00108594
SE,additive,level,1.00000,1,0.773642,19.0000,18.0000,04-22,18.7762,99.3930,0.593881,575.000,true,true,19.8229,0.0528029
SE,additive,level,1.00000,2,0.773642,19.0000,18.0000,04-22,18.8605,99.4891,0.594303,554.000,true,true,19.8229,0.0485482
SE,additive,level,1.00000,3,0.773642,19.0000,18.0000,04-22,18.8917,99.8543,0.594458,557.000,true,true,19.8229,0.0469765
SE,additive,level,1.00000,4,0.773642,19.0000,18.0000,04-22,18.6443,99.0791,0.593222,608.000,true,true,19.8229,0.0594553
SE,additive,level,1.00000,5,0.773642,19.0000,18.0000,04-22,18.8067,99.4571,0.594033,567.000,true,true,19.8229,0.0512646
SE,additive,level,2.00000,1,1.54728,19.0000,18.0000,04-22,16.0440,101.635,0.580220,1630.00,true,true,19.8229,0.190632
SE,additive,level,2.00000,2,1.54728,19.0000,18.0000,04-22,16.0890,102.833,0.580445,1628.00,true,true,19.8229,0.188365
SE,additive,level,2.00000,3,1.54728,19.0000,18.0000,04-22,15.9692,102.436,0.579846,1649.00,true,true,19.8229,0.194409
SE,additive,level,2.00000,4,1.54728,19.0000,18.0000,04-22,15.9773,102.801,0.579886,1671.00,true,true,19.8229,0.194000
SE,additive,level,2.00000,5,1.54728,19.0000,18.0000,04-22,16.0032,103.250,0.580016,1658.00,true,true,19.8229,0.192690
SE,additive,level,4.00000,1,3.09457,19.0000,18.0000,04-22,10.3576,110.816,0.551788,3607.00,true,true,19.8229,0.477495
SE,additive,level,4.00000,2,3.09457,19.0000,18.0000,04-22,10.3438,112.366,0.551719,3613.00,true,true,19.8229,0.478192
SE,additive,level,4.00000,3,3.09457,19.0000,18.0000,04-22,10.2000,110.918,0.551000,3652.00,true,true,19.8229,0.485446
SE,additive,level,4.00000,4,3.09457,19.0000,18.0000,04-22,10.2325,111.424,0.551163,3631.00,true,true,19.8229,0.483802
SE,additive,level,4.00000,5,3.09457,19.0000,18.0000,04-22,10.3235,111.687,0.551618,3587.00,true,true,19.8229,0.479212
SE,multiplicative,level,0.00000,1,0.00000,19.0000,18.0000,04-22,19.8229,100.963,0.599115,85.0000,true,true,19.8229,0.00000
SE,multiplicative,level,0.00000,2,0.00000,19.0000,18.0000,04-22,19.8229,100.963,0.599115,85.0000,true,true,19.8229,0.00000
SE,multiplicative,level,0.00000,3,0.00000,19.0000,18.0000,04-22,19.8229,100.963,0.599115,85.0000,true,true,19.8229,0.00000
SE,multiplicative,level,0.00000,4,0.00000,19.0000,18.0000,04-22,19.8229,100.963,0.599115,85.0000,true,true,19.8229,0.00000
SE,multiplicative,level,0.00000,5,0.00000,19.0000,18.0000,04-22,19.8229,100.963,0.599115,85.0000,true,true,19.8229,0.00000
SE,multiplicative,level,0.250000,1,0.00825007,19.0000,18.0000,04-22,19.8474,98.5666,0.599237,114.000,true,true,19.8229,-0.00123409
SE,multiplicative,level,0.250000,2,0.00825007,19.0000,18.0000,04-22,19.8573,98.2975,0.599286,114.000,true,true,19.8229,-0.00173452
SE,multiplicative,level,0.250000,3,0.00825007,19.0000,18.0000,04-22,19.8549,98.3808,0.599274,113.000,true,true,19.8229,-0.00161225
SE,multiplicative,level,0.250000,4,0.00825007,19.0000,18.0000,04-22,19.8537,98.3103,0.599269,113.000,true,true,19.8229,-0.00155521
SE,multiplicative,level,0.250000,5,0.00825007,19.0000,18.0000,04-22,19.8621,98.1822,0.599310,113.000,true,true,19.8229,-0.00197612
SE,multiplicative,level,0.500000,1,0.0165001,19.0000,18.0000,04-22,19.8446,98.5602,0.599223,115.000,true,true,19.8229,-0.00109369
SE,multiplicative,level,0.500000,2,0.0165001,19.0000,18.0000,04-22,19.8487,98.3231,0.599244,117.000,true,true,19.8229,-0.00130353
SE,multiplicative,level,0.500000,3,0.0165001,19.0000,18.0000,04-22,19.8517,98.3936,0.599259,114.000,true,true,19.8229,-0.00145413
SE,multiplicative,level,0.500000,4,0.0165001,19.0000,18.0000,04-22,19.8514,98.3039,0.599257,114.000,true,true,19.8229,-0.00143656
SE,multiplicative,level,0.500000,5,0.0165001,19.0000,18.0000,04-22,19.8573,98.1758,0.599287,115.000,true,true,19.8229,-0.00173624
SE,multiplicative,level,1.00000,1,0.0330003,19.0000,18.0000,04-22,19.2703,98.7716,0.596352,346.000,true,true,19.8229,0.0278748
SE,multiplicative,level,1.00000,2,0.0330003,19.0000,18.0000,04-22,19.3377,99.0599,0.596689,344.000,true,true,19.8229,0.0244767
SE,multiplicative,level,1.00000,3,0.0330003,19.0000,18.0000,04-22,19.3365,99.1367,0.596682,348.000,true,true,19.8229,0.0245391
SE,multiplicative,level,1.00000,4,0.0330003,19.0000,18.0000,04-22,19.1993,98.6370,0.595997,367.000,true,true,19.8229,0.0314563
SE,multiplicative,level,1.00000,5,0.0330003,19.0000,18.0000,04-22,19.3001,98.9061,0.596501,346.000,true,true,19.8229,0.0263732
SE,multiplicative,level,2.00000,1,0.0660006,19.0000,18.0000,04-22,17.2134,100.360,0.586067,1175.00,true,true,19.8229,0.131640
SE,multiplicative,level,2.00000,2,0.0660006,19.0000,18.0000,04-22,17.2690,100.726,0.586345,1174.00,true,true,19.8229,0.128836
SE,multiplicative,level,2.00000,3,0.0660006,19.0000,18.0000,04-22,17.2456,100.585,0.586228,1175.00,true,true,19.8229,0.130014
SE,multiplicative,level,2.00000,4,0.0660006,19.0000,18.0000,04-22,17.1092,100.713,0.585546,1231.00,true,true,19.8229,0.136899
SE,multiplicative,level,2.00000,5,0.0660006,19.0000,18.0000,04-22,17.2647,101.027,0.586323,1186.00,true,true,19.8229,0.129055
SE,multiplicative,level,4.00000,1,0.132001,19.0000,18.0000,04-22,12.4828,106.101,0.562414,2805.00,true,true,19.8229,0.370283
SE,multiplicative,level,4.00000,2,0.132001,19.0000,18.0000,04-22,12.6086,106.850,0.563043,2796.00,true,true,19.8229,0.363937
SE,multiplicative,level,4.00000,3,0.132001,19.0000,18.0000,04-22,12.4207,106.235,0.562103,2829.00,true,true,19.8229,0.373419
SE,multiplicative,level,4.00000,4,0.132001,19.0000,18.0000,04-22,12.4109,106.318,0.562055,2842.00,true,true,19.8229,0.373909
SE,multiplicative,level,4.00000,5,0.132001,19.0000,18.0000,04-22,12.6464,106.395,0.563232,2752.00,true,true,19.8229,0.362033
SE,delay,steps,1.00000,1,NA,19.0000,18.0000,04-22,19.7218,100.969,0.598609,85.0000,true,true,19.8229,0.00510224
SE,delay,steps,1.00000,2,NA,19.0000,18.0000,04-22,19.7218,100.969,0.598609,85.0000,true,true,19.8229,0.00510224
SE,delay,steps,1.00000,3,NA,19.0000,18.0000,04-22,19.7218,100.969,0.598609,85.0000,true,true,19.8229,0.00510224
SE,delay,steps,1.00000,4,NA,19.0000,18.0000,04-22,19.7218,100.969,0.598609,85.0000,true,true,19.8229,0.00510224
SE,delay,steps,1.00000,5,NA,19.0000,18.0000,04-22,19.7218,100.969,0.598609,85.0000,true,true,19.8229,0.00510224
SE,delay,steps,3.00000,1,NA,19.0000,18.0000,04-22,19.5187,100.982,0.597594,85.0000,true,true,19.8229,0.0153454
SE,delay,steps,3.00000,2,NA,19.0000,18.0000,04-22,19.5187,100.982,0.597594,85.0000,true,true,19.8229,0.0153454
SE,delay,steps,3.00000,3,NA,19.0000,18.0000,04-22,19.5187,100.982,0.597594,85.0000,true,true,19.8229,0.0153454
SE,delay,steps,3.00000,4,NA,19.0000,18.0000,04-22,19.5187,100.982,0.597594,85.0000,true,true,19.8229,0.0153454
SE,delay,steps,3.00000,5,NA,19.0000,18.0000,04-22,19.5187,100.982,0.597594,85.0000,true,true,19.8229,0.0153454
SE,delay,steps,6.00000,1,NA,19.0000,18.0000,04-22,19.2164,101.001,0.596082,85.0000,true,true,19.8229,0.0305944
SE,delay,steps,6.00000,2,NA,19.0000,18.0000,04-22,19.2164,101.001,0.596082,85.0000,true,true,19.8229,0.0305944
SE,delay,steps,6.00000,3,NA,19.0000,18.0000,04-22,19.2164,101.001,0.596082,85.0000,true,true,19.8229,0.0305944
SE,delay,steps,6.00000,4,NA,19.0000,18.0000,04-22,19.2164,101.001,0.596082,85.0000,true,true,19.8229,0.0305944
SE,delay,steps,6.00000,5,NA,19.0000,18.0000,04-22,19.2164,101.001,0.596082,85.0000,true,true,19.8229,0.0305944
SE,delay,steps,12.0000,1,NA,19.0000,18.0000,04-22,18.5731,101.039,0.592865,85.0000,true,true,19.8229,0.0630493
SE,delay,steps,12.0000,2,NA,19.0000,18.0000,04-22,18.5731,101.039,0.592865,85.0000,true,true,19.8229,0.0630493
SE,delay,steps,12.0000,3,NA,19.0000,18.0000,04-22,18.5731,101.039,0.592865,85.0000,true,true,19.8229,0.0630493
SE,delay,steps,12.0000,4,NA,19.0000,18.0000,04-22,18.5731,101.039,0.592865,85.0000,true,true,19.8229,0.0630493
SE,delay,steps,12.0000,5,NA,19.0000,18.0000,04-22,18.5731,101.039,0.592865,85.0000,true,true,19.8229,0.0630493
SE,delay,steps,24.0000,1,NA,19.0000,18.0000,04-22,16.2322,101.116,0.581161,85.0000,true,true,19.8229,0.181140
SE,delay,steps,24.0000,2,NA,19.0000,18.0000,04-22,16.2322,101.116,0.581161,85.0000,true,true,19.8229,0.181140
SE,delay,steps,24.0000,3,NA,19.0000,18.0000,04-22,16.2322,101.116,0.581161,85.0000,true,true,19.8229,0.181140
SE,delay,steps,24.0000,4,NA,19.0000,18.0000,04-22,16.2322,101.116,0.581161,85.0000,true,true,19.8229,0.181140
SE,delay,steps,24.0000,5,NA,19.0000,18.0000,04-22,16.2322,101.116,0.581161,85.0000,true,true,19.8229,0.181140
SE,delay,steps,72.0000,1,NA,19.0000,18.0000,04-22,3.92888,101.424,0.519644,85.0000,true,true,19.8229,0.801801
SE,delay,steps,72.0000,2,NA,19.0000,18.0000,04-22,3.92888,101.424,0.519644,85.0000,true,true,19.8229,0.801801
SE,delay,steps,72.0000,3,NA,19.0000,18.0000,04-22,3.92888,101.424,0.519644,85.0000,true,true,19.8229,0.801801
SE,delay,steps,72.0000,4,NA,19.0000,18.0000,04-22,3.92888,101.424,0.519644,85.0000,true,true,19.8229,0.801801
SE,delay,steps,72.0000,5,NA,19.0000,18.0000,04-22,3.92888,101.424,0.519644,85.0000,true,true,19.8229,0.801801
SE,arma,horizon,1.00000,1,NA,19.0000,18.0000,04-22,20.3185,112.693,0.601593,99.0000,true,true,19.8229,-0.0250017
SE,arma,horizon,1.00000,2,NA,19.0000,18.0000,04-22,20.3185,112.693,0.601593,99.0000,true,true,19.8229,-0.0250017
SE,arma,horizon,1.00000,3,NA,19.0000,18.0000,04-22,20.3185,112.693,0.601593,99.0000,true,true,19.8229,-0.0250017
SE,arma,horizon,1.00000,4,NA,19.0000,18.0000,04-22,20.3185,112.693,0.601593,99.0000,true,true,19.8229,-0.0250017
SE,arma,horizon,1.00000,5,NA,19.0000,18.0000,04-22,20.3185,112.693,0.601593,99.0000,true,true,19.8229,-0.0250017
SE,arma,horizon,3.00000,1,NA,19.0000,18.0000,04-22,20.1531,112.706,0.600765,99.0000,true,true,19.8229,-0.0166566
SE,arma,horizon,3.00000,2,NA,19.0000,18.0000,04-22,20.1531,112.706,0.600765,99.0000,true,true,19.8229,-0.0166566
SE,arma,horizon,3.00000,3,NA,19.0000,18.0000,04-22,20.1531,112.706,0.600765,99.0000,true,true,19.8229,-0.0166566
SE,arma,horizon,3.00000,4,NA,19.0000,18.0000,04-22,20.1531,112.706,0.600765,99.0000,true,true,19.8229,-0.0166566
SE,arma,horizon,3.00000,5,NA,19.0000,18.0000,04-22,20.1531,112.706,0.600765,99.0000,true,true,19.8229,-0.0166566
SE,arma,horizon,6.00000,1,NA,19.0000,18.0000,04-22,19.9074,112.725,0.599537,99.0000,true,true,19.8229,-0.00426469
SE,arma,horizon,6.00000,2,NA,19.0000,18.0000,04-22,19.9074,112.725,0.599537,99.0000,true,true,19.8229,-0.00426469
SE,arma,horizon,6.00000,3,NA,19.0000,18.0000,04-22,19.9074,112.725,0.599537,99.0000,true,true,19.8229,-0.00426469
SE,arma,horizon,6.00000,4,NA,19.0000,18.0000,04-22,19.9074,112.725,0.599537,99.0000,true,true,19.8229,-0.00426469
SE,arma,horizon,6.00000,5,NA,19.0000,18.0000,04-22,19.9074,112.725,0.599537,99.0000,true,true,19.8229,-0.00426469
SE,arma,horizon,12.0000,1,NA,19.0000,18.0000,04-22,19.3823,112.763,0.596911,99.0000,true,true,19.8229,0.0222279
SE,arma,horizon,12.0000,2,NA,19.0000,18.0000,04-22,19.3823,112.763,0.596911,99.0000,true,true,19.8229,0.0222279
SE,arma,horizon,12.0000,3,NA,19.0000,18.0000,04-22,19.3823,112.763,0.596911,99.0000,true,true,19.8229,0.0222279
SE,arma,horizon,12.0000,4,NA,19.0000,18.0000,04-22,19.3823,112.763,0.596911,99.0000,true,true,19.8229,0.0222279
SE,arma,horizon,12.0000,5,NA,19.0000,18.0000,04-22,19.3823,112.763,0.596911,99.0000,true,true,19.8229,0.0222279
SE,arma,horizon,24.0000,1,NA,19.0000,18.0000,04-22,17.2944,112.840,0.586472,99.0000,true,true,19.8229,0.127555
SE,arma,horizon,24.0000,2,NA,19.0000,18.0000,04-22,17.2944,112.840,0.586472,99.0000,true,true,19.8229,0.127555
SE,arma,horizon,24.0000,3,NA,19.0000,18.0000,04-22,17.2944,112.840,0.586472,99.0000,true,true,19.8229,0.127555
SE,arma,horizon,24.0000,4,NA,19.0000,18.0000,04-22,17.2944,112.840,0.586472,99.0000,true,true,19.8229,0.127555
SE,arma,horizon,24.0000,5,NA,19.0000,18.0000,04-22,17.2944,112.840,0.586472,99.0000,true,true,19.8229,0.127555
SE,arma,horizon,72.0000,1,NA,19.0000,18.0000,04-22,4.75542,113.148,0.523777,99.0000,true,true,19.8229,0.760105
SE,arma,horizon,72.0000,2,NA,19.0000,18.0000,04-22,4.75542,113.148,0.523777,99.0000,true,true,19.8229,0.760105
SE,arma,horizon,72.0000,3,NA,19.0000,18.0000,04-22,4.75542,113.148,0.523777,99.0000,true,true,19.8229,0.760105
SE,arma,horizon,72.0000,4,NA,19.0000,18.0000,04-22,4.75542,113.148,0.523777,99.0000,true,true,19.8229,0.760105
SE,arma,horizon,72.0000,5,NA,19.0000,18.0000,04-22,4.75542,113.148,0.523777,99.0000,true,true,19.8229,0.760105
SE,persistence,horizon,1.00000,1,NA,19.0000,18.0000,04-22,19.7218,100.969,0.598609,85.0000,true,true,19.8229,0.00510224
SE,persistence,horizon,1.00000,2,NA,19.0000,18.0000,04-22,19.7218,100.969,0.598609,85.0000,true,true,19.8229,0.00510224
SE,persistence,horizon,1.00000,3,NA,19.0000,18.0000,04-22,19.7218,100.969,0.598609,85.0000,true,true,19.8229,0.00510224
SE,persistence,horizon,1.00000,4,NA,19.0000,18.0000,04-22,19.7218,100.969,0.598609,85.0000,true,true,19.8229,0.00510224
SE,persistence,horizon,1.00000,5,NA,19.0000,18.0000,04-22,19.7218,100.969,0.598609,85.0000,true,true,19.8229,0.00510224
SE,persistence,horizon,3.00000,1,NA,19.0000,18.0000,04-22,19.5187,100.982,0.597594,85.0000,true,true,19.8229,0.0153454
SE,persistence,horizon,3.00000,2,NA,19.0000,18.0000,04-22,19.5187,100.982,0.597594,85.0000,true,true,19.8229,0.0153454
SE,persistence,horizon,3.00000,3,NA,19.0000,18.0000,04-22,19.5187,100.982,0.597594,85.0000,true,true,19.8229,0.0153454
SE,persistence,horizon,3.00000,4,NA,19.0000,18.0000,04-22,19.5187,100.982,0.597594,85.0000,true,true,19.8229,0.0153454
SE,persistence,horizon,3.00000,5,NA,19.0000,18.0000,04-22,19.5187,100.982,0.597594,85.0000,true,true,19.8229,0.0153454
SE,persistence,horizon,6.00000,1,NA,19.0000,18.0000,04-22,19.2164,101.001,0.596082,85.0000,true,true,19.8229,0.0305944
SE,persistence,horizon,6.00000,2,NA,19.0000,18.0000,04-22,19.2164,101.001,0.596082,85.0000,true,true,19.8229,0.0305944
SE,persistence,horizon,6.00000,3,NA,19.0000,18.0000,04-22,19.2164,101.001,0.596082,85.0000,true,true,19.8229,0.0305944
SE,persistence,horizon,6.00000,4,NA,19.0000,18.0000,04-22,19.2164,101.001,0.596082,85.0000,true,true,19.8229,0.0305944
SE,persistence,horizon,6.00000,5,NA,19.0000,18.0000,04-22,19.2164,101.001,0.596082,85.0000,true,true,19.8229,0.0305944
SE,persistence,horizon,12.0000,1,NA,19.0000,18.0000,04-22,18.5731,101.039,0.592865,85.0000,true,true,19.8229,0.0630493
SE,persistence,horizon,12.0000,2,NA,19.0000,18.0000,04-22,18.5731,101.039,0.592865,85.0000,true,true,19.8229,0.0630493
SE,persistence,horizon,12.0000,3,NA,19.0000,18.0000,04-22,18.5731,101.039,0.592865,85.0000,true,true,19.8229,0.0630493
SE,persistence,horizon,12.0000,4,NA,19.0000,18.0000,04-22,18.5731,101.039,0.592865,85.0000,true,true,19.8229,0.0630493
SE,persistence,horizon,12.0000,5,NA,19.0000,18.0000,04-22,18.5731,101.039,0.592865,85.0000,true,true,19.8229,0.0630493
SE,persistence,horizon,24.0000,1,NA,19.0000,18.0000,04-22,16.2322,101.116,0.581161,85.0000,true,true,19.8229,0.181140
SE,persistence,horizon,24.0000,2,NA,19.0000,18.0000,04-22,16.2322,101.116,0.581161,85.0000,true,true,19.8229,0.181140
SE,persistence,horizon,24.0000,3,NA,19.0000,18.0000,04-22,16.2322,101.116,0.581161,85.0000,true,true,19.8229,0.181140
SE,persistence,horizon,24.0000,4,NA,19.0000,18.0000,04-22,16.2322,101.116,0.581161,85.0000,true,true,19.8229,0.181140
SE,persistence,horizon,24.0000,5,NA,19.0000,18.0000,04-22,16.2322,101.116,0.581161,85.0000,true,true,19.8229,0.181140
SE,persistence,horizon,72.0000,1,NA,19.0000,18.0000,04-22,3.92888,101.424,0.519644,85.0000,true,true,19.8229,0.801801
SE,persistence,horizon,72.0000,2,NA,19.0000,18.0000,04-22,3.92888,101.424,0.519644,85.0000,true,true,19.8229,0.801801
SE,persistence,horizon,72.0000,3,NA,19.0000,18.0000,04-22,3.92888,101.424,0.519644,85.0000,true,true,19.8229,0.801801
SE,persistence,horizon,72.0000,4,NA,19.0000,18.0000,04-22,3.92888,101.424,0.519644,85.0000,true,true,19.8229,0.801801
SE,persistence,horizon,72.0000,5,NA,19.0000,18.0000,04-22,3.92888,101.424,0.519644,85.0000,true,true,19.8229,0.801801
