budget,model_code,model,region,start_date,year,max_threshold,max_iterations,alpha,file,n_points,n_within_budget,n_incomplete,n_valid,best_score,best_savings_pct,best_overhead_pct,best_theta_p,best_theta_r,best_start,best_pauses,best_stop
10,DS,DeepSeek V3,CN,01-01,2025,800,10,1.0,DS_CN_01_01_2025_800_10it.csv,925,694,0,596,0.5017,0.34,10.0,601.0,592.0,01-01,31.0,completed
10,DS,DeepSeek V3,CN,07-01,2025,800,10,1.0,DS_CN_07_01_2025_800_10it.csv,450,216,0,0,,,,,,,,
10,DS,DeepSeek V3,CN,all,2022-2025,800,10,1.0,DS_CN_all_2022-2025_800_10it_alpha1.csv,3150,1522,0,0,,,,,,,,
10,DS,DeepSeek V3,CN,all,2025,800,10,1.0,DS_CN_all_2025_800_10it.csv,7140,5262,0,4506,0.5084,1.67,9.6,569.0,563.0,03-15,39.0,completed
10,DS,DeepSeek V3,DE,01-01,2025,800,10,1.0,DS_DE_01_01_2025_800_10it.csv,717,624,0,546,0.5071,1.41,6.6,575.0,572.0,01-01,11.0,completed
10,DS,DeepSeek V3,DE,07-01,2025,800,10,1.0,DS_DE_07_01_2025_800_10it.csv,1015,748,0,649,0.5183,3.65,10.0,492.0,482.0,07-01,21.0,completed
10,DS,DeepSeek V3,DE,all,2022-2025,800,10,1.0,DS_DE_all_2022-2025_800_10it_alpha1.csv,6234,4452,0,3874,0.5223,4.46,10.0,462.0,455.0,04-01,20.0,completed
10,DS,DeepSeek V3,DE,all,2025,800,10,1.0,DS_DE_all_2025_800_10it.csv,5494,3707,0,3070,0.5509,10.18,10.0,508.0,497.0,08-30,19.0,completed
10,DS,DeepSeek V3,DE,all,2025,800,10,0.05,DS_DE_all_2025_800_10it_alpha05.csv,1705,1459,0,322,0.499,0.02,0.0,643.0,643.0,01-01,1.0,completed
10,DS,DeepSeek V3,DE,all,2025,800,10,0.08,DS_DE_all_2025_800_10it_alpha08.csv,1705,1459,0,322,0.4997,0.02,0.0,643.0,643.0,01-01,1.0,completed
10,DS,DeepSeek V3,IT,01-01,2025,800,10,1.0,DS_IT_01_01_2025_800_10it.csv,450,319,0,0,,,,,,,,
10,DS,DeepSeek V3,IT,07-01,2025,800,10,1.0,DS_IT_07_01_2025_800_10it.csv,591,415,0,328,0.5093,1.86,10.0,352.0,348.0,07-01,31.0,completed
10,DS,DeepSeek V3,IT,all,2022-2025,800,10,1.0,DS_IT_all_2022-2025_800_10it_alpha1.csv,6373,4479,0,3672,0.5179,3.57,10.0,367.0,353.0,03-18,16.0,completed
10,DS,DeepSeek V3,IT,all,2025,800,10,1.0,DS_IT_all_2025_800_10it.csv,7820,6021,0,5196,0.5206,4.13,10.0,366.0,354.0,08-30,25.0,completed
10,DS,DeepSeek V3,SE,01-01,2025,100,10,1.0,DS_SE_01_01_2025_100_10it.csv,353,235,0,171,0.5164,3.28,9.5,28.0,25.0,01-01,19.0,completed
10,DS,DeepSeek V3,SE,07-01,2025,100,10,1.0,DS_SE_07_01_2025_100_10it.csv,451,311,0,229,0.5246,4.92,9.6,32.0,28.0,07-01,28.0,completed
10,DS,DeepSeek V3,SE,all,2022-2025,100,10,1.0,DS_SE_all_2022-2025_100_10it_alpha1.csv,2296,1558,0,949,0.5252,5.03,9.9,32.0,31.0,04-20,31.0,completed
10,DS,DeepSeek V3,SE,all,2025,100,10,1.0,DS_SE_all_2025_100_10it.csv,2419,1687,0,1152,0.5446,8.92,9.8,33.0,30.0,08-06,29.0,completed
10,DS,DeepSeek V3,US,01-01,2025,800,10,1.0,DS_US_01_01_2025_800_10it.csv,450,268,0,0,,,,,,,,
10,DS,DeepSeek V3,US,07-01,2025,800,10,1.0,DS_US_07_01_2025_800_10it.csv,450,268,0,0,,,,,,,,
10,DS,DeepSeek V3,US,all,2022-2025,800,10,1.0,DS_US_all_2022-2025_800_10it_alpha1.csv,3150,1947,0,0,,,,,,,,
10,DS,DeepSeek V3,US,all,2025,800,10,1.0,DS_US_all_2025_800_10it.csv,3150,1937,0,0,,,,,,,,
10,KM,Kimi K2,CN,01-01,2025,800,10,1.0,KM_CN_01_01_2025_800_10it.csv,1091,846,0,746,0.5063,1.25,10.0,577.0,575.0,01-01,261.0,completed
10,KM,Kimi K2,CN,07-01,2025,800,10,1.0,KM_CN_07_01_2025_800_10it.csv,1036,839,0,777,0.504,0.79,9.5,569.0,553.0,07-01,188.0,completed
10,KM,Kimi K2,CN,all,2022-2025,800,10,1.0,KM_CN_all_2022-2025_800_10it_alpha1.csv,3150,1512,0,0,,,,,,,,
10,KM,Kimi K2,CN,all,2025,800,10,1.0,KM_CN_all_2025_800_10it.csv,3683,2330,0,1808,0.5071,1.42,10.0,573.0,568.0,02-02,231.0,completed
10,KM,Kimi K2,DE,01-01,2025,800,10,1.0,KM_DE_01_01_2025_800_10it.csv,373,198,5,155,0.5269,5.37,10.0,538.0,527.0,01-01,117.0,completed
10,KM,Kimi K2,DE,07-01,2025,800,10,1.0,KM_DE_07_01_2025_800_10it.csv,629,263,12,213,0.5235,4.69,8.8,528.0,513.0,07-01,103.0,completed
10,KM,Kimi K2,DE,all,2022-2025,800,10,1.0,KM_DE_all_2022-2025_800_10it_alpha1.csv,3682,2659,0,2218,0.5155,3.1,10.0,507.0,491.0,12-31,67.0,completed
10,KM,Kimi K2,DE,all,2025,800,10,1.0,KM_DE_all_2025_800_10it.csv,6370,210,24,51,0.5284,5.68,7.1,537.0,537.0,03-03,131.0,completed
10,KM,Kimi K2,IT,01-01,2025,800,10,1.0,KM_IT_01_01_2025_800_10it.csv,450,319,0,0,,,,,,,,
10,KM,Kimi K2,IT,07-01,2025,800,10,1.0,KM_IT_07_01_2025_800_10it.csv,450,319,0,0,,,,,,,,
10,KM,Kimi K2,IT,all,2022-2025,800,10,1.0,KM_IT_all_2022-2025_800_10it_alpha1.csv,3150,2233,0,0,,,,,,,,
10,KM,Kimi K2,IT,all,2025,800,10,1.0,KM_IT_all_2025_800_10it.csv,3150,2233,0,0,,,,,,,,
10,KM,Kimi K2,SE,01-01,2025,100,10,1.0,KM_SE_01_01_2025_100_10it.csv,240,155,0,115,0.5245,4.9,9.9,30.0,30.0,01-01,267.0,completed
10,KM,Kimi K2,SE,07-01,2025,100,10,1.0,KM_SE_07_01_2025_100_10it.csv,300,188,15,133,0.5332,6.64,9.6,30.0,28.0,07-01,232.0,completed
10,KM,Kimi K2,SE,all,2022-2025,100,10,1.0,KM_SE_all_2022-2025_100_10it_alpha1.csv,3931,901,21,485,0.5284,5.68,9.9,31.0,29.0,04-11,165.0,completed
10,KM,Kimi K2,SE,all,2025,100,10,1.0,KM_SE_all_2025_100_10it.csv,1742,754,27,447,0.5364,7.27,10.0,30.0,30.0,03-03,235.0,completed
10,KM,Kimi K2,US,01-01,2025,800,10,1.0,KM_US_01_01_2025_800_10it.csv,450,268,0,0,,,,,,,,
10,KM,Kimi K2,US,07-01,2025,800,10,1.0,KM_US_07_01_2025_800_10it.csv,450,268,0,0,,,,,,,,
10,KM,Kimi K2,US,all,2022-2025,800,10,1.0,KM_US_all_2022-2025_800_10it_alpha1.csv,3150,1876,0,0,,,,,,,,
10,KM,Kimi K2,US,all,2025,800,10,1.0,KM_US_all_2025_800_10it.csv,3150,1876,0,0,,,,,,,,
25,DS,DeepSeek V3,CN,01-01,2025,800,10,1.0,DS_CN_01_01_2025_800_10it.csv,968,749,0,644,0.5033,0.65,24.8,587.0,572.0,01-01,47.0,completed
25,DS,DeepSeek V3,CN,07-01,2025,800,10,1.0,DS_CN_07_01_2025_800_10it.csv,450,216,0,0,,,,,,,,
25,DS,DeepSeek V3,CN,all,2022-2025,800,10,1.0,DS_CN_all_2022-2025_800_10it_alpha1.csv,3150,1522,0,0,,,,,,,,
25,DS,DeepSeek V3,CN,all,2025,800,10,1.0,DS_CN_all_2025_800_10it.csv,4965,3507,0,2732,0.5192,3.84,24.4,577.0,566.0,02-14,46.0,completed
25,DS,DeepSeek V3,DE,01-01,2025,800,10,1.0,DS_DE_01_01_2025_800_10it.csv,677,350,8,301,0.5249,4.97,24.9,527.0,525.0,01-01,34.0,completed
25,DS,DeepSeek V3,DE,07-01,2025,800,10,1.0,DS_DE_07_01_2025_800_10it.csv,2757,678,15,626,0.5465,9.29,24.8,440.0,433.0,07-01,36.0,completed
25,DS,DeepSeek V3,DE,all,2022-2025,800,10,1.0,DS_DE_all_2022-2025_800_10it_alpha1.csv,4441,2823,0,2078,0.5538,10.76,25.0,500.0,494.0,10-28,13.0,completed
25,DS,DeepSeek V3,DE,all,2025,800,10,1.0,DS_DE_all_2025_800_10it.csv,4562,1281,46,731,0.5857,17.15,24.0,411.0,375.0,04-08,27.0,completed
25,DS,DeepSeek V3,DE,all,2025,800,10,0.05,DS_DE_all_2025_800_10it_alpha05.csv,1705,1501,0,364,0.4996,0.02,0.0,643.0,643.0,01-01,1.0,completed
25,DS,DeepSeek V3,DE,all,2025,800,10,0.08,DS_DE_all_2025_800_10it_alpha08.csv,5592,5303,1,4395,0.503,6.8,6.1,522.0,513.0,08-31,15.0,completed
25,DS,DeepSeek V3,IT,01-01,2025,800,10,1.0,DS_IT_01_01_2025_800_10it.csv,450,319,0,0,,,,,,,,
25,DS,DeepSeek V3,IT,07-01,2025,800,10,1.0,DS_IT_07_01_2025_800_10it.csv,684,492,0,416,0.5245,4.9,24.9,333.0,326.0,07-01,46.0,completed
25,DS,DeepSeek V3,IT,all,2022-2025,800,10,1.0,DS_IT_all_2022-2025_800_10it_alpha1.csv,4404,3058,0,2444,0.5353,7.05,25.0,330.0,320.0,03-17,37.0,completed
25,DS,DeepSeek V3,IT,all,2025,800,10,1.0,DS_IT_all_2025_800_10it.csv,2859,1416,10,703,0.5558,11.17,24.9,342.0,328.0,03-02,62.0,completed
25,DS,DeepSeek V3,SE,01-01,2025,100,10,1.0,DS_SE_01_01_2025_100_10it.csv,270,184,0,120,0.5376,7.52,22.5,25.0,25.0,01-01,43.0,completed
25,DS,DeepSeek V3,SE,07-01,2025,100,10,1.0,DS_SE_07_01_2025_100_10it.csv,351,241,0,184,0.5413,8.25,23.5,22.0,22.0,07-01,64.0,completed
25,DS,DeepSeek V3,SE,all,2022-2025,100,10,1.0,DS_SE_all_2022-2025_100_10it_alpha1.csv,1801,1062,10,621,0.5362,7.24,24.9,33.0,30.0,12-01,25.0,completed
25,DS,DeepSeek V3,SE,all,2025,100,10,1.0,DS_SE_all_2025_100_10it.csv,2049,1264,15,916,0.5744,14.88,24.8,25.0,24.0,07-30,64.0,completed
25,DS,DeepSeek V3,US,01-01,2025,800,10,1.0,DS_US_01_01_2025_800_10it.csv,450,268,0,0,,,,,,,,
25,DS,DeepSeek V3,US,07-01,2025,800,10,1.0,DS_US_07_01_2025_800_10it.csv,450,268,0,0,,,,,,,,
25,DS,DeepSeek V3,US,all,2022-2025,800,10,1.0,DS_US_all_2022-2025_800_10it_alpha1.csv,2795,1596,14,697,0.5136,2.72,24.8,443.0,433.0,01-16,11.0,completed
25,DS,DeepSeek V3,US,all,2025,800,10,1.0,DS_US_all_2025_800_10it.csv,5016,1488,30,741,0.5102,2.05,23.5,459.0,455.0,08-17,50.0,completed
25,KM,Kimi K2,CN,01-01,2025,800,10,1.0,KM_CN_01_01_2025_800_10it.csv,1175,916,0,840,0.5116,2.31,24.9,554.0,535.0,01-01,357.0,completed
25,KM,Kimi K2,CN,07-01,2025,800,10,1.0,KM_CN_07_01_2025_800_10it.csv,1109,1006,0,941,0.5055,1.1,14.1,560.0,543.0,07-01,261.0,completed
25,KM,Kimi K2,CN,all,2022-2025,800,10,1.0,KM_CN_all_2022-2025_800_10it_alpha1.csv,3150,1512,0,0,,,,,,,,
25,KM,Kimi K2,CN,all,2025,800,10,1.0,KM_CN_all_2025_800_10it.csv,3925,2845,0,2303,0.5116,2.31,24.9,554.0,535.0,01-01,357.0,completed
25,KM,Kimi K2,DE,01-01,2025,800,10,1.0,KM_DE_01_01_2025_800_10it.csv,1068,815,0,767,0.5664,13.28,25.0,485.0,469.0,01-01,211.0,completed
25,KM,Kimi K2,DE,07-01,2025,800,10,1.0,KM_DE_07_01_2025_800_10it.csv,778,607,0,559,0.5431,8.61,23.4,476.0,465.0,07-01,198.0,completed
25,KM,Kimi K2,DE,all,2022-2025,800,10,1.0,KM_DE_all_2022-2025_800_10it_alpha1.csv,7194,1117,29,604,0.5352,7.03,24.9,461.0,461.0,01-10,329.0,completed
25,KM,Kimi K2,DE,all,2025,800,10,1.0,KM_DE_all_2025_800_10it.csv,1705,216,19,62,0.5586,11.71,22.7,537.0,358.0,12-31,62.0,completed
25,KM,Kimi K2,IT,01-01,2025,800,10,1.0,KM_IT_01_01_2025_800_10it.csv,942,706,0,639,0.5482,9.64,25.0,358.0,343.0,01-01,319.0,completed
25,KM,Kimi K2,IT,07-01,2025,800,10,1.0,KM_IT_07_01_2025_800_10it.csv,712,542,0,462,0.5144,2.87,23.7,358.0,350.0,07-01,349.0,completed
25,KM,Kimi K2,IT,all,2022-2025,800,10,1.0,KM_IT_all_2022-2025_800_10it_alpha1.csv,4655,2414,5,1748,0.5267,5.33,24.1,368.0,360.0,01-01,308.0,completed
25,KM,Kimi K2,IT,all,2025,800,10,1.0,KM_IT_all_2025_800_10it.csv,3388,2458,0,1983,0.5485,9.69,25.0,357.0,345.0,12-31,330.0,completed
25,KM,Kimi K2,SE,01-01,2025,100,10,1.0,KM_SE_01_01_2025_100_10it.csv,846,607,15,552,0.5418,8.36,23.7,25.0,25.0,01-01,493.0,completed
25,KM,Kimi K2,SE,07-01,2025,100,10,1.0,KM_SE_07_01_2025_100_10it.csv,240,141,14,87,0.5406,8.12,24.1,24.0,23.0,07-01,376.0,completed
25,KM,Kimi K2,SE,all,2022-2025,100,10,1.0,KM_SE_all_2022-2025_100_10it_alpha1.csv,2441,1425,11,1029,0.5526,10.52,25.0,27.0,26.0,03-24,313.0,completed
25,KM,Kimi K2,SE,all,2025,100,10,1.0,KM_SE_all_2025_100_10it.csv,2267,844,19,545,0.5552,11.05,22.7,25.0,25.0,03-26,512.0,completed
25,KM,Kimi K2,US,01-01,2025,800,10,1.0,KM_US_01_01_2025_800_10it.csv,450,268,0,0,,,,,,,,
25,KM,Kimi K2,US,07-01,2025,800,10,1.0,KM_US_07_01_2025_800_10it.csv,450,268,0,0,,,,,,,,
25,KM,Kimi K2,US,all,2022-2025,800,10,1.0,KM_US_all_2022-2025_800_10it_alpha1.csv,4049,2170,5,1280,0.5102,2.05,24.0,448.0,439.0,11-18,184.0,completed
25,KM,Kimi K2,US,all,2025,800,10,1.0,KM_US_all_2025_800_10it.csv,3150,2024,8,1408,0.5157,3.13,22.2,453.0,446.0,11-27,218.0,completed
50,DS,DeepSeek V3,CN,01-01,2025,800,10,1.0,DS_CN_01_01_2025_800_10it.csv,717,477,0,392,0.5092,1.83,50.0,558.0,553.0,01-01,76.0,completed
50,DS,DeepSeek V3,CN,07-01,2025,800,10,1.0,DS_CN_07_01_2025_800_10it.csv,1147,975,0,882,0.5055,1.1,48.4,532.0,508.0,07-01,69.0,completed
50,DS,DeepSeek V3,CN,all,2022-2025,800,10,1.0,DS_CN_all_2022-2025_800_10it_alpha1.csv,3979,3304,0,2789,0.5108,2.15,39.1,566.0,557.0,02-05,55.0,completed
50,DS,DeepSeek V3,CN,all,2025,800,10,1.0,DS_CN_all_2025_800_10it.csv,3931,2627,0,2235,0.5247,4.93,50.0,547.0,539.0,01-25,74.0,completed
50,DS,DeepSeek V3,DE,01-01,2025,800,10,1.0,DS_DE_01_01_2025_800_10it.csv,609,401,0,352,0.54,8.01,49.9,494.0,488.0,01-01,45.0,completed
50,DS,DeepSeek V3,DE,07-01,2025,800,10,1.0,DS_DE_07_01_2025_800_10it.csv,980,699,0,656,0.5952,19.04,50.0,372.0,362.0,07-01,57.0,completed
50,DS,DeepSeek V3,DE,all,2022-2025,800,10,1.0,DS_DE_all_2022-2025_800_10it_alpha1.csv,4402,3166,0,2585,0.568,13.6,42.4,457.0,453.0,10-24,23.0,completed
50,DS,DeepSeek V3,DE,all,2025,800,10,1.0,DS_DE_all_2025_800_10it.csv,4749,2898,0,2664,0.6383,27.65,49.0,343.0,334.0,03-27,52.0,completed
50,DS,DeepSeek V3,DE,all,2025,800,10,0.05,DS_DE_all_2025_800_10it_alpha05.csv,1970,1803,0,415,0.4998,0.02,0.0,643.0,643.0,01-01,1.0,completed
50,DS,DeepSeek V3,DE,all,2025,800,10,0.08,DS_DE_all_2025_800_10it_alpha08.csv,5526,5257,0,4745,0.5239,15.55,19.2,476.0,464.0,08-30,22.0,completed
50,DS,DeepSeek V3,IT,01-01,2025,800,10,1.0,DS_IT_01_01_2025_800_10it.csv,450,319,0,0,,,,,,,,
50,DS,DeepSeek V3,IT,07-01,2025,800,10,1.0,DS_IT_07_01_2025_800_10it.csv,690,506,0,429,0.5323,6.45,48.7,311.0,304.0,07-01,71.0,completed
50,DS,DeepSeek V3,IT,all,2022-2025,800,10,1.0,DS_IT_all_2022-2025_800_10it_alpha1.csv,3253,2083,0,1471,0.5554,11.07,50.0,324.0,319.0,02-28,64.0,completed
50,DS,DeepSeek V3,IT,all,2025,800,10,1.0,DS_IT_all_2025_800_10it.csv,6600,4839,0,4263,0.5895,17.89,50.0,324.0,305.0,02-20,82.0,completed
50,DS,DeepSeek V3,SE,01-01,2025,100,10,1.0,DS_SE_01_01_2025_100_10it.csv,258,191,0,127,0.5388,7.77,27.7,24.0,23.0,01-01,38.0,completed
50,DS,DeepSeek V3,SE,07-01,2025,100,10,1.0,DS_SE_07_01_2025_100_10it.csv,252,146,0,101,0.5474,9.49,49.8,18.0,18.0,07-01,98.0,completed
50,DS,DeepSeek V3,SE,all,2022-2025,100,10,1.0,DS_SE_all_2022-2025_100_10it_alpha1.csv,2449,1593,0,1155,0.5508,10.16,49.5,30.0,28.0,12-01,36.0,completed
50,DS,DeepSeek V3,SE,all,2025,100,10,1.0,DS_SE_all_2025_100_10it.csv,2064,1345,0,1013,0.5957,19.14,46.1,21.0,20.0,04-30,70.0,completed
50,DS,DeepSeek V3,US,01-01,2025,800,10,1.0,DS_US_01_01_2025_800_10it.csv,980,730,0,659,0.5347,6.93,49.8,447.0,439.0,01-01,36.0,completed
50,DS,DeepSeek V3,US,07-01,2025,800,10,1.0,DS_US_07_01_2025_800_10it.csv,450,268,0,0,,,,,,,,
50,DS,DeepSeek V3,US,all,2022-2025,800,10,1.0,DS_US_all_2022-2025_800_10it_alpha1.csv,2688,1869,0,1217,0.5179,3.58,49.7,419.0,413.0,01-15,34.0,completed
50,DS,DeepSeek V3,US,all,2025,800,10,1.0,DS_US_all_2025_800_10it.csv,2962,2053,0,1574,0.5363,7.25,49.3,445.0,441.0,01-03,40.0,completed
50,KM,Kimi K2,CN,01-01,2025,800,10,1.0,KM_CN_01_01_2025_800_10it.csv,910,817,0,778,0.5119,2.38,39.8,537.0,522.0,01-01,531.0,completed
50,KM,Kimi K2,CN,07-01,2025,800,10,1.0,KM_CN_07_01_2025_800_10it.csv,1182,1121,0,1079,0.5055,1.1,14.1,556.0,549.0,07-01,318.0,completed
50,KM,Kimi K2,CN,all,2022-2025,800,10,1.0,KM_CN_all_2022-2025_800_10it_alpha1.csv,3150,1512,0,0,,,,,,,,
50,KM,Kimi K2,CN,all,2025,800,10,1.0,KM_CN_all_2025_800_10it.csv,3164,2610,0,2324,0.512,2.39,40.1,537.0,522.0,01-02,522.0,completed
50,KM,Kimi K2,DE,01-01,2025,800,10,1.0,KM_DE_01_01_2025_800_10it.csv,822,597,0,578,0.6033,20.66,48.3,417.0,413.0,01-01,346.0,completed
50,KM,Kimi K2,DE,07-01,2025,800,10,1.0,KM_DE_07_01_2025_800_10it.csv,814,568,0,549,0.5583,11.66,50.0,426.0,414.0,07-01,326.0,completed
50,KM,Kimi K2,DE,all,2022-2025,800,10,1.0,KM_DE_all_2022-2025_800_10it_alpha1.csv,2478,1739,0,1473,0.5465,9.29,49.1,432.0,418.0,12-30,344.0,completed
50,KM,Kimi K2,DE,all,2025,800,10,1.0,KM_DE_all_2025_800_10it.csv,3674,2413,0,2271,0.604,20.79,48.8,419.0,408.0,12-30,320.0,completed
50,KM,Kimi K2,IT,01-01,2025,800,10,1.0,KM_IT_01_01_2025_800_10it.csv,968,739,0,665,0.5646,12.92,48.3,330.0,318.0,01-01,510.0,completed
50,KM,Kimi K2,IT,07-01,2025,800,10,1.0,KM_IT_07_01_2025_800_10it.csv,889,649,0,581,0.5265,5.31,49.9,337.0,326.0,07-01,553.0,completed
50,KM,Kimi K2,IT,all,2022-2025,800,10,1.0,KM_IT_all_2022-2025_800_10it_alpha1.csv,2220,1689,0,1117,0.5316,6.31,48.9,349.0,340.0,12-31,489.0,completed
50,KM,Kimi K2,IT,all,2025,800,10,1.0,KM_IT_all_2025_800_10it.csv,3996,2716,0,2192,0.5658,13.16,49.9,329.0,322.0,12-16,559.0,completed
50,KM,Kimi K2,SE,01-01,2025,100,10,1.0,KM_SE_01_01_2025_100_10it.csv,240,153,0,113,0.557,11.41,48.3,21.0,21.0,01-01,766.0,completed
50,KM,Kimi K2,SE,07-01,2025,100,10,1.0,KM_SE_07_01_2025_100_10it.csv,240,165,0,125,0.5428,8.55,35.0,22.0,22.0,07-01,600.0,completed
50,KM,Kimi K2,SE,all,2022-2025,100,10,1.0,KM_SE_all_2022-2025_100_10it_alpha1.csv,1999,1149,0,764,0.5631,12.61,38.4,25.0,24.0,02-22,417.0,completed
50,KM,Kimi K2,SE,all,2025,100,10,1.0,KM_SE_all_2025_100_10it.csv,1642,1124,0,844,0.5628,12.56,35.0,22.0,22.0,03-07,627.0,completed
50,KM,Kimi K2,US,01-01,2025,800,10,1.0,KM_US_01_01_2025_800_10it.csv,708,647,0,560,0.5115,2.29,18.6,458.0,448.0,01-01,188.0,completed
50,KM,Kimi K2,US,07-01,2025,800,10,1.0,KM_US_07_01_2025_800_10it.csv,614,431,0,343,0.5105,2.11,49.9,439.0,435.0,07-01,408.0,completed
50,KM,Kimi K2,US,all,2022-2025,800,10,1.0,KM_US_all_2022-2025_800_10it_alpha1.csv,3720,3080,0,2295,0.5102,2.03,25.6,446.0,438.0,11-09,183.0,completed
50,KM,Kimi K2,US,all,2025,800,10,1.0,KM_US_all_2025_800_10it.csv,3504,2960,0,2339,0.5157,3.13,22.2,453.0,446.0,11-27,218.0,completed
100,DS,DeepSeek V3,CN,01-01,2025,800,10,1.0,DS_CN_01_01_2025_800_10it.csv,787,645,0,594,0.5193,3.86,98.0,526.0,518.0,01-01,126.0,completed
100,DS,DeepSeek V3,CN,07-01,2025,800,10,1.0,DS_CN_07_01_2025_800_10it.csv,1027,965,0,870,0.5056,1.11,50.1,528.0,511.0,07-01,79.0,completed
100,DS,DeepSeek V3,CN,all,2022-2025,800,10,1.0,DS_CN_all_2022-2025_800_10it_alpha1.csv,3561,2821,0,2268,0.5129,2.57,88.9,529.0,524.0,02-06,100.0,completed
100,DS,DeepSeek V3,CN,all,2025,800,10,1.0,DS_CN_all_2025_800_10it.csv,4480,3917,0,3548,0.5309,6.17,72.5,528.0,511.0,02-15,95.0,completed
100,DS,DeepSeek V3,DE,01-01,2025,800,10,1.0,DS_DE_01_01_2025_800_10it.csv,5918,2917,48,2844,0.5814,16.28,95.1,444.0,430.0,01-01,61.0,completed
100,DS,DeepSeek V3,DE,07-01,2025,800,10,1.0,DS_DE_07_01_2025_800_10it.csv,6214,109,41,41,0.6131,22.62,80.1,353.0,271.0,07-01,64.0,completed
100,DS,DeepSeek V3,DE,all,2022-2025,800,10,1.0,DS_DE_all_2022-2025_800_10it_alpha1.csv,22147,918,213,247,0.5836,16.73,91.8,373.0,373.0,03-02,110.0,completed
100,DS,DeepSeek V3,DE,all,2025,800,10,1.0,DS_DE_all_2025_800_10it.csv,2670,759,26,542,0.6931,38.61,99.0,311.0,295.0,03-07,82.0,completed
100,DS,DeepSeek V3,DE,all,2025,800,10,0.05,DS_DE_all_2025_800_10it_alpha05.csv,5592,5449,0,4541,0.5019,6.74,6.0,522.0,515.0,08-31,15.0,completed
100,DS,DeepSeek V3,DE,all,2025,800,10,0.08,DS_DE_all_2025_800_10it_alpha08.csv,3549,3046,0,2855,0.566,36.56,80.3,324.0,322.0,03-09,77.0,completed
100,DS,DeepSeek V3,IT,01-01,2025,800,10,1.0,DS_IT_01_01_2025_800_10it.csv,1809,1081,74,939,0.5657,13.14,99.9,330.0,321.0,01-01,115.0,completed
100,DS,DeepSeek V3,IT,07-01,2025,800,10,1.0,DS_IT_07_01_2025_800_10it.csv,654,215,21,117,0.5435,8.7,81.4,289.0,281.0,07-01,102.0,completed
100,DS,DeepSeek V3,IT,all,2022-2025,800,10,1.0,DS_IT_all_2022-2025_800_10it_alpha1.csv,10215,1916,177,1076,0.5846,16.92,97.6,309.0,291.0,02-14,74.0,completed
100,DS,DeepSeek V3,IT,all,2025,800,10,1.0,DS_IT_all_2025_800_10it.csv,22067,2986,424,2173,0.6412,28.24,98.7,266.0,254.0,02-16,141.0,completed
100,DS,DeepSeek V3,SE,01-01,2025,100,10,1.0,DS_SE_01_01_2025_100_10it.csv,258,211,0,145,0.5388,7.77,27.7,24.0,23.0,01-01,38.0,completed
100,DS,DeepSeek V3,SE,07-01,2025,100,10,1.0,DS_SE_07_01_2025_100_10it.csv,260,199,0,152,0.548,9.61,53.7,18.0,18.0,07-01,89.0,completed
100,DS,DeepSeek V3,SE,all,2022-2025,100,10,1.0,DS_SE_all_2022-2025_100_10it_alpha1.csv,2207,1178,6,737,0.5916,18.33,98.8,22.0,22.0,03-30,90.0,completed
100,DS,DeepSeek V3,SE,all,2025,100,10,1.0,DS_SE_all_2025_100_10it.csv,2394,1492,16,1174,0.6129,22.58,99.9,20.0,18.0,04-21,77.0,completed
100,DS,DeepSeek V3,US,01-01,2025,800,10,1.0,DS_US_01_01_2025_800_10it.csv,996,191,18,105,0.5454,9.08,99.1,403.0,400.0,01-01,69.0,completed
100,DS,DeepSeek V3,US,07-01,2025,800,10,1.0,DS_US_07_01_2025_800_10it.csv,450,278,0,0,,,,,,,,
100,DS,DeepSeek V3,US,all,2022-2025,800,10,1.0,DS_US_all_2022-2025_800_10it_alpha1.csv,3057,2132,3,1433,0.5221,4.41,93.7,405.0,397.0,01-03,56.0,completed
100,DS,DeepSeek V3,US,all,2025,800,10,1.0,DS_US_all_2025_800_10it.csv,3464,1320,20,758,0.5468,9.35,99.0,403.0,396.0,01-03,64.0,completed
100,KM,Kimi K2,CN,01-01,2025,800,10,1.0,KM_CN_01_01_2025_800_10it.csv,903,837,0,796,0.5119,2.38,40.4,536.0,525.0,01-01,617.0,completed
100,KM,Kimi K2,CN,07-01,2025,800,10,1.0,KM_CN_07_01_2025_800_10it.csv,1182,1135,0,1089,0.5055,1.1,14.1,556.0,549.0,07-01,318.0,completed
100,KM,Kimi K2,CN,all,2022-2025,800,10,1.0,KM_CN_all_2022-2025_800_10it_alpha1.csv,3150,1582,0,0,,,,,,,,
100,KM,Kimi K2,CN,all,2025,800,10,1.0,KM_CN_all_2025_800_10it.csv,3172,2738,0,2429,0.512,2.39,40.1,537.0,521.0,01-02,522.0,completed
100,KM,Kimi K2,DE,01-01,2025,800,10,1.0,KM_DE_01_01_2025_800_10it.csv,1342,921,12,890,0.6246,24.91,100.0,349.0,336.0,01-01,505.0,completed
100,KM,Kimi K2,DE,07-01,2025,800,10,1.0,KM_DE_07_01_2025_800_10it.csv,561,471,0,452,0.603,20.61,88.8,349.0,344.0,07-01,531.0,completed
100,KM,Kimi K2,DE,all,2022-2025,800,10,1.0,KM_DE_all_2022-2025_800_10it_alpha1.csv,2476,1528,0,1225,0.5502,10.05,99.9,391.0,388.0,12-31,687.0,completed
100,KM,Kimi K2,DE,all,2025,800,10,1.0,KM_DE_all_2025_800_10it.csv,3391,489,20,334,0.6201,24.01,98.3,381.0,302.0,12-31,390.0,completed
100,KM,Kimi K2,IT,01-01,2025,800,10,1.0,KM_IT_01_01_2025_800_10it.csv,728,531,0,457,0.5756,15.12,99.7,295.0,286.0,01-01,867.0,completed
100,KM,Kimi K2,IT,07-01,2025,800,10,1.0,KM_IT_07_01_2025_800_10it.csv,916,769,0,694,0.554,10.79,88.8,304.0,292.0,07-01,779.0,completed
100,KM,Kimi K2,IT,all,2022-2025,800,10,1.0,KM_IT_all_2022-2025_800_10it_alpha1.csv,3617,741,10,243,0.5307,6.13,53.3,341.0,341.0,12-31,735.0,completed
100,KM,Kimi K2,IT,all,2025,800,10,1.0,KM_IT_all_2025_800_10it.csv,2376,801,12,437,0.5738,14.76,96.8,293.0,293.0,01-01,1117.0,completed
100,KM,Kimi K2,SE,01-01,2025,100,10,1.0,KM_SE_01_01_2025_100_10it.csv,246,159,0,119,0.557,11.41,48.3,21.0,21.0,01-01,766.0,completed
100,KM,Kimi K2,SE,07-01,2025,100,10,1.0,KM_SE_07_01_2025_100_10it.csv,232,134,0,94,0.5493,9.87,78.6,20.0,20.0,07-01,662.0,completed
100,KM,Kimi K2,SE,all,2022-2025,100,10,1.0,KM_SE_all_2022-2025_100_10it_alpha1.csv,2051,1492,0,1104,0.5627,12.53,41.9,25.0,24.0,02-06,441.0,completed
100,KM,Kimi K2,SE,all,2025,100,10,1.0,KM_SE_all_2025_100_10it.csv,1586,1182,0,902,0.5628,12.56,35.0,22.0,22.0,03-07,627.0,completed
100,KM,Kimi K2,US,01-01,2025,800,10,1.0,KM_US_01_01_2025_800_10it.csv,708,664,0,567,0.5115,2.29,18.6,458.0,448.0,01-01,188.0,completed
100,KM,Kimi K2,US,07-01,2025,800,10,1.0,KM_US_07_01_2025_800_10it.csv,677,607,0,528,0.512,2.39,54.9,436.0,429.0,07-01,388.0,completed
100,KM,Kimi K2,US,all,2022-2025,800,10,1.0,KM_US_all_2022-2025_800_10it_alpha1.csv,3720,3352,0,2302,0.5102,2.03,25.6,446.0,438.0,11-09,183.0,completed
100,KM,Kimi K2,US,all,2025,800,10,1.0,KM_US_all_2025_800_10it.csv,3504,3194,0,2536,0.5157,3.13,22.2,453.0,446.0,11-27,218.0,completed
200,DS,DeepSeek V3,CN,01-01,2025,800,10,1.0,DS_CN_01_01_2025_800_10it.csv,690,633,0,578,0.5196,3.92,151.6,496.0,488.0,01-01,144.0,completed
200,DS,DeepSeek V3,CN,07-01,2025,800,10,1.0,DS_CN_07_01_2025_800_10it.csv,1027,985,0,870,0.5056,1.11,50.1,528.0,511.0,07-01,79.0,completed
200,DS,DeepSeek V3,CN,all,2022-2025,800,10,1.0,DS_CN_all_2022-2025_800_10it_alpha1.csv,3561,3215,0,2603,0.5129,2.57,88.9,529.0,524.0,02-06,100.0,completed
200,DS,DeepSeek V3,CN,all,2025,800,10,1.0,DS_CN_all_2025_800_10it.csv,4480,4174,0,3787,0.5309,6.17,72.5,528.0,511.0,02-15,95.0,completed
200,DS,DeepSeek V3,DE,01-01,2025,800,10,1.0,DS_DE_01_01_2025_800_10it.csv,1468,1235,0,1214,0.6727,34.53,199.9,296.0,273.0,01-01,90.0,completed
200,DS,DeepSeek V3,DE,07-01,2025,800,10,1.0,DS_DE_07_01_2025_800_10it.csv,501,424,0,397,0.6271,25.42,128.7,276.0,275.0,07-01,102.0,completed
200,DS,DeepSeek V3,DE,all,2022-2025,800,10,1.0,DS_DE_all_2022-2025_800_10it_alpha1.csv,3047,1916,0,1669,0.5985,19.7,198.3,337.0,328.0,02-06,135.0,completed
200,DS,DeepSeek V3,DE,all,2025,800,10,1.0,DS_DE_all_2025_800_10it.csv,4042,3507,0,3330,0.7168,43.35,174.3,273.0,268.0,02-01,102.0,completed
200,DS,DeepSeek V3,DE,all,2025,800,10,0.05,DS_DE_all_2025_800_10it_alpha05.csv,5526,5409,0,4893,0.515,15.53,19.1,474.0,466.0,08-30,22.0,completed
200,DS,DeepSeek V3,DE,all,2025,800,10,0.08,DS_DE_all_2025_800_10it_alpha08.csv,4065,3792,0,3600,0.6073,39.37,100.4,298.0,294.0,03-08,82.0,completed
200,DS,DeepSeek V3,IT,01-01,2025,800,10,1.0,DS_IT_01_01_2025_800_10it.csv,952,746,0,696,0.6447,28.93,196.4,248.0,236.0,01-01,173.0,completed
200,DS,DeepSeek V3,IT,07-01,2025,800,10,1.0,DS_IT_07_01_2025_800_10it.csv,539,478,0,424,0.5441,8.81,83.7,287.0,278.0,07-01,102.0,completed
200,DS,DeepSeek V3,IT,all,2022-2025,800,10,1.0,DS_IT_all_2022-2025_800_10it_alpha1.csv,3716,3163,0,2545,0.5937,18.74,137.3,293.0,285.0,02-04,111.0,completed
200,DS,DeepSeek V3,IT,all,2025,800,10,1.0,DS_IT_all_2025_800_10it.csv,3976,3078,0,2701,0.6633,32.67,194.7,247.0,230.0,01-14,173.0,completed
200,DS,DeepSeek V3,SE,01-01,2025,100,10,1.0,DS_SE_01_01_2025_100_10it.csv,246,192,0,144,0.5388,7.77,27.7,24.0,23.0,01-01,38.0,completed
200,DS,DeepSeek V3,SE,07-01,2025,100,10,1.0,DS_SE_07_01_2025_100_10it.csv,260,199,0,152,0.548,9.61,53.7,18.0,18.0,07-01,89.0,completed
200,DS,DeepSeek V3,SE,all,2022-2025,100,10,1.0,DS_SE_all_2022-2025_100_10it_alpha1.csv,1782,1085,0,720,0.6113,22.26,167.4,19.0,19.0,03-20,91.0,completed
200,DS,DeepSeek V3,SE,all,2025,100,10,1.0,DS_SE_all_2025_100_10it.csv,1948,1432,0,1128,0.6158,23.17,106.3,19.0,17.0,04-22,85.0,completed
200,DS,DeepSeek V3,US,01-01,2025,800,10,1.0,DS_US_01_01_2025_800_10it.csv,625,556,0,488,0.5463,9.26,119.1,392.0,388.0,01-01,77.0,completed
200,DS,DeepSeek V3,US,07-01,2025,800,10,1.0,DS_US_07_01_2025_800_10it.csv,450,278,0,0,,,,,,,,
200,DS,DeepSeek V3,US,all,2022-2025,800,10,1.0,DS_US_all_2022-2025_800_10it_alpha1.csv,3189,2712,0,1923,0.5221,4.41,93.7,405.0,397.0,01-03,56.0,completed
200,DS,DeepSeek V3,US,all,2025,800,10,1.0,DS_US_all_2025_800_10it.csv,3017,2572,0,2028,0.5473,9.47,115.7,396.0,386.0,01-03,66.0,completed
200,KM,Kimi K2,CN,01-01,2025,800,10,1.0,KM_CN_01_01_2025_800_10it.csv,903,861,0,808,0.5119,2.38,40.4,536.0,525.0,01-01,617.0,completed
200,KM,Kimi K2,CN,07-01,2025,800,10,1.0,KM_CN_07_01_2025_800_10it.csv,1182,1142,0,1089,0.5055,1.1,14.1,556.0,549.0,07-01,318.0,completed
200,KM,Kimi K2,CN,all,2022-2025,800,10,1.0,KM_CN_all_2022-2025_800_10it_alpha1.csv,3150,1582,0,0,,,,,,,,
200,KM,Kimi K2,CN,all,2025,800,10,1.0,KM_CN_all_2025_800_10it.csv,3172,2878,0,2489,0.512,2.39,40.1,537.0,521.0,01-02,522.0,completed
200,KM,Kimi K2,DE,01-01,2025,800,10,1.0,KM_DE_01_01_2025_800_10it.csv,531,363,0,344,0.6371,27.42,199.2,265.0,265.0,01-01,994.0,completed
200,KM,Kimi K2,DE,07-01,2025,800,10,1.0,KM_DE_07_01_2025_800_10it.csv,568,486,0,467,0.6151,23.01,168.4,284.0,277.0,07-01,811.0,completed
200,KM,Kimi K2,DE,all,2022-2025,800,10,1.0,KM_DE_all_2022-2025_800_10it_alpha1.csv,2620,2271,0,1957,0.5533,10.65,110.9,387.0,379.0,12-31,701.0,completed
200,KM,Kimi K2,DE,all,2025,800,10,1.0,KM_DE_all_2025_800_10it.csv,2452,1762,0,1627,0.6373,27.47,199.4,268.0,261.0,12-31,887.0,completed
200,KM,Kimi K2,IT,01-01,2025,800,10,1.0,KM_IT_01_01_2025_800_10it.csv,698,643,0,593,0.5814,16.28,122.1,282.0,273.0,01-01,1029.0,completed
200,KM,Kimi K2,IT,07-01,2025,800,10,1.0,KM_IT_07_01_2025_800_10it.csv,743,665,0,614,0.5602,12.04,163.1,270.0,258.0,07-01,1059.0,completed
200,KM,Kimi K2,IT,all,2022-2025,800,10,1.0,KM_IT_all_2022-2025_800_10it_alpha1.csv,2338,2100,0,1598,0.5319,6.37,112.2,323.0,314.0,12-31,777.0,completed
200,KM,Kimi K2,IT,all,2025,800,10,1.0,KM_IT_all_2025_800_10it.csv,3085,2685,0,2330,0.5828,16.57,129.1,280.0,272.0,12-02,1069.0,completed
200,KM,Kimi K2,SE,01-01,2025,100,10,1.0,KM_SE_01_01_2025_100_10it.csv,246,179,0,139,0.557,11.41,48.3,21.0,21.0,01-01,766.0,completed
200,KM,Kimi K2,SE,07-01,2025,100,10,1.0,KM_SE_07_01_2025_100_10it.csv,232,158,0,117,0.5493,9.87,78.6,20.0,20.0,07-01,662.0,completed
200,KM,Kimi K2,SE,all,2022-2025,100,10,1.0,KM_SE_all_2022-2025_100_10it_alpha1.csv,1923,1511,0,1193,0.5642,12.84,115.4,22.0,21.0,02-14,522.0,completed
200,KM,Kimi K2,SE,all,2025,100,10,1.0,KM_SE_all_2025_100_10it.csv,1586,1243,0,963,0.5628,12.56,35.0,22.0,22.0,03-07,627.0,completed
200,KM,Kimi K2,US,01-01,2025,800,10,1.0,KM_US_01_01_2025_800_10it.csv,708,673,0,567,0.5115,2.29,18.6,458.0,448.0,01-01,188.0,completed
200,KM,Kimi K2,US,07-01,2025,800,10,1.0,KM_US_07_01_2025_800_10it.csv,677,637,0,528,0.512,2.39,54.9,436.0,429.0,07-01,388.0,completed
200,KM,Kimi K2,US,all,2022-2025,800,10,1.0,KM_US_all_2022-2025_800_10it_alpha1.csv,3720,3443,0,2302,0.5102,2.03,25.6,446.0,438.0,11-09,183.0,completed
200,KM,Kimi K2,US,all,2025,800,10,1.0,KM_US_all_2025_800_10it.csv,3504,3259,0,2536,0.5157,3.13,22.2,453.0,446.0,11-27,218.0,completed
