budget,file,model,region,start_date,year,n_feasible,margin_best,margin_rel_best,savings_best,overhead_best,pauses_best,score_best,score_zero,savings_capped10,savings_capped20,regret10,regret20,pause_delta10,margin_rank,small10,small20
10,DS_CN_01_01_2025_800_10it.csv,DeepSeek V3,CN,01-01,2025,596,11,0.01375,0.35,9.9,25,0.5017,0.5014,0.34,0.35,0.009999999999999953,0.0,0,0.6560402684563759,False,True
10,DS_CN_all_2025_800_10it.csv,DeepSeek V3,CN,all,2025,4506,17,0.02125,1.69,9.7,29,0.5084,0.5083,1.67,1.69,0.020000000000000018,0.0,10,0.6407012871726587,False,True
10,DS_DE_01_01_2025_800_10it.csv,DeepSeek V3,DE,01-01,2025,546,5,0.00625,1.41,6.4,11,0.5071,0.507,1.41,1.41,0.0,0.0,0,0.36446886446886445,True,True
10,DS_DE_07_01_2025_800_10it.csv,DeepSeek V3,DE,07-01,2025,649,13,0.01625,3.66,10.0,20,0.5183,0.5178,3.65,3.66,0.010000000000000231,0.0,1,0.6517719568567026,False,True
10,DS_DE_all_2022-2025_800_10it_alpha1.csv,DeepSeek V3,DE,all,2022-2025,3874,7,0.00875,4.46,10.0,20,0.5223,0.5214,4.46,4.46,0.0,0.0,0,0.3069179143004646,True,True
10,DS_DE_all_2025_800_10it.csv,DeepSeek V3,DE,all,2025,3070,3,0.00375,10.19,10.0,22,0.5509,0.5507,10.19,10.19,0.0,0.0,0,0.1739413680781759,True,True
10,DS_IT_07_01_2025_800_10it.csv,DeepSeek V3,IT,07-01,2025,328,2,0.0025,1.86,10.0,31,0.5093,0.5093,1.86,1.86,0.0,0.0,0,0.22865853658536586,True,True
10,DS_IT_all_2022-2025_800_10it_alpha1.csv,DeepSeek V3,IT,all,2022-2025,3672,15,0.01875,3.57,10.0,15,0.5179,0.5175,3.53,3.57,0.040000000000000036,0.0,10,0.6443355119825708,False,True
10,DS_IT_all_2025_800_10it.csv,DeepSeek V3,IT,all,2025,5196,10,0.0125,4.13,10.0,25,0.5206,0.5185,4.13,4.13,0.0,0.0,0,0.35026943802925325,True,True
10,DS_SE_01_01_2025_100_10it.csv,DeepSeek V3,SE,01-01,2025,171,2,0.02,3.28,9.5,19,0.5164,0.5156,3.28,3.28,0.0,0.0,0,0.3157894736842105,True,True
10,DS_SE_07_01_2025_100_10it.csv,DeepSeek V3,SE,07-01,2025,229,3,0.03,4.92,9.6,28,0.5246,0.5244,4.92,4.92,0.0,0.0,0,0.4017467248908297,True,True
10,DS_SE_all_2022-2025_100_10it_alpha1.csv,DeepSeek V3,SE,all,2022-2025,949,1,0.01,5.03,9.9,31,0.5252,0.5247,5.03,5.03,0.0,0.0,0,0.18229715489989462,True,True
10,DS_SE_all_2025_100_10it.csv,DeepSeek V3,SE,all,2025,1152,2,0.02,8.92,9.8,29,0.5446,0.5442,8.92,8.92,0.0,0.0,0,0.3229166666666667,True,True
25,DS_CN_01_01_2025_800_10it.csv,DeepSeek V3,CN,01-01,2025,644,14,0.0175,0.65,24.8,47,0.5033,0.503,0.65,0.65,0.0,0.0,7,0.7142857142857143,False,True
25,DS_CN_all_2025_800_10it.csv,DeepSeek V3,CN,all,2025,2732,12,0.015,3.84,24.3,43,0.5192,0.519,3.84,3.84,0.0,0.0,3,0.5483162518301611,False,True
25,DS_DE_01_01_2025_800_10it.csv,DeepSeek V3,DE,01-01,2025,301,11,0.01375,4.98,24.9,30,0.5249,0.5247,4.98,4.98,0.0,0.0,1,0.6046511627906976,False,True
25,DS_DE_07_01_2025_800_10it.csv,DeepSeek V3,DE,07-01,2025,626,6,0.0075,9.3,25.0,36,0.5465,0.5463,9.3,9.3,0.0,0.0,0,0.3722044728434505,True,True
25,DS_DE_all_2022-2025_800_10it_alpha1.csv,DeepSeek V3,DE,all,2022-2025,2078,3,0.00375,10.76,25.0,15,0.5538,0.5532,10.76,10.76,0.0,0.0,0,0.22329162656400384,True,True
25,DS_DE_all_2025_800_10it.csv,DeepSeek V3,DE,all,2025,731,36,0.045,17.15,24.0,27,0.5857,0.5805,16.1,16.39,1.0499999999999972,0.759999999999998,10,0.2161422708618331,False,False
25,DS_IT_07_01_2025_800_10it.csv,DeepSeek V3,IT,07-01,2025,416,6,0.0075,4.9,24.9,46,0.5245,0.5226,4.9,4.9,0.0,0.0,0,0.5072115384615384,True,True
25,DS_IT_all_2022-2025_800_10it_alpha1.csv,DeepSeek V3,IT,all,2022-2025,2444,10,0.0125,7.05,25.0,37,0.5353,0.5351,7.05,7.05,0.0,0.0,0,0.4746317512274959,True,True
25,DS_IT_all_2025_800_10it.csv,DeepSeek V3,IT,all,2025,703,14,0.0175,11.17,24.9,62,0.5558,0.5545,11.13,11.17,0.03999999999999915,0.0,19,0.23186344238975817,False,True
25,DS_SE_01_01_2025_100_10it.csv,DeepSeek V3,SE,01-01,2025,120,0,0.0,7.52,22.5,43,0.5376,0.5376,7.52,7.52,0.0,0.0,0,0.0,True,True
25,DS_SE_07_01_2025_100_10it.csv,DeepSeek V3,SE,07-01,2025,184,3,0.03,8.27,24.2,44,0.5413,0.5413,8.27,8.27,0.0,0.0,0,0.4891304347826087,True,True
25,DS_SE_all_2022-2025_100_10it_alpha1.csv,DeepSeek V3,SE,all,2022-2025,621,3,0.03,7.24,24.9,25,0.5362,0.5359,7.24,7.24,0.0,0.0,0,0.3977455716586151,True,True
25,DS_SE_all_2025_100_10it.csv,DeepSeek V3,SE,all,2025,916,1,0.01,14.88,24.8,64,0.5744,0.5735,14.88,14.88,0.0,0.0,0,0.18668122270742357,True,True
25,DS_US_all_2022-2025_800_10it_alpha1.csv,DeepSeek V3,US,all,2022-2025,697,10,0.0125,2.72,24.8,11,0.5136,0.5128,2.72,2.72,0.0,0.0,0,0.3428981348637016,True,True
25,DS_US_all_2025_800_10it.csv,DeepSeek V3,US,all,2025,741,4,0.005,2.05,23.5,50,0.5102,0.5096,2.05,2.05,0.0,0.0,0,0.25371120107962214,True,True
50,DS_CN_01_01_2025_800_10it.csv,DeepSeek V3,CN,01-01,2025,392,4,0.005,1.83,50.0,76,0.5092,0.5089,1.83,1.83,0.0,0.0,0,0.3112244897959184,True,True
50,DS_CN_07_01_2025_800_10it.csv,DeepSeek V3,CN,07-01,2025,882,14,0.0175,1.1,48.5,84,0.5055,0.5046,1.08,1.1,0.020000000000000018,0.0,14,0.6077097505668935,False,True
50,DS_CN_all_2022-2025_800_10it_alpha1.csv,DeepSeek V3,CN,all,2022-2025,2789,12,0.015,2.16,39.1,50,0.5108,0.5105,2.15,2.16,0.010000000000000231,0.0,5,0.5916098960200789,False,True
50,DS_CN_all_2025_800_10it.csv,DeepSeek V3,CN,all,2025,2235,7,0.00875,4.93,50.0,74,0.5247,0.5241,4.93,4.93,0.0,0.0,0,0.3794183445190157,True,True
50,DS_DE_01_01_2025_800_10it.csv,DeepSeek V3,DE,01-01,2025,352,6,0.0075,8.01,49.9,45,0.54,0.5398,8.01,8.01,0.0,0.0,0,0.5482954545454546,True,True
50,DS_DE_07_01_2025_800_10it.csv,DeepSeek V3,DE,07-01,2025,656,10,0.0125,19.04,50.0,57,0.5952,0.594,19.04,19.04,0.0,0.0,0,0.5274390243902439,True,True
50,DS_DE_all_2022-2025_800_10it_alpha1.csv,DeepSeek V3,DE,all,2022-2025,2585,5,0.00625,13.6,42.4,23,0.568,0.5678,13.6,13.6,0.0,0.0,0,0.29477756286266926,True,True
50,DS_DE_all_2025_800_10it.csv,DeepSeek V3,DE,all,2025,2664,8,0.01,27.65,49.0,52,0.6383,0.6379,27.65,27.65,0.0,0.0,0,0.3577327327327327,True,True
50,DS_IT_07_01_2025_800_10it.csv,DeepSeek V3,IT,07-01,2025,429,6,0.0075,6.45,48.7,71,0.5323,0.5319,6.45,6.45,0.0,0.0,0,0.4755244755244755,True,True
50,DS_IT_all_2022-2025_800_10it_alpha1.csv,DeepSeek V3,IT,all,2022-2025,1471,5,0.00625,11.08,48.9,63,0.5554,0.5552,11.08,11.08,0.0,0.0,0,0.40244731475186946,True,True
50,DS_IT_all_2025_800_10it.csv,DeepSeek V3,IT,all,2025,4263,18,0.0225,17.89,50.0,82,0.5895,0.5879,17.74,17.89,0.15000000000000213,0.0,27,0.588552662444288,False,True
50,DS_SE_01_01_2025_100_10it.csv,DeepSeek V3,SE,01-01,2025,127,0,0.0,7.77,27.7,38,0.5388,0.5388,7.77,7.77,0.0,0.0,0,0.0,True,True
50,DS_SE_07_01_2025_100_10it.csv,DeepSeek V3,SE,07-01,2025,101,0,0.0,9.49,49.8,98,0.5474,0.5474,9.49,9.49,0.0,0.0,0,0.0,True,True
50,DS_SE_all_2022-2025_100_10it_alpha1.csv,DeepSeek V3,SE,all,2022-2025,1155,2,0.02,10.16,49.5,36,0.5508,0.5502,10.16,10.16,0.0,0.0,0,0.3471861471861472,True,True
50,DS_SE_all_2025_100_10it.csv,DeepSeek V3,SE,all,2025,1013,0,0.0,19.14,46.1,70,0.5957,0.5957,19.14,19.14,0.0,0.0,0,0.0,True,True
50,DS_US_01_01_2025_800_10it.csv,DeepSeek V3,US,01-01,2025,659,11,0.01375,6.94,49.9,32,0.5347,0.5338,6.93,6.94,0.010000000000000675,0.0,4,0.6054628224582701,False,True
50,DS_US_all_2022-2025_800_10it_alpha1.csv,DeepSeek V3,US,all,2022-2025,1217,6,0.0075,3.58,49.3,35,0.5179,0.5178,3.58,3.58,0.0,0.0,0,0.44535743631881675,True,True
50,DS_US_all_2025_800_10it.csv,DeepSeek V3,US,all,2025,1574,11,0.01375,7.26,49.4,32,0.5363,0.5358,7.25,7.26,0.009999999999999787,0.0,8,0.5260482846251588,False,True
100,DS_CN_01_01_2025_800_10it.csv,DeepSeek V3,CN,01-01,2025,594,12,0.015,3.87,98.2,114,0.5193,0.5188,3.86,3.87,0.010000000000000231,0.0,12,0.7121212121212122,False,True
100,DS_CN_07_01_2025_800_10it.csv,DeepSeek V3,CN,07-01,2025,870,14,0.0175,1.12,50.1,84,0.5056,0.5049,1.09,1.12,0.030000000000000027,0.0,13,0.6459770114942529,False,True
100,DS_CN_all_2022-2025_800_10it_alpha1.csv,DeepSeek V3,CN,all,2022-2025,2268,9,0.01125,2.58,88.8,91,0.5129,0.5126,2.58,2.58,0.0,0.0,0,0.5246913580246914,True,True
100,DS_CN_all_2025_800_10it.csv,DeepSeek V3,CN,all,2025,3548,16,0.02,6.17,72.5,95,0.5309,0.5306,6.17,6.17,0.0,0.0,17,0.6505073280721533,False,True
100,DS_DE_01_01_2025_800_10it.csv,DeepSeek V3,DE,01-01,2025,2844,26,0.0325,16.28,96.8,54,0.5814,0.581,16.25,16.28,0.030000000000001137,0.0,8,0.3906469760900141,False,False
100,DS_DE_07_01_2025_800_10it.csv,DeepSeek V3,DE,07-01,2025,41,82,0.1025,22.62,80.1,64,0.6131,0.6107,22.13,22.13,0.490000000000002,0.490000000000002,28,0.5121951219512195,False,False
100,DS_DE_all_2022-2025_800_10it_alpha1.csv,DeepSeek V3,DE,all,2022-2025,247,0,0.0,16.73,91.8,110,0.5836,0.5836,16.73,16.73,0.0,0.0,0,0.0,True,True
100,DS_DE_all_2025_800_10it.csv,DeepSeek V3,DE,all,2025,542,16,0.02,38.61,99.0,82,0.6931,0.6929,38.59,38.61,0.01999999999999602,0.0,20,0.1863468634686347,False,True
100,DS_IT_01_01_2025_800_10it.csv,DeepSeek V3,IT,01-01,2025,939,9,0.01125,13.14,99.9,115,0.5657,0.5587,13.14,13.14,0.0,0.0,0,0.3919062832800852,True,True
100,DS_IT_07_01_2025_800_10it.csv,DeepSeek V3,IT,07-01,2025,117,25,0.03125,8.7,81.9,84,0.5435,0.5421,8.7,8.7,0.0,0.0,18,0.3333333333333333,False,False
100,DS_IT_all_2022-2025_800_10it_alpha1.csv,DeepSeek V3,IT,all,2022-2025,1076,18,0.0225,16.92,97.6,74,0.5846,0.5844,16.87,16.92,0.05000000000000071,0.0,42,0.4739776951672863,False,True
100,DS_IT_all_2025_800_10it.csv,DeepSeek V3,IT,all,2025,2173,15,0.01875,28.24,98.7,136,0.6412,0.6393,28.19,28.24,0.04999999999999716,0.0,9,0.42153704555913485,False,True
100,DS_SE_01_01_2025_100_10it.csv,DeepSeek V3,SE,01-01,2025,145,0,0.0,7.77,27.7,38,0.5388,0.5388,7.77,7.77,0.0,0.0,0,0.0,True,True
100,DS_SE_07_01_2025_100_10it.csv,DeepSeek V3,SE,07-01,2025,152,1,0.01,9.61,53.7,89,0.548,0.548,9.61,9.61,0.0,0.0,0,0.25,True,True
100,DS_SE_all_2022-2025_100_10it_alpha1.csv,DeepSeek V3,SE,all,2022-2025,737,0,0.0,18.33,98.8,90,0.5916,0.5916,18.33,18.33,0.0,0.0,0,0.0,True,True
100,DS_SE_all_2025_100_10it.csv,DeepSeek V3,SE,all,2025,1174,2,0.02,22.58,99.9,77,0.6129,0.6121,22.58,22.58,0.0,0.0,0,0.4080068143100511,True,True
100,DS_US_01_01_2025_800_10it.csv,DeepSeek V3,US,01-01,2025,105,3,0.00375,9.08,99.1,69,0.5454,0.5447,9.08,9.08,0.0,0.0,0,0.17142857142857143,True,True
100,DS_US_all_2022-2025_800_10it_alpha1.csv,DeepSeek V3,US,all,2022-2025,1433,9,0.01125,4.42,95.7,52,0.5221,0.5218,4.42,4.42,0.0,0.0,0,0.5380321004884857,True,True
100,DS_US_all_2025_800_10it.csv,DeepSeek V3,US,all,2025,758,7,0.00875,9.35,99.0,64,0.5468,0.5459,9.35,9.35,0.0,0.0,0,0.16886543535620052,True,True
200,DS_CN_01_01_2025_800_10it.csv,DeepSeek V3,CN,01-01,2025,578,6,0.0075,3.92,144.2,148,0.5196,0.5195,3.92,3.92,0.0,0.0,0,0.43079584775086505,True,True
200,DS_CN_07_01_2025_800_10it.csv,DeepSeek V3,CN,07-01,2025,870,14,0.0175,1.12,50.1,84,0.5056,0.5049,1.09,1.12,0.030000000000000027,0.0,13,0.6459770114942529,False,True
200,DS_CN_all_2022-2025_800_10it_alpha1.csv,DeepSeek V3,CN,all,2022-2025,2603,9,0.01125,2.58,88.8,91,0.5129,0.5126,2.58,2.58,0.0,0.0,0,0.5094122166730696,True,True
200,DS_CN_all_2025_800_10it.csv,DeepSeek V3,CN,all,2025,3787,16,0.02,6.17,72.5,95,0.5309,0.5306,6.17,6.17,0.0,0.0,17,0.6287298653287563,False,True
200,DS_DE_01_01_2025_800_10it.csv,DeepSeek V3,DE,01-01,2025,1214,21,0.02625,34.53,199.9,90,0.6727,0.6711,34.21,34.53,0.3200000000000003,0.0,2,0.7100494233937397,False,False
200,DS_DE_07_01_2025_800_10it.csv,DeepSeek V3,DE,07-01,2025,397,2,0.0025,25.42,128.7,102,0.6271,0.627,25.42,25.42,0.0,0.0,0,0.22670025188916876,True,True
200,DS_DE_all_2022-2025_800_10it_alpha1.csv,DeepSeek V3,DE,all,2022-2025,1669,4,0.005,19.71,198.3,137,0.5985,0.5983,19.71,19.71,0.0,0.0,0,0.33493109646494906,True,True
200,DS_DE_all_2025_800_10it.csv,DeepSeek V3,DE,all,2025,3330,4,0.005,43.35,174.3,102,0.7168,0.7166,43.35,43.35,0.0,0.0,0,0.2249249249249249,True,True
200,DS_IT_01_01_2025_800_10it.csv,DeepSeek V3,IT,01-01,2025,696,11,0.01375,28.93,196.4,173,0.6447,0.6439,28.9,28.93,0.030000000000001137,0.0,19,0.625,False,True
200,DS_IT_07_01_2025_800_10it.csv,DeepSeek V3,IT,07-01,2025,424,1,0.00125,8.81,81.9,110,0.5441,0.5438,8.81,8.81,0.0,0.0,0,0.14386792452830188,True,True
200,DS_IT_all_2022-2025_800_10it_alpha1.csv,DeepSeek V3,IT,all,2022-2025,2545,6,0.0075,18.74,137.5,117,0.5937,0.5931,18.74,18.74,0.0,0.0,0,0.28919449901768174,True,True
200,DS_IT_all_2025_800_10it.csv,DeepSeek V3,IT,all,2025,2701,15,0.01875,32.67,194.7,173,0.6633,0.6626,32.62,32.67,0.05000000000000426,0.0,20,0.5660866345797853,False,True
200,DS_SE_01_01_2025_100_10it.csv,DeepSeek V3,SE,01-01,2025,144,0,0.0,7.77,27.7,38,0.5388,0.5388,7.77,7.77,0.0,0.0,0,0.0,True,True
200,DS_SE_07_01_2025_100_10it.csv,DeepSeek V3,SE,07-01,2025,152,1,0.01,9.61,53.7,89,0.548,0.548,9.61,9.61,0.0,0.0,0,0.25,True,True
200,DS_SE_all_2022-2025_100_10it_alpha1.csv,DeepSeek V3,SE,all,2022-2025,720,0,0.0,22.26,167.4,91,0.6113,0.6113,22.26,22.26,0.0,0.0,0,0.0,True,True
200,DS_SE_all_2025_100_10it.csv,DeepSeek V3,SE,all,2025,1128,1,0.01,23.17,106.3,85,0.6158,0.6158,23.17,23.17,0.0,0.0,0,0.26063829787234044,True,True
200,DS_US_01_01_2025_800_10it.csv,DeepSeek V3,US,01-01,2025,488,6,0.0075,9.27,119.1,70,0.5463,0.5462,9.27,9.27,0.0,0.0,0,0.4979508196721312,True,True
200,DS_US_all_2022-2025_800_10it_alpha1.csv,DeepSeek V3,US,all,2022-2025,1923,9,0.01125,4.43,95.4,51,0.5221,0.5218,4.43,4.43,0.0,0.0,0,0.515340613624545,True,True
200,DS_US_all_2025_800_10it.csv,DeepSeek V3,US,all,2025,2028,10,0.0125,9.47,115.7,66,0.5473,0.5468,9.47,9.47,0.0,0.0,0,0.522189349112426,True,True
