budget,file,model,region,start_date,year,k,n_feasible,margin_best,margin_rel_best,is_small_10,is_small_20,is_small_rel02,is_small_rel05,topk_small_10_rate,topk_small_20_rate,topk_small_rel02_rate,topk_small_rel05_rate,feasible_small_10_rate,feasible_small_20_rate,common
10,DS_CN_01_01_2025_800_10it.csv,DeepSeek V3,CN,01-01,2025,1,596,9,0.01125,True,True,True,True,1.0,1.0,1.0,1.0,0.6560402684563759,0.860738255033557,True
10,DS_CN_01_01_2025_800_10it.csv,DeepSeek V3,CN,01-01,2025,5,596,9,0.01125,True,True,True,True,0.2,1.0,0.6,1.0,0.6560402684563759,0.860738255033557,True
10,DS_CN_01_01_2025_800_10it.csv,DeepSeek V3,CN,01-01,2025,10,596,9,0.01125,True,True,True,True,0.2,1.0,0.7,1.0,0.6560402684563759,0.860738255033557,True
10,DS_CN_all_2025_800_10it.csv,DeepSeek V3,CN,all,2025,1,4506,6,0.0075,True,True,True,True,1.0,1.0,1.0,1.0,0.4400798934753662,0.7367953839325344,True
10,DS_CN_all_2025_800_10it.csv,DeepSeek V3,CN,all,2025,5,4506,6,0.0075,True,True,True,True,0.2,0.8,0.4,1.0,0.4400798934753662,0.7367953839325344,True
10,DS_CN_all_2025_800_10it.csv,DeepSeek V3,CN,all,2025,10,4506,6,0.0075,True,True,True,True,0.1,0.6,0.2,1.0,0.4400798934753662,0.7367953839325344,True
10,DS_DE_01_01_2025_800_10it.csv,DeepSeek V3,DE,01-01,2025,1,546,3,0.00375,True,True,True,True,1.0,1.0,1.0,1.0,0.7014652014652014,0.8443223443223443,True
10,DS_DE_01_01_2025_800_10it.csv,DeepSeek V3,DE,01-01,2025,5,546,3,0.00375,True,True,True,True,0.8,1.0,1.0,1.0,0.7014652014652014,0.8443223443223443,True
10,DS_DE_01_01_2025_800_10it.csv,DeepSeek V3,DE,01-01,2025,10,546,3,0.00375,True,True,True,True,0.7,1.0,1.0,1.0,0.7014652014652014,0.8443223443223443,True
10,DS_DE_07_01_2025_800_10it.csv,DeepSeek V3,DE,07-01,2025,1,649,10,0.0125,True,True,True,True,1.0,1.0,1.0,1.0,0.5778120184899846,0.7812018489984591,True
10,DS_DE_07_01_2025_800_10it.csv,DeepSeek V3,DE,07-01,2025,5,649,10,0.0125,True,True,True,True,0.8,1.0,1.0,1.0,0.5778120184899846,0.7812018489984591,True
10,DS_DE_07_01_2025_800_10it.csv,DeepSeek V3,DE,07-01,2025,10,649,10,0.0125,True,True,True,True,0.5,1.0,1.0,1.0,0.5778120184899846,0.7812018489984591,True
10,DS_DE_all_2022-2025_800_10it_alpha1.csv,DeepSeek V3,DE,all,2022-2025,1,3874,7,0.00875,True,True,True,True,1.0,1.0,1.0,1.0,0.42643262777490964,0.6004130098089829,True
10,DS_DE_all_2022-2025_800_10it_alpha1.csv,DeepSeek V3,DE,all,2022-2025,5,3874,7,0.00875,True,True,True,True,0.8,1.0,1.0,1.0,0.42643262777490964,0.6004130098089829,True
10,DS_DE_all_2022-2025_800_10it_alpha1.csv,DeepSeek V3,DE,all,2022-2025,10,3874,7,0.00875,True,True,True,True,0.9,1.0,1.0,1.0,0.42643262777490964,0.6004130098089829,True
10,DS_DE_all_2025_800_10it.csv,DeepSeek V3,DE,all,2025,1,3070,11,0.01375,False,True,True,True,0.0,1.0,1.0,1.0,0.4745928338762215,0.6657980456026059,True
10,DS_DE_all_2025_800_10it.csv,DeepSeek V3,DE,all,2025,5,3070,11,0.01375,False,True,True,True,0.6,1.0,1.0,1.0,0.4745928338762215,0.6657980456026059,True
10,DS_DE_all_2025_800_10it.csv,DeepSeek V3,DE,all,2025,10,3070,11,0.01375,False,True,True,True,0.8,1.0,1.0,1.0,0.4745928338762215,0.6657980456026059,True
10,DS_IT_07_01_2025_800_10it.csv,DeepSeek V3,IT,07-01,2025,1,328,4,0.005,True,True,True,True,1.0,1.0,1.0,1.0,0.5853658536585366,0.6951219512195121,True
10,DS_IT_07_01_2025_800_10it.csv,DeepSeek V3,IT,07-01,2025,5,328,4,0.005,True,True,True,True,1.0,1.0,1.0,1.0,0.5853658536585366,0.6951219512195121,True
10,DS_IT_07_01_2025_800_10it.csv,DeepSeek V3,IT,07-01,2025,10,328,4,0.005,True,True,True,True,1.0,1.0,1.0,1.0,0.5853658536585366,0.6951219512195121,True
10,DS_IT_all_2022-2025_800_10it_alpha1.csv,DeepSeek V3,IT,all,2022-2025,1,3672,14,0.0175,False,True,True,True,0.0,1.0,1.0,1.0,0.5166122004357299,0.7366557734204793,True
10,DS_IT_all_2022-2025_800_10it_alpha1.csv,DeepSeek V3,IT,all,2022-2025,5,3672,14,0.0175,False,True,True,True,0.0,1.0,1.0,1.0,0.5166122004357299,0.7366557734204793,True
10,DS_IT_all_2022-2025_800_10it_alpha1.csv,DeepSeek V3,IT,all,2022-2025,10,3672,14,0.0175,False,True,True,True,0.0,1.0,1.0,1.0,0.5166122004357299,0.7366557734204793,True
10,DS_IT_all_2025_800_10it.csv,DeepSeek V3,IT,all,2025,1,5196,12,0.015,False,True,True,True,0.0,1.0,1.0,1.0,0.3789453425712086,0.5910315627405697,True
10,DS_IT_all_2025_800_10it.csv,DeepSeek V3,IT,all,2025,5,5196,12,0.015,False,True,True,True,0.0,1.0,0.8,1.0,0.3789453425712086,0.5910315627405697,True
10,DS_IT_all_2025_800_10it.csv,DeepSeek V3,IT,all,2025,10,5196,12,0.015,False,True,True,True,0.1,1.0,0.9,1.0,0.3789453425712086,0.5910315627405697,True
10,DS_SE_01_01_2025_100_10it.csv,DeepSeek V3,SE,01-01,2025,1,171,3,0.03,True,True,False,True,1.0,1.0,0.0,1.0,0.9239766081871345,0.9941520467836257,True
10,DS_SE_01_01_2025_100_10it.csv,DeepSeek V3,SE,01-01,2025,5,171,3,0.03,True,True,False,True,1.0,1.0,0.2,1.0,0.9239766081871345,0.9941520467836257,True
10,DS_SE_01_01_2025_100_10it.csv,DeepSeek V3,SE,01-01,2025,10,171,3,0.03,True,True,False,True,1.0,1.0,0.6,1.0,0.9239766081871345,0.9941520467836257,True
10,DS_SE_07_01_2025_100_10it.csv,DeepSeek V3,SE,07-01,2025,1,229,4,0.04,True,True,False,True,1.0,1.0,0.0,1.0,0.8602620087336245,0.9781659388646288,True
10,DS_SE_07_01_2025_100_10it.csv,DeepSeek V3,SE,07-01,2025,5,229,4,0.04,True,True,False,True,1.0,1.0,0.0,1.0,0.8602620087336245,0.9781659388646288,True
10,DS_SE_07_01_2025_100_10it.csv,DeepSeek V3,SE,07-01,2025,10,229,4,0.04,True,True,False,True,1.0,1.0,0.0,1.0,0.8602620087336245,0.9781659388646288,True
10,DS_SE_all_2022-2025_100_10it_alpha1.csv,DeepSeek V3,SE,all,2022-2025,1,949,1,0.01,True,True,True,True,1.0,1.0,1.0,1.0,0.8840885142255005,0.9978925184404637,True
10,DS_SE_all_2022-2025_100_10it_alpha1.csv,DeepSeek V3,SE,all,2022-2025,5,949,1,0.01,True,True,True,True,1.0,1.0,1.0,1.0,0.8840885142255005,0.9978925184404637,True
10,DS_SE_all_2022-2025_100_10it_alpha1.csv,DeepSeek V3,SE,all,2022-2025,10,949,1,0.01,True,True,True,True,1.0,1.0,1.0,1.0,0.8840885142255005,0.9978925184404637,True
10,DS_SE_all_2025_100_10it.csv,DeepSeek V3,SE,all,2025,1,1152,3,0.03,True,True,False,True,1.0,1.0,0.0,1.0,0.8368055555555556,0.9609375,True
10,DS_SE_all_2025_100_10it.csv,DeepSeek V3,SE,all,2025,5,1152,3,0.03,True,True,False,True,1.0,1.0,0.4,1.0,0.8368055555555556,0.9609375,True
10,DS_SE_all_2025_100_10it.csv,DeepSeek V3,SE,all,2025,10,1152,3,0.03,True,True,False,True,1.0,1.0,0.7,1.0,0.8368055555555556,0.9609375,True
10,KM_CN_01_01_2025_800_10it.csv,Kimi K2,CN,01-01,2025,1,746,2,0.0025,True,True,True,True,1.0,1.0,1.0,1.0,0.5683646112600537,0.792225201072386,True
10,KM_CN_01_01_2025_800_10it.csv,Kimi K2,CN,01-01,2025,5,746,2,0.0025,True,True,True,True,0.2,0.8,0.6,1.0,0.5683646112600537,0.792225201072386,True
10,KM_CN_01_01_2025_800_10it.csv,Kimi K2,CN,01-01,2025,10,746,2,0.0025,True,True,True,True,0.1,0.9,0.6,1.0,0.5683646112600537,0.792225201072386,True
10,KM_CN_07_01_2025_800_10it.csv,Kimi K2,CN,07-01,2025,1,777,16,0.02,False,True,True,True,0.0,1.0,1.0,1.0,0.5431145431145431,0.8352638352638353,True
10,KM_CN_07_01_2025_800_10it.csv,Kimi K2,CN,07-01,2025,5,777,16,0.02,False,True,True,True,0.0,1.0,1.0,1.0,0.5431145431145431,0.8352638352638353,True
10,KM_CN_07_01_2025_800_10it.csv,Kimi K2,CN,07-01,2025,10,777,16,0.02,False,True,True,True,0.0,1.0,1.0,1.0,0.5431145431145431,0.8352638352638353,True
10,KM_CN_all_2025_800_10it.csv,Kimi K2,CN,all,2025,1,1808,5,0.00625,True,True,True,True,1.0,1.0,1.0,1.0,0.48396017699115046,0.6675884955752213,True
10,KM_CN_all_2025_800_10it.csv,Kimi K2,CN,all,2025,5,1808,5,0.00625,True,True,True,True,1.0,1.0,1.0,1.0,0.48396017699115046,0.6675884955752213,True
10,KM_CN_all_2025_800_10it.csv,Kimi K2,CN,all,2025,10,1808,5,0.00625,True,True,True,True,1.0,1.0,1.0,1.0,0.48396017699115046,0.6675884955752213,True
10,KM_DE_01_01_2025_800_10it.csv,Kimi K2,DE,01-01,2025,1,155,11,0.01375,False,True,True,True,0.0,1.0,1.0,1.0,0.4064516129032258,0.5548387096774193,True
10,KM_DE_01_01_2025_800_10it.csv,Kimi K2,DE,01-01,2025,5,155,11,0.01375,False,True,True,True,0.4,0.8,0.8,1.0,0.4064516129032258,0.5548387096774193,True
10,KM_DE_01_01_2025_800_10it.csv,Kimi K2,DE,01-01,2025,10,155,11,0.01375,False,True,True,True,0.4,0.9,0.8,1.0,0.4064516129032258,0.5548387096774193,True
10,KM_DE_07_01_2025_800_10it.csv,Kimi K2,DE,07-01,2025,1,213,15,0.01875,False,True,True,True,0.0,1.0,1.0,1.0,0.2112676056338028,0.3474178403755869,True
10,KM_DE_07_01_2025_800_10it.csv,Kimi K2,DE,07-01,2025,5,213,15,0.01875,False,True,True,True,0.4,0.8,0.6,1.0,0.2112676056338028,0.3474178403755869,True
10,KM_DE_07_01_2025_800_10it.csv,Kimi K2,DE,07-01,2025,10,213,15,0.01875,False,True,True,True,0.3,0.6,0.4,1.0,0.2112676056338028,0.3474178403755869,True
10,KM_DE_all_2022-2025_800_10it_alpha1.csv,Kimi K2,DE,all,2022-2025,1,2218,16,0.02,False,True,True,True,0.0,1.0,1.0,1.0,0.42560865644724977,0.7078449053201082,True
10,KM_DE_all_2022-2025_800_10it_alpha1.csv,Kimi K2,DE,all,2022-2025,5,2218,16,0.02,False,True,True,True,0.0,1.0,0.6,1.0,0.42560865644724977,0.7078449053201082,True
10,KM_DE_all_2022-2025_800_10it_alpha1.csv,Kimi K2,DE,all,2022-2025,10,2218,16,0.02,False,True,True,True,0.3,0.9,0.7,1.0,0.42560865644724977,0.7078449053201082,True
10,KM_DE_all_2025_800_10it.csv,Kimi K2,DE,all,2025,1,51,0,0.0,True,True,True,True,1.0,1.0,1.0,1.0,0.43137254901960786,0.43137254901960786,True
10,KM_DE_all_2025_800_10it.csv,Kimi K2,DE,all,2025,5,51,0,0.0,True,True,True,True,0.6,0.6,0.6,0.8,0.43137254901960786,0.43137254901960786,True
10,KM_DE_all_2025_800_10it.csv,Kimi K2,DE,all,2025,10,51,0,0.0,True,True,True,True,0.5,0.5,0.5,0.8,0.43137254901960786,0.43137254901960786,True
10,KM_SE_01_01_2025_100_10it.csv,Kimi K2,SE,01-01,2025,1,115,0,0.0,True,True,True,True,1.0,1.0,1.0,1.0,0.8347826086956521,0.9565217391304348,True
10,KM_SE_01_01_2025_100_10it.csv,Kimi K2,SE,01-01,2025,5,115,0,0.0,True,True,True,True,1.0,1.0,1.0,1.0,0.8347826086956521,0.9565217391304348,True
10,KM_SE_01_01_2025_100_10it.csv,Kimi K2,SE,01-01,2025,10,115,0,0.0,True,True,True,True,1.0,1.0,1.0,1.0,0.8347826086956521,0.9565217391304348,True
10,KM_SE_07_01_2025_100_10it.csv,Kimi K2,SE,07-01,2025,1,133,2,0.02,True,True,True,True,1.0,1.0,1.0,1.0,0.8120300751879699,0.9473684210526315,True
10,KM_SE_07_01_2025_100_10it.csv,Kimi K2,SE,07-01,2025,5,133,2,0.02,True,True,True,True,1.0,1.0,1.0,1.0,0.8120300751879699,0.9473684210526315,True
10,KM_SE_07_01_2025_100_10it.csv,Kimi K2,SE,07-01,2025,10,133,2,0.02,True,True,True,True,1.0,1.0,0.7,1.0,0.8120300751879699,0.9473684210526315,True
10,KM_SE_all_2022-2025_100_10it_alpha1.csv,Kimi K2,SE,all,2022-2025,1,485,2,0.02,True,True,True,True,1.0,1.0,1.0,1.0,0.7608247422680412,0.9835051546391752,True
10,KM_SE_all_2022-2025_100_10it_alpha1.csv,Kimi K2,SE,all,2022-2025,5,485,2,0.02,True,True,True,True,1.0,1.0,0.8,1.0,0.7608247422680412,0.9835051546391752,True
10,KM_SE_all_2022-2025_100_10it_alpha1.csv,Kimi K2,SE,all,2022-2025,10,485,2,0.02,True,True,True,True,1.0,1.0,0.9,1.0,0.7608247422680412,0.9835051546391752,True
10,KM_SE_all_2025_100_10it.csv,Kimi K2,SE,all,2025,1,447,0,0.0,True,True,True,True,1.0,1.0,1.0,1.0,0.7539149888143176,0.9149888143176734,True
10,KM_SE_all_2025_100_10it.csv,Kimi K2,SE,all,2025,5,447,0,0.0,True,True,True,True,0.8,1.0,0.4,0.8,0.7539149888143176,0.9149888143176734,True
10,KM_SE_all_2025_100_10it.csv,Kimi K2,SE,all,2025,10,447,0,0.0,True,True,True,True,0.8,1.0,0.5,0.8,0.7539149888143176,0.9149888143176734,True
25,DS_CN_01_01_2025_800_10it.csv,DeepSeek V3,CN,01-01,2025,1,644,15,0.01875,False,True,True,True,0.0,1.0,1.0,1.0,0.5900621118012422,0.8136645962732919,True
25,DS_CN_01_01_2025_800_10it.csv,DeepSeek V3,CN,01-01,2025,5,644,15,0.01875,False,True,True,True,0.0,1.0,1.0,1.0,0.5900621118012422,0.8136645962732919,True
25,DS_CN_01_01_2025_800_10it.csv,DeepSeek V3,CN,01-01,2025,10,644,15,0.01875,False,True,True,True,0.0,1.0,1.0,1.0,0.5900621118012422,0.8136645962732919,True
25,DS_CN_all_2025_800_10it.csv,DeepSeek V3,CN,all,2025,1,2732,11,0.01375,False,True,True,True,0.0,1.0,1.0,1.0,0.513177159590044,0.7324304538799414,True
25,DS_CN_all_2025_800_10it.csv,DeepSeek V3,CN,all,2025,5,2732,11,0.01375,False,True,True,True,0.6,1.0,1.0,1.0,0.513177159590044,0.7324304538799414,True
25,DS_CN_all_2025_800_10it.csv,DeepSeek V3,CN,all,2025,10,2732,11,0.01375,False,True,True,True,0.3,1.0,1.0,1.0,0.513177159590044,0.7324304538799414,True
25,DS_DE_01_01_2025_800_10it.csv,DeepSeek V3,DE,01-01,2025,1,301,2,0.0025,True,True,True,True,1.0,1.0,1.0,1.0,0.6046511627906976,0.7740863787375415,True
25,DS_DE_01_01_2025_800_10it.csv,DeepSeek V3,DE,01-01,2025,5,301,2,0.0025,True,True,True,True,1.0,1.0,1.0,1.0,0.6046511627906976,0.7740863787375415,True
25,DS_DE_01_01_2025_800_10it.csv,DeepSeek V3,DE,01-01,2025,10,301,2,0.0025,True,True,True,True,1.0,1.0,1.0,1.0,0.6046511627906976,0.7740863787375415,True
25,DS_DE_07_01_2025_800_10it.csv,DeepSeek V3,DE,07-01,2025,1,626,7,0.00875,True,True,True,True,1.0,1.0,1.0,1.0,0.5335463258785943,0.645367412140575,True
25,DS_DE_07_01_2025_800_10it.csv,DeepSeek V3,DE,07-01,2025,5,626,7,0.00875,True,True,True,True,0.6,1.0,1.0,1.0,0.5335463258785943,0.645367412140575,True
25,DS_DE_07_01_2025_800_10it.csv,DeepSeek V3,DE,07-01,2025,10,626,7,0.00875,True,True,True,True,0.8,1.0,1.0,1.0,0.5335463258785943,0.645367412140575,True
25,DS_DE_all_2022-2025_800_10it_alpha1.csv,DeepSeek V3,DE,all,2022-2025,1,2078,6,0.0075,True,True,True,True,1.0,1.0,1.0,1.0,0.5707410972088547,0.7771896053897979,True
25,DS_DE_all_2022-2025_800_10it_alpha1.csv,DeepSeek V3,DE,all,2022-2025,5,2078,6,0.0075,True,True,True,True,0.8,1.0,1.0,1.0,0.5707410972088547,0.7771896053897979,True
25,DS_DE_all_2022-2025_800_10it_alpha1.csv,DeepSeek V3,DE,all,2022-2025,10,2078,6,0.0075,True,True,True,True,0.8,1.0,1.0,1.0,0.5707410972088547,0.7771896053897979,True
25,DS_DE_all_2025_800_10it.csv,DeepSeek V3,DE,all,2025,1,731,36,0.045,False,False,False,True,0.0,0.0,0.0,1.0,0.11491108071135431,0.17236662106703146,True
25,DS_DE_all_2025_800_10it.csv,DeepSeek V3,DE,all,2025,5,731,36,0.045,False,False,False,True,0.2,0.4,0.2,0.6,0.11491108071135431,0.17236662106703146,True
25,DS_DE_all_2025_800_10it.csv,DeepSeek V3,DE,all,2025,10,731,36,0.045,False,False,False,True,0.2,0.3,0.2,0.4,0.11491108071135431,0.17236662106703146,True
25,DS_IT_07_01_2025_800_10it.csv,DeepSeek V3,IT,07-01,2025,1,416,7,0.00875,True,True,True,True,1.0,1.0,1.0,1.0,0.6947115384615384,0.8173076923076923,True
25,DS_IT_07_01_2025_800_10it.csv,DeepSeek V3,IT,07-01,2025,5,416,7,0.00875,True,True,True,True,1.0,1.0,1.0,1.0,0.6947115384615384,0.8173076923076923,True
25,DS_IT_07_01_2025_800_10it.csv,DeepSeek V3,IT,07-01,2025,10,416,7,0.00875,True,True,True,True,1.0,1.0,1.0,1.0,0.6947115384615384,0.8173076923076923,True
25,DS_IT_all_2022-2025_800_10it_alpha1.csv,DeepSeek V3,IT,all,2022-2025,1,2444,10,0.0125,True,True,True,True,1.0,1.0,1.0,1.0,0.5188216039279869,0.6726677577741408,True
25,DS_IT_all_2022-2025_800_10it_alpha1.csv,DeepSeek V3,IT,all,2022-2025,5,2444,10,0.0125,True,True,True,True,0.8,1.0,1.0,1.0,0.5188216039279869,0.6726677577741408,True
25,DS_IT_all_2022-2025_800_10it_alpha1.csv,DeepSeek V3,IT,all,2022-2025,10,2444,10,0.0125,True,True,True,True,0.7,1.0,1.0,1.0,0.5188216039279869,0.6726677577741408,True
25,DS_IT_all_2025_800_10it.csv,DeepSeek V3,IT,all,2025,1,703,14,0.0175,False,True,True,True,0.0,1.0,1.0,1.0,0.23186344238975817,0.3357041251778094,True
25,DS_IT_all_2025_800_10it.csv,DeepSeek V3,IT,all,2025,5,703,14,0.0175,False,True,True,True,0.6,0.8,0.8,1.0,0.23186344238975817,0.3357041251778094,True
25,DS_IT_all_2025_800_10it.csv,DeepSeek V3,IT,all,2025,10,703,14,0.0175,False,True,True,True,0.8,0.9,0.9,1.0,0.23186344238975817,0.3357041251778094,True
25,DS_SE_01_01_2025_100_10it.csv,DeepSeek V3,SE,01-01,2025,1,120,0,0.0,True,True,True,True,1.0,1.0,1.0,1.0,0.8416666666666667,0.9916666666666667,True
25,DS_SE_01_01_2025_100_10it.csv,DeepSeek V3,SE,01-01,2025,5,120,0,0.0,True,True,True,True,1.0,1.0,1.0,1.0,0.8416666666666667,0.9916666666666667,True
25,DS_SE_01_01_2025_100_10it.csv,DeepSeek V3,SE,01-01,2025,10,120,0,0.0,True,True,True,True,1.0,1.0,1.0,1.0,0.8416666666666667,0.9916666666666667,True
25,DS_SE_07_01_2025_100_10it.csv,DeepSeek V3,SE,07-01,2025,1,184,0,0.0,True,True,True,True,1.0,1.0,1.0,1.0,0.907608695652174,0.9836956521739131,True
25,DS_SE_07_01_2025_100_10it.csv,DeepSeek V3,SE,07-01,2025,5,184,0,0.0,True,True,True,True,1.0,1.0,0.8,1.0,0.907608695652174,0.9836956521739131,True
25,DS_SE_07_01_2025_100_10it.csv,DeepSeek V3,SE,07-01,2025,10,184,0,0.0,True,True,True,True,1.0,1.0,0.6,1.0,0.907608695652174,0.9836956521739131,True
25,DS_SE_all_2022-2025_100_10it_alpha1.csv,DeepSeek V3,SE,all,2022-2025,1,621,3,0.03,True,True,False,True,1.0,1.0,0.0,1.0,0.8969404186795491,0.9935587761674718,True
25,DS_SE_all_2022-2025_100_10it_alpha1.csv,DeepSeek V3,SE,all,2022-2025,5,621,3,0.03,True,True,False,True,1.0,1.0,0.2,1.0,0.8969404186795491,0.9935587761674718,True
25,DS_SE_all_2022-2025_100_10it_alpha1.csv,DeepSeek V3,SE,all,2022-2025,10,621,3,0.03,True,True,False,True,1.0,1.0,0.4,1.0,0.8969404186795491,0.9935587761674718,True
25,DS_SE_all_2025_100_10it.csv,DeepSeek V3,SE,all,2025,1,916,1,0.01,True,True,True,True,1.0,1.0,1.0,1.0,0.7609170305676856,0.9508733624454149,True
25,DS_SE_all_2025_100_10it.csv,DeepSeek V3,SE,all,2025,5,916,1,0.01,True,True,True,True,1.0,1.0,0.6,1.0,0.7609170305676856,0.9508733624454149,True
25,DS_SE_all_2025_100_10it.csv,DeepSeek V3,SE,all,2025,10,916,1,0.01,True,True,True,True,1.0,1.0,0.5,1.0,0.7609170305676856,0.9508733624454149,True
25,DS_US_all_2022-2025_800_10it_alpha1.csv,DeepSeek V3,US,all,2022-2025,1,697,10,0.0125,True,True,True,True,1.0,1.0,1.0,1.0,0.3500717360114778,0.5480631276901005,True
25,DS_US_all_2022-2025_800_10it_alpha1.csv,DeepSeek V3,US,all,2022-2025,5,697,10,0.0125,True,True,True,True,0.6,1.0,0.8,1.0,0.3500717360114778,0.5480631276901005,True
25,DS_US_all_2022-2025_800_10it_alpha1.csv,DeepSeek V3,US,all,2022-2025,10,697,10,0.0125,True,True,True,True,0.4,0.8,0.7,1.0,0.3500717360114778,0.5480631276901005,True
25,DS_US_all_2025_800_10it.csv,DeepSeek V3,US,all,2025,1,741,4,0.005,True,True,True,True,1.0,1.0,1.0,1.0,0.44534412955465585,0.6558704453441295,True
25,DS_US_all_2025_800_10it.csv,DeepSeek V3,US,all,2025,5,741,4,0.005,True,True,True,True,0.6,1.0,0.8,1.0,0.44534412955465585,0.6558704453441295,True
25,DS_US_all_2025_800_10it.csv,DeepSeek V3,US,all,2025,10,741,4,0.005,True,True,True,True,0.5,0.8,0.7,1.0,0.44534412955465585,0.6558704453441295,True
25,KM_CN_01_01_2025_800_10it.csv,Kimi K2,CN,01-01,2025,1,840,19,0.02375,False,True,False,True,0.0,1.0,0.0,1.0,0.5226190476190476,0.8,True
25,KM_CN_01_01_2025_800_10it.csv,Kimi K2,CN,01-01,2025,5,840,19,0.02375,False,True,False,True,0.2,0.8,0.4,1.0,0.5226190476190476,0.8,True
25,KM_CN_01_01_2025_800_10it.csv,Kimi K2,CN,01-01,2025,10,840,19,0.02375,False,True,False,True,0.1,0.9,0.5,1.0,0.5226190476190476,0.8,True
25,KM_CN_07_01_2025_800_10it.csv,Kimi K2,CN,07-01,2025,1,941,17,0.02125,False,True,False,True,0.0,1.0,0.0,1.0,0.48459086078639746,0.8278427205100957,True
25,KM_CN_07_01_2025_800_10it.csv,Kimi K2,CN,07-01,2025,5,941,17,0.02125,False,True,False,True,0.2,1.0,0.6,1.0,0.48459086078639746,0.8278427205100957,True
25,KM_CN_07_01_2025_800_10it.csv,Kimi K2,CN,07-01,2025,10,941,17,0.02125,False,True,False,True,0.1,0.8,0.4,1.0,0.48459086078639746,0.8278427205100957,True
25,KM_CN_all_2025_800_10it.csv,Kimi K2,CN,all,2025,1,2303,19,0.02375,False,True,False,True,0.0,1.0,0.0,1.0,0.4290056448111159,0.6291793313069909,True
25,KM_CN_all_2025_800_10it.csv,Kimi K2,CN,all,2025,5,2303,19,0.02375,False,True,False,True,0.0,1.0,0.4,1.0,0.4290056448111159,0.6291793313069909,True
25,KM_CN_all_2025_800_10it.csv,Kimi K2,CN,all,2025,10,2303,19,0.02375,False,True,False,True,0.2,0.9,0.4,1.0,0.4290056448111159,0.6291793313069909,True
25,KM_DE_01_01_2025_800_10it.csv,Kimi K2,DE,01-01,2025,1,767,16,0.02,False,True,True,True,0.0,1.0,1.0,1.0,0.5501955671447197,0.8213820078226858,True
25,KM_DE_01_01_2025_800_10it.csv,Kimi K2,DE,01-01,2025,5,767,16,0.02,False,True,True,True,0.0,1.0,0.6,1.0,0.5501955671447197,0.8213820078226858,True
25,KM_DE_01_01_2025_800_10it.csv,Kimi K2,DE,01-01,2025,10,767,16,0.02,False,True,True,True,0.0,1.0,0.7,1.0,0.5501955671447197,0.8213820078226858,True
25,KM_DE_07_01_2025_800_10it.csv,Kimi K2,DE,07-01,2025,1,559,11,0.01375,False,True,True,True,0.0,1.0,1.0,1.0,0.6440071556350626,0.7459749552772809,True
25,KM_DE_07_01_2025_800_10it.csv,Kimi K2,DE,07-01,2025,5,559,11,0.01375,False,True,True,True,0.6,1.0,1.0,1.0,0.6440071556350626,0.7459749552772809,True
25,KM_DE_07_01_2025_800_10it.csv,Kimi K2,DE,07-01,2025,10,559,11,0.01375,False,True,True,True,0.8,1.0,1.0,1.0,0.6440071556350626,0.7459749552772809,True
25,KM_DE_all_2022-2025_800_10it_alpha1.csv,Kimi K2,DE,all,2022-2025,1,604,0,0.0,True,True,True,True,1.0,1.0,1.0,1.0,0.16887417218543047,0.24668874172185432,True
25,KM_DE_all_2022-2025_800_10it_alpha1.csv,Kimi K2,DE,all,2022-2025,5,604,0,0.0,True,True,True,True,0.4,0.6,0.6,1.0,0.16887417218543047,0.24668874172185432,True
25,KM_DE_all_2022-2025_800_10it_alpha1.csv,Kimi K2,DE,all,2022-2025,10,604,0,0.0,True,True,True,True,0.2,0.5,0.4,1.0,0.16887417218543047,0.24668874172185432,True
25,KM_DE_all_2025_800_10it.csv,Kimi K2,DE,all,2025,1,62,179,0.22375,False,False,False,False,0.0,0.0,0.0,0.0,0.22580645161290322,0.22580645161290322,True
25,KM_DE_all_2025_800_10it.csv,Kimi K2,DE,all,2025,5,62,179,0.22375,False,False,False,False,0.0,0.0,0.0,0.0,0.22580645161290322,0.22580645161290322,True
25,KM_DE_all_2025_800_10it.csv,Kimi K2,DE,all,2025,10,62,179,0.22375,False,False,False,False,0.0,0.0,0.0,0.0,0.22580645161290322,0.22580645161290322,True
25,KM_IT_01_01_2025_800_10it.csv,Kimi K2,IT,01-01,2025,1,639,15,0.01875,False,True,True,True,0.0,1.0,1.0,1.0,0.6244131455399061,0.8826291079812206,True
25,KM_IT_01_01_2025_800_10it.csv,Kimi K2,IT,01-01,2025,5,639,15,0.01875,False,True,True,True,0.0,1.0,1.0,1.0,0.6244131455399061,0.8826291079812206,True
25,KM_IT_01_01_2025_800_10it.csv,Kimi K2,IT,01-01,2025,10,639,15,0.01875,False,True,True,True,0.0,1.0,1.0,1.0,0.6244131455399061,0.8826291079812206,True
25,KM_IT_07_01_2025_800_10it.csv,Kimi K2,IT,07-01,2025,1,462,8,0.01,True,True,True,True,1.0,1.0,1.0,1.0,0.7251082251082251,0.8484848484848485,True
25,KM_IT_07_01_2025_800_10it.csv,Kimi K2,IT,07-01,2025,5,462,8,0.01,True,True,True,True,1.0,1.0,1.0,1.0,0.7251082251082251,0.8484848484848485,True
25,KM_IT_07_01_2025_800_10it.csv,Kimi K2,IT,07-01,2025,10,462,8,0.01,True,True,True,True,1.0,1.0,1.0,1.0,0.7251082251082251,0.8484848484848485,True
25,KM_IT_all_2022-2025_800_10it_alpha1.csv,Kimi K2,IT,all,2022-2025,1,1748,8,0.01,True,True,True,True,1.0,1.0,1.0,1.0,0.532608695652174,0.6990846681922197,True
25,KM_IT_all_2022-2025_800_10it_alpha1.csv,Kimi K2,IT,all,2022-2025,5,1748,8,0.01,True,True,True,True,0.2,1.0,0.8,1.0,0.532608695652174,0.6990846681922197,True
25,KM_IT_all_2022-2025_800_10it_alpha1.csv,Kimi K2,IT,all,2022-2025,10,1748,8,0.01,True,True,True,True,0.6,1.0,0.9,1.0,0.532608695652174,0.6990846681922197,True
25,KM_IT_all_2025_800_10it.csv,Kimi K2,IT,all,2025,1,1983,12,0.015,False,True,True,True,0.0,1.0,1.0,1.0,0.5032778618255169,0.713565305093293,True
25,KM_IT_all_2025_800_10it.csv,Kimi K2,IT,all,2025,5,1983,12,0.015,False,True,True,True,0.0,1.0,1.0,1.0,0.5032778618255169,0.713565305093293,True
25,KM_IT_all_2025_800_10it.csv,Kimi K2,IT,all,2025,10,1983,12,0.015,False,True,True,True,0.0,1.0,1.0,1.0,0.5032778618255169,0.713565305093293,True
25,KM_SE_01_01_2025_100_10it.csv,Kimi K2,SE,01-01,2025,1,552,0,0.0,True,True,True,True,1.0,1.0,1.0,1.0,0.8496376811594203,0.9873188405797102,True
25,KM_SE_01_01_2025_100_10it.csv,Kimi K2,SE,01-01,2025,5,552,0,0.0,True,True,True,True,1.0,1.0,0.2,0.6,0.8496376811594203,0.9873188405797102,True
25,KM_SE_01_01_2025_100_10it.csv,Kimi K2,SE,01-01,2025,10,552,0,0.0,True,True,True,True,1.0,1.0,0.1,0.5,0.8496376811594203,0.9873188405797102,True
25,KM_SE_07_01_2025_100_10it.csv,Kimi K2,SE,07-01,2025,1,87,1,0.01,True,True,True,True,1.0,1.0,1.0,1.0,0.7701149425287356,0.9195402298850575,True
25,KM_SE_07_01_2025_100_10it.csv,Kimi K2,SE,07-01,2025,5,87,1,0.01,True,True,True,True,1.0,1.0,0.8,1.0,0.7701149425287356,0.9195402298850575,True
25,KM_SE_07_01_2025_100_10it.csv,Kimi K2,SE,07-01,2025,10,87,1,0.01,True,True,True,True,1.0,1.0,0.8,1.0,0.7701149425287356,0.9195402298850575,True
25,KM_SE_all_2022-2025_100_10it_alpha1.csv,Kimi K2,SE,all,2022-2025,1,1029,1,0.01,True,True,True,True,1.0,1.0,1.0,1.0,0.9300291545189504,0.9931972789115646,True
25,KM_SE_all_2022-2025_100_10it_alpha1.csv,Kimi K2,SE,all,2022-2025,5,1029,1,0.01,True,True,True,True,1.0,1.0,0.6,1.0,0.9300291545189504,0.9931972789115646,True
25,KM_SE_all_2022-2025_100_10it_alpha1.csv,Kimi K2,SE,all,2022-2025,10,1029,1,0.01,True,True,True,True,1.0,1.0,0.4,1.0,0.9300291545189504,0.9931972789115646,True
25,KM_SE_all_2025_100_10it.csv,Kimi K2,SE,all,2025,1,545,0,0.0,True,True,True,True,1.0,1.0,1.0,1.0,0.6807339449541284,0.9100917431192661,True
25,KM_SE_all_2025_100_10it.csv,Kimi K2,SE,all,2025,5,545,0,0.0,True,True,True,True,1.0,1.0,0.6,1.0,0.6807339449541284,0.9100917431192661,True
25,KM_SE_all_2025_100_10it.csv,Kimi K2,SE,all,2025,10,545,0,0.0,True,True,True,True,1.0,1.0,0.5,0.9,0.6807339449541284,0.9100917431192661,True
25,KM_US_all_2022-2025_800_10it_alpha1.csv,Kimi K2,US,all,2022-2025,1,1280,9,0.01125,True,True,True,True,1.0,1.0,1.0,1.0,0.48984375,0.67890625,True
25,KM_US_all_2022-2025_800_10it_alpha1.csv,Kimi K2,US,all,2022-2025,5,1280,9,0.01125,True,True,True,True,0.6,1.0,0.8,1.0,0.48984375,0.67890625,True
25,KM_US_all_2022-2025_800_10it_alpha1.csv,Kimi K2,US,all,2022-2025,10,1280,9,0.01125,True,True,True,True,0.5,1.0,0.8,1.0,0.48984375,0.67890625,True
25,KM_US_all_2025_800_10it.csv,Kimi K2,US,all,2025,1,1408,7,0.00875,True,True,True,True,1.0,1.0,1.0,1.0,0.4353693181818182,0.6392045454545454,True
25,KM_US_all_2025_800_10it.csv,Kimi K2,US,all,2025,5,1408,7,0.00875,True,True,True,True,1.0,1.0,1.0,1.0,0.4353693181818182,0.6392045454545454,True
25,KM_US_all_2025_800_10it.csv,Kimi K2,US,all,2025,10,1408,7,0.00875,True,True,True,True,1.0,1.0,1.0,1.0,0.4353693181818182,0.6392045454545454,True
50,DS_CN_01_01_2025_800_10it.csv,DeepSeek V3,CN,01-01,2025,1,392,5,0.00625,True,True,True,True,1.0,1.0,1.0,1.0,0.49489795918367346,0.5790816326530612,True
50,DS_CN_01_01_2025_800_10it.csv,DeepSeek V3,CN,01-01,2025,5,392,5,0.00625,True,True,True,True,1.0,1.0,1.0,1.0,0.49489795918367346,0.5790816326530612,True
50,DS_CN_01_01_2025_800_10it.csv,DeepSeek V3,CN,01-01,2025,10,392,5,0.00625,True,True,True,True,1.0,1.0,1.0,1.0,0.49489795918367346,0.5790816326530612,True
50,DS_CN_07_01_2025_800_10it.csv,DeepSeek V3,CN,07-01,2025,1,882,24,0.03,False,False,False,True,0.0,0.0,0.0,1.0,0.48299319727891155,0.7868480725623582,True
50,DS_CN_07_01_2025_800_10it.csv,DeepSeek V3,CN,07-01,2025,5,882,24,0.03,False,False,False,True,0.0,0.6,0.4,1.0,0.48299319727891155,0.7868480725623582,True
50,DS_CN_07_01_2025_800_10it.csv,DeepSeek V3,CN,07-01,2025,10,882,24,0.03,False,False,False,True,0.0,0.7,0.4,1.0,0.48299319727891155,0.7868480725623582,True
50,DS_CN_all_2022-2025_800_10it_alpha1.csv,DeepSeek V3,CN,all,2022-2025,1,2789,9,0.01125,True,True,True,True,1.0,1.0,1.0,1.0,0.5457153101470061,0.7870204374327716,True
50,DS_CN_all_2022-2025_800_10it_alpha1.csv,DeepSeek V3,CN,all,2022-2025,5,2789,9,0.01125,True,True,True,True,0.4,1.0,1.0,1.0,0.5457153101470061,0.7870204374327716,True
50,DS_CN_all_2022-2025_800_10it_alpha1.csv,DeepSeek V3,CN,all,2022-2025,10,2789,9,0.01125,True,True,True,True,0.4,1.0,1.0,1.0,0.5457153101470061,0.7870204374327716,True
50,DS_CN_all_2025_800_10it.csv,DeepSeek V3,CN,all,2025,1,2235,8,0.01,True,True,True,True,1.0,1.0,1.0,1.0,0.5114093959731544,0.6876957494407159,True
50,DS_CN_all_2025_800_10it.csv,DeepSeek V3,CN,all,2025,5,2235,8,0.01,True,True,True,True,1.0,1.0,1.0,1.0,0.5114093959731544,0.6876957494407159,True
50,DS_CN_all_2025_800_10it.csv,DeepSeek V3,CN,all,2025,10,2235,8,0.01,True,True,True,True,1.0,1.0,1.0,1.0,0.5114093959731544,0.6876957494407159,True
50,DS_DE_01_01_2025_800_10it.csv,DeepSeek V3,DE,01-01,2025,1,352,6,0.0075,True,True,True,True,1.0,1.0,1.0,1.0,0.71875,0.7869318181818182,True
50,DS_DE_01_01_2025_800_10it.csv,DeepSeek V3,DE,01-01,2025,5,352,6,0.0075,True,True,True,True,1.0,1.0,1.0,1.0,0.71875,0.7869318181818182,True
50,DS_DE_01_01_2025_800_10it.csv,DeepSeek V3,DE,01-01,2025,10,352,6,0.0075,True,True,True,True,1.0,1.0,1.0,1.0,0.71875,0.7869318181818182,True
50,DS_DE_07_01_2025_800_10it.csv,DeepSeek V3,DE,07-01,2025,1,656,10,0.0125,True,True,True,True,1.0,1.0,1.0,1.0,0.5609756097560976,0.6890243902439024,True
50,DS_DE_07_01_2025_800_10it.csv,DeepSeek V3,DE,07-01,2025,5,656,10,0.0125,True,True,True,True,0.8,1.0,1.0,1.0,0.5609756097560976,0.6890243902439024,True
50,DS_DE_07_01_2025_800_10it.csv,DeepSeek V3,DE,07-01,2025,10,656,10,0.0125,True,True,True,True,0.7,1.0,1.0,1.0,0.5609756097560976,0.6890243902439024,True
50,DS_DE_all_2022-2025_800_10it_alpha1.csv,DeepSeek V3,DE,all,2022-2025,1,2585,4,0.005,True,True,True,True,1.0,1.0,1.0,1.0,0.47156673114119924,0.6742746615087041,True
50,DS_DE_all_2022-2025_800_10it_alpha1.csv,DeepSeek V3,DE,all,2022-2025,5,2585,4,0.005,True,True,True,True,1.0,1.0,1.0,1.0,0.47156673114119924,0.6742746615087041,True
50,DS_DE_all_2022-2025_800_10it_alpha1.csv,DeepSeek V3,DE,all,2022-2025,10,2585,4,0.005,True,True,True,True,1.0,1.0,1.0,1.0,0.47156673114119924,0.6742746615087041,True
50,DS_DE_all_2025_800_10it.csv,DeepSeek V3,DE,all,2025,1,2664,9,0.01125,True,True,True,True,1.0,1.0,1.0,1.0,0.4463213213213213,0.5829579579579579,True
50,DS_DE_all_2025_800_10it.csv,DeepSeek V3,DE,all,2025,5,2664,9,0.01125,True,True,True,True,1.0,1.0,1.0,1.0,0.4463213213213213,0.5829579579579579,True
50,DS_DE_all_2025_800_10it.csv,DeepSeek V3,DE,all,2025,10,2664,9,0.01125,True,True,True,True,0.9,1.0,1.0,1.0,0.4463213213213213,0.5829579579579579,True
50,DS_IT_07_01_2025_800_10it.csv,DeepSeek V3,IT,07-01,2025,1,429,7,0.00875,True,True,True,True,1.0,1.0,1.0,1.0,0.6526806526806527,0.7505827505827506,True
50,DS_IT_07_01_2025_800_10it.csv,DeepSeek V3,IT,07-01,2025,5,429,7,0.00875,True,True,True,True,1.0,1.0,1.0,1.0,0.6526806526806527,0.7505827505827506,True
50,DS_IT_07_01_2025_800_10it.csv,DeepSeek V3,IT,07-01,2025,10,429,7,0.00875,True,True,True,True,1.0,1.0,1.0,1.0,0.6526806526806527,0.7505827505827506,True
50,DS_IT_all_2022-2025_800_10it_alpha1.csv,DeepSeek V3,IT,all,2022-2025,1,1471,5,0.00625,True,True,True,True,1.0,1.0,1.0,1.0,0.6403806934058464,0.778382053025153,True
50,DS_IT_all_2022-2025_800_10it_alpha1.csv,DeepSeek V3,IT,all,2022-2025,5,1471,5,0.00625,True,True,True,True,1.0,1.0,1.0,1.0,0.6403806934058464,0.778382053025153,True
50,DS_IT_all_2022-2025_800_10it_alpha1.csv,DeepSeek V3,IT,all,2022-2025,10,1471,5,0.00625,True,True,True,True,1.0,1.0,1.0,1.0,0.6403806934058464,0.778382053025153,True
50,DS_IT_all_2025_800_10it.csv,DeepSeek V3,IT,all,2025,1,4263,19,0.02375,False,True,False,True,0.0,1.0,0.0,1.0,0.3818906873094065,0.6544686840253343,True
50,DS_IT_all_2025_800_10it.csv,DeepSeek V3,IT,all,2025,5,4263,19,0.02375,False,True,False,True,0.0,1.0,0.0,1.0,0.3818906873094065,0.6544686840253343,True
50,DS_IT_all_2025_800_10it.csv,DeepSeek V3,IT,all,2025,10,4263,19,0.02375,False,True,False,True,0.0,1.0,0.0,1.0,0.3818906873094065,0.6544686840253343,True
50,DS_SE_01_01_2025_100_10it.csv,DeepSeek V3,SE,01-01,2025,1,127,1,0.01,True,True,True,True,1.0,1.0,1.0,1.0,0.9212598425196851,0.9921259842519685,True
50,DS_SE_01_01_2025_100_10it.csv,DeepSeek V3,SE,01-01,2025,5,127,1,0.01,True,True,True,True,1.0,1.0,1.0,1.0,0.9212598425196851,0.9921259842519685,True
50,DS_SE_01_01_2025_100_10it.csv,DeepSeek V3,SE,01-01,2025,10,127,1,0.01,True,True,True,True,1.0,1.0,1.0,1.0,0.9212598425196851,0.9921259842519685,True
50,DS_SE_07_01_2025_100_10it.csv,DeepSeek V3,SE,07-01,2025,1,101,0,0.0,True,True,True,True,1.0,1.0,1.0,1.0,0.900990099009901,0.9900990099009901,True
50,DS_SE_07_01_2025_100_10it.csv,DeepSeek V3,SE,07-01,2025,5,101,0,0.0,True,True,True,True,1.0,1.0,1.0,1.0,0.900990099009901,0.9900990099009901,True
50,DS_SE_07_01_2025_100_10it.csv,DeepSeek V3,SE,07-01,2025,10,101,0,0.0,True,True,True,True,1.0,1.0,1.0,1.0,0.900990099009901,0.9900990099009901,True
50,DS_SE_all_2022-2025_100_10it_alpha1.csv,DeepSeek V3,SE,all,2022-2025,1,1155,2,0.02,True,True,True,True,1.0,1.0,1.0,1.0,0.9134199134199135,0.9965367965367965,True
50,DS_SE_all_2022-2025_100_10it_alpha1.csv,DeepSeek V3,SE,all,2022-2025,5,1155,2,0.02,True,True,True,True,1.0,1.0,1.0,1.0,0.9134199134199135,0.9965367965367965,True
50,DS_SE_all_2022-2025_100_10it_alpha1.csv,DeepSeek V3,SE,all,2022-2025,10,1155,2,0.02,True,True,True,True,1.0,1.0,1.0,1.0,0.9134199134199135,0.9965367965367965,True
50,DS_SE_all_2025_100_10it.csv,DeepSeek V3,SE,all,2025,1,1013,1,0.01,True,True,True,True,1.0,1.0,1.0,1.0,0.8321816386969397,0.9466929911154985,True
50,DS_SE_all_2025_100_10it.csv,DeepSeek V3,SE,all,2025,5,1013,1,0.01,True,True,True,True,1.0,1.0,1.0,1.0,0.8321816386969397,0.9466929911154985,True
50,DS_SE_all_2025_100_10it.csv,DeepSeek V3,SE,all,2025,10,1013,1,0.01,True,True,True,True,1.0,1.0,1.0,1.0,0.8321816386969397,0.9466929911154985,True
50,DS_US_01_01_2025_800_10it.csv,DeepSeek V3,US,01-01,2025,1,659,8,0.01,True,True,True,True,1.0,1.0,1.0,1.0,0.6054628224582701,0.7860394537177542,True
50,DS_US_01_01_2025_800_10it.csv,DeepSeek V3,US,01-01,2025,5,659,8,0.01,True,True,True,True,0.6,1.0,1.0,1.0,0.6054628224582701,0.7860394537177542,True
50,DS_US_01_01_2025_800_10it.csv,DeepSeek V3,US,01-01,2025,10,659,8,0.01,True,True,True,True,0.3,1.0,1.0,1.0,0.6054628224582701,0.7860394537177542,True
50,DS_US_all_2022-2025_800_10it_alpha1.csv,DeepSeek V3,US,all,2022-2025,1,1217,6,0.0075,True,True,True,True,1.0,1.0,1.0,1.0,0.6031224322103533,0.7485620377978636,True
50,DS_US_all_2022-2025_800_10it_alpha1.csv,DeepSeek V3,US,all,2022-2025,5,1217,6,0.0075,True,True,True,True,1.0,1.0,1.0,1.0,0.6031224322103533,0.7485620377978636,True
50,DS_US_all_2022-2025_800_10it_alpha1.csv,DeepSeek V3,US,all,2022-2025,10,1217,6,0.0075,True,True,True,True,1.0,1.0,1.0,1.0,0.6031224322103533,0.7485620377978636,True
50,DS_US_all_2025_800_10it.csv,DeepSeek V3,US,all,2025,1,1574,4,0.005,True,True,True,True,1.0,1.0,1.0,1.0,0.5260482846251588,0.6804320203303685,True
50,DS_US_all_2025_800_10it.csv,DeepSeek V3,US,all,2025,5,1574,4,0.005,True,True,True,True,0.2,1.0,1.0,1.0,0.5260482846251588,0.6804320203303685,True
50,DS_US_all_2025_800_10it.csv,DeepSeek V3,US,all,2025,10,1574,4,0.005,True,True,True,True,0.1,1.0,1.0,1.0,0.5260482846251588,0.6804320203303685,True
50,KM_CN_01_01_2025_800_10it.csv,Kimi K2,CN,01-01,2025,1,778,15,0.01875,False,True,True,True,0.0,1.0,1.0,1.0,0.5694087403598972,0.8149100257069408,True
50,KM_CN_01_01_2025_800_10it.csv,Kimi K2,CN,01-01,2025,5,778,15,0.01875,False,True,True,True,0.0,1.0,1.0,1.0,0.5694087403598972,0.8149100257069408,True
50,KM_CN_01_01_2025_800_10it.csv,Kimi K2,CN,01-01,2025,10,778,15,0.01875,False,True,True,True,0.0,1.0,0.8,1.0,0.5694087403598972,0.8149100257069408,True
50,KM_CN_07_01_2025_800_10it.csv,Kimi K2,CN,07-01,2025,1,1079,7,0.00875,True,True,True,True,1.0,1.0,1.0,1.0,0.42539388322520855,0.7599629286376274,True
50,KM_CN_07_01_2025_800_10it.csv,Kimi K2,CN,07-01,2025,5,1079,7,0.00875,True,True,True,True,0.4,1.0,0.6,1.0,0.42539388322520855,0.7599629286376274,True
50,KM_CN_07_01_2025_800_10it.csv,Kimi K2,CN,07-01,2025,10,1079,7,0.00875,True,True,True,True,0.4,0.8,0.5,1.0,0.42539388322520855,0.7599629286376274,True
50,KM_CN_all_2025_800_10it.csv,Kimi K2,CN,all,2025,1,2324,15,0.01875,False,True,True,True,0.0,1.0,1.0,1.0,0.43287435456110157,0.689328743545611,True
50,KM_CN_all_2025_800_10it.csv,Kimi K2,CN,all,2025,5,2324,15,0.01875,False,True,True,True,0.0,1.0,0.6,1.0,0.43287435456110157,0.689328743545611,True
50,KM_CN_all_2025_800_10it.csv,Kimi K2,CN,all,2025,10,2324,15,0.01875,False,True,True,True,0.0,1.0,0.8,1.0,0.43287435456110157,0.689328743545611,True
50,KM_DE_01_01_2025_800_10it.csv,Kimi K2,DE,01-01,2025,1,578,4,0.005,True,True,True,True,1.0,1.0,1.0,1.0,0.5155709342560554,0.6487889273356401,True
50,KM_DE_01_01_2025_800_10it.csv,Kimi K2,DE,01-01,2025,5,578,4,0.005,True,True,True,True,1.0,1.0,1.0,1.0,0.5155709342560554,0.6487889273356401,True
50,KM_DE_01_01_2025_800_10it.csv,Kimi K2,DE,01-01,2025,10,578,4,0.005,True,True,True,True,0.9,1.0,1.0,1.0,0.5155709342560554,0.6487889273356401,True
50,KM_DE_07_01_2025_800_10it.csv,Kimi K2,DE,07-01,2025,1,549,12,0.015,False,True,True,True,0.0,1.0,1.0,1.0,0.5774134790528234,0.7140255009107468,True
50,KM_DE_07_01_2025_800_10it.csv,Kimi K2,DE,07-01,2025,5,549,12,0.015,False,True,True,True,0.6,1.0,1.0,1.0,0.5774134790528234,0.7140255009107468,True
50,KM_DE_07_01_2025_800_10it.csv,Kimi K2,DE,07-01,2025,10,549,12,0.015,False,True,True,True,0.5,1.0,1.0,1.0,0.5774134790528234,0.7140255009107468,True
50,KM_DE_all_2022-2025_800_10it_alpha1.csv,Kimi K2,DE,all,2022-2025,1,1473,14,0.0175,False,True,True,True,0.0,1.0,1.0,1.0,0.4874405974202308,0.5919891378139851,True
50,KM_DE_all_2022-2025_800_10it_alpha1.csv,Kimi K2,DE,all,2022-2025,5,1473,14,0.0175,False,True,True,True,0.8,1.0,1.0,1.0,0.4874405974202308,0.5919891378139851,True
50,KM_DE_all_2022-2025_800_10it_alpha1.csv,Kimi K2,DE,all,2022-2025,10,1473,14,0.0175,False,True,True,True,0.7,1.0,1.0,1.0,0.4874405974202308,0.5919891378139851,True
50,KM_DE_all_2025_800_10it.csv,Kimi K2,DE,all,2025,1,2271,11,0.01375,False,True,True,True,0.0,1.0,1.0,1.0,0.4319682959048877,0.5587846763540291,True
50,KM_DE_all_2025_800_10it.csv,Kimi K2,DE,all,2025,5,2271,11,0.01375,False,True,True,True,0.0,1.0,1.0,1.0,0.4319682959048877,0.5587846763540291,True
50,KM_DE_all_2025_800_10it.csv,Kimi K2,DE,all,2025,10,2271,11,0.01375,False,True,True,True,0.1,1.0,1.0,1.0,0.4319682959048877,0.5587846763540291,True
50,KM_IT_01_01_2025_800_10it.csv,Kimi K2,IT,01-01,2025,1,665,12,0.015,False,True,True,True,0.0,1.0,1.0,1.0,0.6075187969924812,0.8075187969924812,True
50,KM_IT_01_01_2025_800_10it.csv,Kimi K2,IT,01-01,2025,5,665,12,0.015,False,True,True,True,0.0,1.0,1.0,1.0,0.6075187969924812,0.8075187969924812,True
50,KM_IT_01_01_2025_800_10it.csv,Kimi K2,IT,01-01,2025,10,665,12,0.015,False,True,True,True,0.0,1.0,1.0,1.0,0.6075187969924812,0.8075187969924812,True
50,KM_IT_07_01_2025_800_10it.csv,Kimi K2,IT,07-01,2025,1,581,11,0.01375,False,True,True,True,0.0,1.0,1.0,1.0,0.6609294320137694,0.7882960413080895,True
50,KM_IT_07_01_2025_800_10it.csv,Kimi K2,IT,07-01,2025,5,581,11,0.01375,False,True,True,True,0.4,1.0,1.0,1.0,0.6609294320137694,0.7882960413080895,True
50,KM_IT_07_01_2025_800_10it.csv,Kimi K2,IT,07-01,2025,10,581,11,0.01375,False,True,True,True,0.2,1.0,1.0,1.0,0.6609294320137694,0.7882960413080895,True
50,KM_IT_all_2022-2025_800_10it_alpha1.csv,Kimi K2,IT,all,2022-2025,1,1117,9,0.01125,True,True,True,True,1.0,1.0,1.0,1.0,0.5344673231871083,0.657117278424351,True
50,KM_IT_all_2022-2025_800_10it_alpha1.csv,Kimi K2,IT,all,2022-2025,5,1117,9,0.01125,True,True,True,True,1.0,1.0,1.0,1.0,0.5344673231871083,0.657117278424351,True
50,KM_IT_all_2022-2025_800_10it_alpha1.csv,Kimi K2,IT,all,2022-2025,10,1117,9,0.01125,True,True,True,True,1.0,1.0,1.0,1.0,0.5344673231871083,0.657117278424351,True
50,KM_IT_all_2025_800_10it.csv,Kimi K2,IT,all,2025,1,2192,7,0.00875,True,True,True,True,1.0,1.0,1.0,1.0,0.4698905109489051,0.6231751824817519,True
50,KM_IT_all_2025_800_10it.csv,Kimi K2,IT,all,2025,5,2192,7,0.00875,True,True,True,True,0.4,1.0,1.0,1.0,0.4698905109489051,0.6231751824817519,True
50,KM_IT_all_2025_800_10it.csv,Kimi K2,IT,all,2025,10,2192,7,0.00875,True,True,True,True,0.4,1.0,1.0,1.0,0.4698905109489051,0.6231751824817519,True
50,KM_SE_01_01_2025_100_10it.csv,Kimi K2,SE,01-01,2025,1,113,0,0.0,True,True,True,True,1.0,1.0,1.0,1.0,0.8141592920353983,0.9380530973451328,True
50,KM_SE_01_01_2025_100_10it.csv,Kimi K2,SE,01-01,2025,5,113,0,0.0,True,True,True,True,1.0,1.0,1.0,1.0,0.8141592920353983,0.9380530973451328,True
50,KM_SE_01_01_2025_100_10it.csv,Kimi K2,SE,01-01,2025,10,113,0,0.0,True,True,True,True,1.0,1.0,1.0,1.0,0.8141592920353983,0.9380530973451328,True
50,KM_SE_07_01_2025_100_10it.csv,Kimi K2,SE,07-01,2025,1,125,0,0.0,True,True,True,True,1.0,1.0,1.0,1.0,0.832,0.944,True
50,KM_SE_07_01_2025_100_10it.csv,Kimi K2,SE,07-01,2025,5,125,0,0.0,True,True,True,True,1.0,1.0,1.0,1.0,0.832,0.944,True
50,KM_SE_07_01_2025_100_10it.csv,Kimi K2,SE,07-01,2025,10,125,0,0.0,True,True,True,True,1.0,1.0,1.0,1.0,0.832,0.944,True
50,KM_SE_all_2022-2025_100_10it_alpha1.csv,Kimi K2,SE,all,2022-2025,1,764,1,0.01,True,True,True,True,1.0,1.0,1.0,1.0,0.8651832460732984,0.9829842931937173,True
50,KM_SE_all_2022-2025_100_10it_alpha1.csv,Kimi K2,SE,all,2022-2025,5,764,1,0.01,True,True,True,True,1.0,1.0,1.0,1.0,0.8651832460732984,0.9829842931937173,True
50,KM_SE_all_2022-2025_100_10it_alpha1.csv,Kimi K2,SE,all,2022-2025,10,764,1,0.01,True,True,True,True,1.0,1.0,1.0,1.0,0.8651832460732984,0.9829842931937173,True
50,KM_SE_all_2025_100_10it.csv,Kimi K2,SE,all,2025,1,844,0,0.0,True,True,True,True,1.0,1.0,1.0,1.0,0.8258293838862559,0.9419431279620853,True
50,KM_SE_all_2025_100_10it.csv,Kimi K2,SE,all,2025,5,844,0,0.0,True,True,True,True,1.0,1.0,1.0,1.0,0.8258293838862559,0.9419431279620853,True
50,KM_SE_all_2025_100_10it.csv,Kimi K2,SE,all,2025,10,844,0,0.0,True,True,True,True,1.0,1.0,1.0,1.0,0.8258293838862559,0.9419431279620853,True
50,KM_US_01_01_2025_800_10it.csv,Kimi K2,US,01-01,2025,1,560,10,0.0125,True,True,True,True,1.0,1.0,1.0,1.0,0.6642857142857143,0.8303571428571429,True
50,KM_US_01_01_2025_800_10it.csv,Kimi K2,US,01-01,2025,5,560,10,0.0125,True,True,True,True,1.0,1.0,1.0,1.0,0.6642857142857143,0.8303571428571429,True
50,KM_US_01_01_2025_800_10it.csv,Kimi K2,US,01-01,2025,10,560,10,0.0125,True,True,True,True,1.0,1.0,1.0,1.0,0.6642857142857143,0.8303571428571429,True
50,KM_US_07_01_2025_800_10it.csv,Kimi K2,US,07-01,2025,1,343,4,0.005,True,True,True,True,1.0,1.0,1.0,1.0,0.6151603498542274,0.717201166180758,True
50,KM_US_07_01_2025_800_10it.csv,Kimi K2,US,07-01,2025,5,343,4,0.005,True,True,True,True,1.0,1.0,1.0,1.0,0.6151603498542274,0.717201166180758,True
50,KM_US_07_01_2025_800_10it.csv,Kimi K2,US,07-01,2025,10,343,4,0.005,True,True,True,True,1.0,1.0,1.0,1.0,0.6151603498542274,0.717201166180758,True
50,KM_US_all_2022-2025_800_10it_alpha1.csv,Kimi K2,US,all,2022-2025,1,2295,8,0.01,True,True,True,True,1.0,1.0,1.0,1.0,0.5912854030501089,0.8270152505446623,True
50,KM_US_all_2022-2025_800_10it_alpha1.csv,Kimi K2,US,all,2022-2025,5,2295,8,0.01,True,True,True,True,0.6,1.0,1.0,1.0,0.5912854030501089,0.8270152505446623,True
50,KM_US_all_2022-2025_800_10it_alpha1.csv,Kimi K2,US,all,2022-2025,10,2295,8,0.01,True,True,True,True,0.8,1.0,1.0,1.0,0.5912854030501089,0.8270152505446623,True
50,KM_US_all_2025_800_10it.csv,Kimi K2,US,all,2025,1,2339,7,0.00875,True,True,True,True,1.0,1.0,1.0,1.0,0.542967079948696,0.7075673364685763,True
50,KM_US_all_2025_800_10it.csv,Kimi K2,US,all,2025,5,2339,7,0.00875,True,True,True,True,1.0,1.0,1.0,1.0,0.542967079948696,0.7075673364685763,True
50,KM_US_all_2025_800_10it.csv,Kimi K2,US,all,2025,10,2339,7,0.00875,True,True,True,True,1.0,1.0,1.0,1.0,0.542967079948696,0.7075673364685763,True
100,DS_CN_01_01_2025_800_10it.csv,DeepSeek V3,CN,01-01,2025,1,594,8,0.01,True,True,True,True,1.0,1.0,1.0,1.0,0.6565656565656566,0.8956228956228957,True
100,DS_CN_01_01_2025_800_10it.csv,DeepSeek V3,CN,01-01,2025,5,594,8,0.01,True,True,True,True,0.6,1.0,1.0,1.0,0.6565656565656566,0.8956228956228957,True
100,DS_CN_01_01_2025_800_10it.csv,DeepSeek V3,CN,01-01,2025,10,594,8,0.01,True,True,True,True,0.7,1.0,1.0,1.0,0.6565656565656566,0.8956228956228957,True
100,DS_CN_07_01_2025_800_10it.csv,DeepSeek V3,CN,07-01,2025,1,870,17,0.02125,False,True,False,True,0.0,1.0,0.0,1.0,0.5114942528735632,0.8448275862068966,True
100,DS_CN_07_01_2025_800_10it.csv,DeepSeek V3,CN,07-01,2025,5,870,17,0.02125,False,True,False,True,0.0,0.8,0.4,1.0,0.5114942528735632,0.8448275862068966,True
100,DS_CN_07_01_2025_800_10it.csv,DeepSeek V3,CN,07-01,2025,10,870,17,0.02125,False,True,False,True,0.0,0.9,0.6,1.0,0.5114942528735632,0.8448275862068966,True
100,DS_CN_all_2022-2025_800_10it_alpha1.csv,DeepSeek V3,CN,all,2022-2025,1,2268,5,0.00625,True,True,True,True,1.0,1.0,1.0,1.0,0.5890652557319224,0.7566137566137566,True
100,DS_CN_all_2022-2025_800_10it_alpha1.csv,DeepSeek V3,CN,all,2022-2025,5,2268,5,0.00625,True,True,True,True,0.6,1.0,1.0,1.0,0.5890652557319224,0.7566137566137566,True
100,DS_CN_all_2022-2025_800_10it_alpha1.csv,DeepSeek V3,CN,all,2022-2025,10,2268,5,0.00625,True,True,True,True,0.5,1.0,1.0,1.0,0.5890652557319224,0.7566137566137566,True
100,DS_CN_all_2025_800_10it.csv,DeepSeek V3,CN,all,2025,1,3548,17,0.02125,False,True,False,True,0.0,1.0,0.0,1.0,0.46617812852311163,0.7776211950394588,True
100,DS_CN_all_2025_800_10it.csv,DeepSeek V3,CN,all,2025,5,3548,17,0.02125,False,True,False,True,0.0,1.0,0.0,1.0,0.46617812852311163,0.7776211950394588,True
100,DS_CN_all_2025_800_10it.csv,DeepSeek V3,CN,all,2025,10,3548,17,0.02125,False,True,False,True,0.0,1.0,0.1,1.0,0.46617812852311163,0.7776211950394588,True
100,DS_DE_01_01_2025_800_10it.csv,DeepSeek V3,DE,01-01,2025,1,2844,14,0.0175,False,True,True,True,0.0,1.0,1.0,1.0,0.17088607594936708,0.31751054852320676,True
100,DS_DE_01_01_2025_800_10it.csv,DeepSeek V3,DE,01-01,2025,5,2844,14,0.0175,False,True,True,True,0.2,0.6,0.6,1.0,0.17088607594936708,0.31751054852320676,True
100,DS_DE_01_01_2025_800_10it.csv,DeepSeek V3,DE,01-01,2025,10,2844,14,0.0175,False,True,True,True,0.1,0.6,0.3,1.0,0.17088607594936708,0.31751054852320676,True
100,DS_DE_07_01_2025_800_10it.csv,DeepSeek V3,DE,07-01,2025,1,41,82,0.1025,False,False,False,False,0.0,0.0,0.0,0.0,0.24390243902439024,0.2926829268292683,True
100,DS_DE_07_01_2025_800_10it.csv,DeepSeek V3,DE,07-01,2025,5,41,82,0.1025,False,False,False,False,0.2,0.4,0.2,0.4,0.24390243902439024,0.2926829268292683,True
100,DS_DE_07_01_2025_800_10it.csv,DeepSeek V3,DE,07-01,2025,10,41,82,0.1025,False,False,False,False,0.2,0.4,0.3,0.5,0.24390243902439024,0.2926829268292683,True
100,DS_DE_all_2022-2025_800_10it_alpha1.csv,DeepSeek V3,DE,all,2022-2025,1,247,0,0.0,True,True,True,True,1.0,1.0,1.0,1.0,0.291497975708502,0.3360323886639676,True
100,DS_DE_all_2022-2025_800_10it_alpha1.csv,DeepSeek V3,DE,all,2022-2025,5,247,0,0.0,True,True,True,True,0.4,0.6,0.6,1.0,0.291497975708502,0.3360323886639676,True
100,DS_DE_all_2022-2025_800_10it_alpha1.csv,DeepSeek V3,DE,all,2022-2025,10,247,0,0.0,True,True,True,True,0.6,0.7,0.7,1.0,0.291497975708502,0.3360323886639676,True
100,DS_DE_all_2025_800_10it.csv,DeepSeek V3,DE,all,2025,1,542,16,0.02,False,True,True,True,0.0,1.0,1.0,1.0,0.1863468634686347,0.23800738007380073,True
100,DS_DE_all_2025_800_10it.csv,DeepSeek V3,DE,all,2025,5,542,16,0.02,False,True,True,True,0.6,0.8,0.8,0.8,0.1863468634686347,0.23800738007380073,True
100,DS_DE_all_2025_800_10it.csv,DeepSeek V3,DE,all,2025,10,542,16,0.02,False,True,True,True,0.6,0.7,0.7,0.8,0.1863468634686347,0.23800738007380073,True
100,DS_IT_01_01_2025_800_10it.csv,DeepSeek V3,IT,01-01,2025,1,939,9,0.01125,True,True,True,True,1.0,1.0,1.0,1.0,0.47071352502662406,0.8402555910543131,True
100,DS_IT_01_01_2025_800_10it.csv,DeepSeek V3,IT,01-01,2025,5,939,9,0.01125,True,True,True,True,0.2,0.8,0.6,1.0,0.47071352502662406,0.8402555910543131,True
100,DS_IT_01_01_2025_800_10it.csv,DeepSeek V3,IT,01-01,2025,10,939,9,0.01125,True,True,True,True,0.1,0.8,0.3,1.0,0.47071352502662406,0.8402555910543131,True
100,DS_IT_07_01_2025_800_10it.csv,DeepSeek V3,IT,07-01,2025,1,117,8,0.01,True,True,True,True,1.0,1.0,1.0,1.0,0.2222222222222222,0.3162393162393162,True
100,DS_IT_07_01_2025_800_10it.csv,DeepSeek V3,IT,07-01,2025,5,117,8,0.01,True,True,True,True,0.6,0.8,0.6,1.0,0.2222222222222222,0.3162393162393162,True
100,DS_IT_07_01_2025_800_10it.csv,DeepSeek V3,IT,07-01,2025,10,117,8,0.01,True,True,True,True,0.4,0.6,0.4,0.7,0.2222222222222222,0.3162393162393162,True
100,DS_IT_all_2022-2025_800_10it_alpha1.csv,DeepSeek V3,IT,all,2022-2025,1,1076,18,0.0225,False,True,False,True,0.0,1.0,0.0,1.0,0.39312267657992567,0.5037174721189591,True
100,DS_IT_all_2022-2025_800_10it_alpha1.csv,DeepSeek V3,IT,all,2022-2025,5,1076,18,0.0225,False,True,False,True,0.2,0.6,0.2,1.0,0.39312267657992567,0.5037174721189591,True
100,DS_IT_all_2022-2025_800_10it_alpha1.csv,DeepSeek V3,IT,all,2022-2025,10,1076,18,0.0225,False,True,False,True,0.4,0.6,0.4,0.9,0.39312267657992567,0.5037174721189591,True
100,DS_IT_all_2025_800_10it.csv,DeepSeek V3,IT,all,2025,1,2173,12,0.015,False,True,True,True,0.0,1.0,1.0,1.0,0.3649332719742292,0.5430280717901519,True
100,DS_IT_all_2025_800_10it.csv,DeepSeek V3,IT,all,2025,5,2173,12,0.015,False,True,True,True,0.2,0.6,0.6,1.0,0.3649332719742292,0.5430280717901519,True
100,DS_IT_all_2025_800_10it.csv,DeepSeek V3,IT,all,2025,10,2173,12,0.015,False,True,True,True,0.2,0.6,0.5,1.0,0.3649332719742292,0.5430280717901519,True
100,DS_SE_01_01_2025_100_10it.csv,DeepSeek V3,SE,01-01,2025,1,145,1,0.01,True,True,True,True,1.0,1.0,1.0,1.0,0.9310344827586207,0.993103448275862,True
100,DS_SE_01_01_2025_100_10it.csv,DeepSeek V3,SE,01-01,2025,5,145,1,0.01,True,True,True,True,1.0,1.0,1.0,1.0,0.9310344827586207,0.993103448275862,True
100,DS_SE_01_01_2025_100_10it.csv,DeepSeek V3,SE,01-01,2025,10,145,1,0.01,True,True,True,True,1.0,1.0,1.0,1.0,0.9310344827586207,0.993103448275862,True
100,DS_SE_07_01_2025_100_10it.csv,DeepSeek V3,SE,07-01,2025,1,152,0,0.0,True,True,True,True,1.0,1.0,1.0,1.0,0.9210526315789473,0.993421052631579,True
100,DS_SE_07_01_2025_100_10it.csv,DeepSeek V3,SE,07-01,2025,5,152,0,0.0,True,True,True,True,1.0,1.0,1.0,1.0,0.9210526315789473,0.993421052631579,True
100,DS_SE_07_01_2025_100_10it.csv,DeepSeek V3,SE,07-01,2025,10,152,0,0.0,True,True,True,True,1.0,1.0,1.0,1.0,0.9210526315789473,0.993421052631579,True
100,DS_SE_all_2022-2025_100_10it_alpha1.csv,DeepSeek V3,SE,all,2022-2025,1,737,0,0.0,True,True,True,True,1.0,1.0,1.0,1.0,0.9579375848032564,0.9972862957937585,True
100,DS_SE_all_2022-2025_100_10it_alpha1.csv,DeepSeek V3,SE,all,2022-2025,5,737,0,0.0,True,True,True,True,1.0,1.0,1.0,1.0,0.9579375848032564,0.9972862957937585,True
100,DS_SE_all_2022-2025_100_10it_alpha1.csv,DeepSeek V3,SE,all,2022-2025,10,737,0,0.0,True,True,True,True,1.0,1.0,0.9,1.0,0.9579375848032564,0.9972862957937585,True
100,DS_SE_all_2025_100_10it.csv,DeepSeek V3,SE,all,2025,1,1174,2,0.02,True,True,True,True,1.0,1.0,1.0,1.0,0.9318568994889267,0.9906303236797275,True
100,DS_SE_all_2025_100_10it.csv,DeepSeek V3,SE,all,2025,5,1174,2,0.02,True,True,True,True,1.0,1.0,1.0,1.0,0.9318568994889267,0.9906303236797275,True
100,DS_SE_all_2025_100_10it.csv,DeepSeek V3,SE,all,2025,10,1174,2,0.02,True,True,True,True,1.0,1.0,0.9,1.0,0.9318568994889267,0.9906303236797275,True
100,DS_US_01_01_2025_800_10it.csv,DeepSeek V3,US,01-01,2025,1,105,3,0.00375,True,True,True,True,1.0,1.0,1.0,1.0,0.24761904761904763,0.3523809523809524,True
100,DS_US_01_01_2025_800_10it.csv,DeepSeek V3,US,01-01,2025,5,105,3,0.00375,True,True,True,True,0.6,0.8,0.8,1.0,0.24761904761904763,0.3523809523809524,True
100,DS_US_01_01_2025_800_10it.csv,DeepSeek V3,US,01-01,2025,10,105,3,0.00375,True,True,True,True,0.6,0.7,0.7,0.9,0.24761904761904763,0.3523809523809524,True
100,DS_US_all_2022-2025_800_10it_alpha1.csv,DeepSeek V3,US,all,2022-2025,1,1433,8,0.01,True,True,True,True,1.0,1.0,1.0,1.0,0.5659455687369156,0.7306350314026517,True
100,DS_US_all_2022-2025_800_10it_alpha1.csv,DeepSeek V3,US,all,2022-2025,5,1433,8,0.01,True,True,True,True,0.6,1.0,1.0,1.0,0.5659455687369156,0.7306350314026517,True
100,DS_US_all_2022-2025_800_10it_alpha1.csv,DeepSeek V3,US,all,2022-2025,10,1433,8,0.01,True,True,True,True,0.8,1.0,1.0,1.0,0.5659455687369156,0.7306350314026517,True
100,DS_US_all_2025_800_10it.csv,DeepSeek V3,US,all,2025,1,758,7,0.00875,True,True,True,True,1.0,1.0,1.0,1.0,0.22691292875989447,0.3390501319261214,True
100,DS_US_all_2025_800_10it.csv,DeepSeek V3,US,all,2025,5,758,7,0.00875,True,True,True,True,0.6,1.0,1.0,1.0,0.22691292875989447,0.3390501319261214,True
100,DS_US_all_2025_800_10it.csv,DeepSeek V3,US,all,2025,10,758,7,0.00875,True,True,True,True,0.6,0.9,0.9,1.0,0.22691292875989447,0.3390501319261214,True
100,KM_CN_01_01_2025_800_10it.csv,Kimi K2,CN,01-01,2025,1,796,11,0.01375,False,True,True,True,0.0,1.0,1.0,1.0,0.5678391959798995,0.8065326633165829,True
100,KM_CN_01_01_2025_800_10it.csv,Kimi K2,CN,01-01,2025,5,796,11,0.01375,False,True,True,True,0.2,1.0,1.0,1.0,0.5678391959798995,0.8065326633165829,True
100,KM_CN_01_01_2025_800_10it.csv,Kimi K2,CN,01-01,2025,10,796,11,0.01375,False,True,True,True,0.1,0.9,0.8,1.0,0.5678391959798995,0.8065326633165829,True
100,KM_CN_07_01_2025_800_10it.csv,Kimi K2,CN,07-01,2025,1,1089,7,0.00875,True,True,True,True,1.0,1.0,1.0,1.0,0.42424242424242425,0.7566574839302111,True
100,KM_CN_07_01_2025_800_10it.csv,Kimi K2,CN,07-01,2025,5,1089,7,0.00875,True,True,True,True,0.4,1.0,0.6,1.0,0.42424242424242425,0.7566574839302111,True
100,KM_CN_07_01_2025_800_10it.csv,Kimi K2,CN,07-01,2025,10,1089,7,0.00875,True,True,True,True,0.4,0.8,0.5,1.0,0.42424242424242425,0.7566574839302111,True
100,KM_CN_all_2025_800_10it.csv,Kimi K2,CN,all,2025,1,2429,16,0.02,False,True,True,True,0.0,1.0,1.0,1.0,0.43515850144092216,0.6809386578839028,True
100,KM_CN_all_2025_800_10it.csv,Kimi K2,CN,all,2025,5,2429,16,0.02,False,True,True,True,0.0,1.0,0.6,1.0,0.43515850144092216,0.6809386578839028,True
100,KM_CN_all_2025_800_10it.csv,Kimi K2,CN,all,2025,10,2429,16,0.02,False,True,True,True,0.0,1.0,0.7,1.0,0.43515850144092216,0.6809386578839028,True
100,KM_DE_01_01_2025_800_10it.csv,Kimi K2,DE,01-01,2025,1,890,13,0.01625,False,True,True,True,0.0,1.0,1.0,1.0,0.5,0.7865168539325843,True
100,KM_DE_01_01_2025_800_10it.csv,Kimi K2,DE,01-01,2025,5,890,13,0.01625,False,True,True,True,0.2,1.0,0.8,1.0,0.5,0.7865168539325843,True
100,KM_DE_01_01_2025_800_10it.csv,Kimi K2,DE,01-01,2025,10,890,13,0.01625,False,True,True,True,0.2,1.0,0.6,1.0,0.5,0.7865168539325843,True
100,KM_DE_07_01_2025_800_10it.csv,Kimi K2,DE,07-01,2025,1,452,5,0.00625,True,True,True,True,1.0,1.0,1.0,1.0,0.6792035398230089,0.7743362831858407,True
100,KM_DE_07_01_2025_800_10it.csv,Kimi K2,DE,07-01,2025,5,452,5,0.00625,True,True,True,True,0.8,1.0,1.0,1.0,0.6792035398230089,0.7743362831858407,True
100,KM_DE_07_01_2025_800_10it.csv,Kimi K2,DE,07-01,2025,10,452,5,0.00625,True,True,True,True,0.8,1.0,1.0,1.0,0.6792035398230089,0.7743362831858407,True
100,KM_DE_all_2022-2025_800_10it_alpha1.csv,Kimi K2,DE,all,2022-2025,1,1225,3,0.00375,True,True,True,True,1.0,1.0,1.0,1.0,0.4057142857142857,0.5240816326530612,True
100,KM_DE_all_2022-2025_800_10it_alpha1.csv,Kimi K2,DE,all,2022-2025,5,1225,3,0.00375,True,True,True,True,1.0,1.0,1.0,1.0,0.4057142857142857,0.5240816326530612,True
100,KM_DE_all_2022-2025_800_10it_alpha1.csv,Kimi K2,DE,all,2022-2025,10,1225,3,0.00375,True,True,True,True,1.0,1.0,1.0,1.0,0.4057142857142857,0.5240816326530612,True
100,KM_DE_all_2025_800_10it.csv,Kimi K2,DE,all,2025,1,334,79,0.09875,False,False,False,False,0.0,0.0,0.0,0.0,0.18862275449101795,0.18862275449101795,True
100,KM_DE_all_2025_800_10it.csv,Kimi K2,DE,all,2025,5,334,79,0.09875,False,False,False,False,0.4,0.4,0.4,0.6,0.18862275449101795,0.18862275449101795,True
100,KM_DE_all_2025_800_10it.csv,Kimi K2,DE,all,2025,10,334,79,0.09875,False,False,False,False,0.4,0.4,0.4,0.6,0.18862275449101795,0.18862275449101795,True
100,KM_IT_01_01_2025_800_10it.csv,Kimi K2,IT,01-01,2025,1,457,9,0.01125,True,True,True,True,1.0,1.0,1.0,1.0,0.7264770240700219,0.8140043763676149,True
100,KM_IT_01_01_2025_800_10it.csv,Kimi K2,IT,01-01,2025,5,457,9,0.01125,True,True,True,True,0.8,1.0,1.0,1.0,0.7264770240700219,0.8140043763676149,True
100,KM_IT_01_01_2025_800_10it.csv,Kimi K2,IT,01-01,2025,10,457,9,0.01125,True,True,True,True,0.9,1.0,1.0,1.0,0.7264770240700219,0.8140043763676149,True
100,KM_IT_07_01_2025_800_10it.csv,Kimi K2,IT,07-01,2025,1,694,12,0.015,False,True,True,True,0.0,1.0,1.0,1.0,0.6239193083573487,0.8443804034582133,True
100,KM_IT_07_01_2025_800_10it.csv,Kimi K2,IT,07-01,2025,5,694,12,0.015,False,True,True,True,0.2,1.0,1.0,1.0,0.6239193083573487,0.8443804034582133,True
100,KM_IT_07_01_2025_800_10it.csv,Kimi K2,IT,07-01,2025,10,694,12,0.015,False,True,True,True,0.3,1.0,1.0,1.0,0.6239193083573487,0.8443804034582133,True
100,KM_IT_all_2022-2025_800_10it_alpha1.csv,Kimi K2,IT,all,2022-2025,1,243,0,0.0,True,True,True,True,1.0,1.0,1.0,1.0,0.3168724279835391,0.43209876543209874,True
100,KM_IT_all_2022-2025_800_10it_alpha1.csv,Kimi K2,IT,all,2022-2025,5,243,0,0.0,True,True,True,True,1.0,1.0,1.0,1.0,0.3168724279835391,0.43209876543209874,True
100,KM_IT_all_2022-2025_800_10it_alpha1.csv,Kimi K2,IT,all,2022-2025,10,243,0,0.0,True,True,True,True,0.7,0.8,0.7,1.0,0.3168724279835391,0.43209876543209874,True
100,KM_IT_all_2025_800_10it.csv,Kimi K2,IT,all,2025,1,437,0,0.0,True,True,True,True,1.0,1.0,1.0,1.0,0.32494279176201374,0.43478260869565216,True
100,KM_IT_all_2025_800_10it.csv,Kimi K2,IT,all,2025,5,437,0,0.0,True,True,True,True,0.6,0.8,0.6,0.8,0.32494279176201374,0.43478260869565216,True
100,KM_IT_all_2025_800_10it.csv,Kimi K2,IT,all,2025,10,437,0,0.0,True,True,True,True,0.5,0.8,0.6,0.8,0.32494279176201374,0.43478260869565216,True
100,KM_SE_01_01_2025_100_10it.csv,Kimi K2,SE,01-01,2025,1,119,0,0.0,True,True,True,True,1.0,1.0,1.0,1.0,0.9243697478991597,0.9831932773109243,True
100,KM_SE_01_01_2025_100_10it.csv,Kimi K2,SE,01-01,2025,5,119,0,0.0,True,True,True,True,1.0,1.0,1.0,1.0,0.9243697478991597,0.9831932773109243,True
100,KM_SE_01_01_2025_100_10it.csv,Kimi K2,SE,01-01,2025,10,119,0,0.0,True,True,True,True,1.0,1.0,1.0,1.0,0.9243697478991597,0.9831932773109243,True
100,KM_SE_07_01_2025_100_10it.csv,Kimi K2,SE,07-01,2025,1,94,0,0.0,True,True,True,True,1.0,1.0,1.0,1.0,0.9042553191489362,0.9787234042553191,True
100,KM_SE_07_01_2025_100_10it.csv,Kimi K2,SE,07-01,2025,5,94,0,0.0,True,True,True,True,1.0,1.0,1.0,1.0,0.9042553191489362,0.9787234042553191,True
100,KM_SE_07_01_2025_100_10it.csv,Kimi K2,SE,07-01,2025,10,94,0,0.0,True,True,True,True,1.0,1.0,0.8,1.0,0.9042553191489362,0.9787234042553191,True
100,KM_SE_all_2022-2025_100_10it_alpha1.csv,Kimi K2,SE,all,2022-2025,1,1104,1,0.01,True,True,True,True,1.0,1.0,1.0,1.0,0.8759057971014492,0.9818840579710145,True
100,KM_SE_all_2022-2025_100_10it_alpha1.csv,Kimi K2,SE,all,2022-2025,5,1104,1,0.01,True,True,True,True,1.0,1.0,1.0,1.0,0.8759057971014492,0.9818840579710145,True
100,KM_SE_all_2022-2025_100_10it_alpha1.csv,Kimi K2,SE,all,2022-2025,10,1104,1,0.01,True,True,True,True,1.0,1.0,1.0,1.0,0.8759057971014492,0.9818840579710145,True
100,KM_SE_all_2025_100_10it.csv,Kimi K2,SE,all,2025,1,902,0,0.0,True,True,True,True,1.0,1.0,1.0,1.0,0.8991130820399114,0.9844789356984479,True
100,KM_SE_all_2025_100_10it.csv,Kimi K2,SE,all,2025,5,902,0,0.0,True,True,True,True,1.0,1.0,1.0,1.0,0.8991130820399114,0.9844789356984479,True
100,KM_SE_all_2025_100_10it.csv,Kimi K2,SE,all,2025,10,902,0,0.0,True,True,True,True,1.0,1.0,1.0,1.0,0.8991130820399114,0.9844789356984479,True
100,KM_US_01_01_2025_800_10it.csv,Kimi K2,US,01-01,2025,1,567,10,0.0125,True,True,True,True,1.0,1.0,1.0,1.0,0.6613756613756614,0.8306878306878307,True
100,KM_US_01_01_2025_800_10it.csv,Kimi K2,US,01-01,2025,5,567,10,0.0125,True,True,True,True,1.0,1.0,1.0,1.0,0.6613756613756614,0.8306878306878307,True
100,KM_US_01_01_2025_800_10it.csv,Kimi K2,US,01-01,2025,10,567,10,0.0125,True,True,True,True,1.0,1.0,1.0,1.0,0.6613756613756614,0.8306878306878307,True
100,KM_US_07_01_2025_800_10it.csv,Kimi K2,US,07-01,2025,1,528,7,0.00875,True,True,True,True,1.0,1.0,1.0,1.0,0.6761363636363636,0.8200757575757576,True
100,KM_US_07_01_2025_800_10it.csv,Kimi K2,US,07-01,2025,5,528,7,0.00875,True,True,True,True,1.0,1.0,1.0,1.0,0.6761363636363636,0.8200757575757576,True
100,KM_US_07_01_2025_800_10it.csv,Kimi K2,US,07-01,2025,10,528,7,0.00875,True,True,True,True,1.0,1.0,1.0,1.0,0.6761363636363636,0.8200757575757576,True
100,KM_US_all_2022-2025_800_10it_alpha1.csv,Kimi K2,US,all,2022-2025,1,2302,8,0.01,True,True,True,True,1.0,1.0,1.0,1.0,0.5912250217202433,0.8271068635968722,True
100,KM_US_all_2022-2025_800_10it_alpha1.csv,Kimi K2,US,all,2022-2025,5,2302,8,0.01,True,True,True,True,0.6,1.0,1.0,1.0,0.5912250217202433,0.8271068635968722,True
100,KM_US_all_2022-2025_800_10it_alpha1.csv,Kimi K2,US,all,2022-2025,10,2302,8,0.01,True,True,True,True,0.8,1.0,1.0,1.0,0.5912250217202433,0.8271068635968722,True
100,KM_US_all_2025_800_10it.csv,Kimi K2,US,all,2025,1,2536,7,0.00875,True,True,True,True,1.0,1.0,1.0,1.0,0.5212933753943217,0.6963722397476341,True
100,KM_US_all_2025_800_10it.csv,Kimi K2,US,all,2025,5,2536,7,0.00875,True,True,True,True,1.0,1.0,1.0,1.0,0.5212933753943217,0.6963722397476341,True
100,KM_US_all_2025_800_10it.csv,Kimi K2,US,all,2025,10,2536,7,0.00875,True,True,True,True,1.0,1.0,1.0,1.0,0.5212933753943217,0.6963722397476341,True
200,DS_CN_01_01_2025_800_10it.csv,DeepSeek V3,CN,01-01,2025,1,578,8,0.01,True,True,True,True,1.0,1.0,1.0,1.0,0.6764705882352942,0.8114186851211073,True
200,DS_CN_01_01_2025_800_10it.csv,DeepSeek V3,CN,01-01,2025,5,578,8,0.01,True,True,True,True,0.8,1.0,1.0,1.0,0.6764705882352942,0.8114186851211073,True
200,DS_CN_01_01_2025_800_10it.csv,DeepSeek V3,CN,01-01,2025,10,578,8,0.01,True,True,True,True,0.9,1.0,1.0,1.0,0.6764705882352942,0.8114186851211073,True
200,DS_CN_07_01_2025_800_10it.csv,DeepSeek V3,CN,07-01,2025,1,870,17,0.02125,False,True,False,True,0.0,1.0,0.0,1.0,0.5114942528735632,0.8448275862068966,True
200,DS_CN_07_01_2025_800_10it.csv,DeepSeek V3,CN,07-01,2025,5,870,17,0.02125,False,True,False,True,0.0,0.8,0.4,1.0,0.5114942528735632,0.8448275862068966,True
200,DS_CN_07_01_2025_800_10it.csv,DeepSeek V3,CN,07-01,2025,10,870,17,0.02125,False,True,False,True,0.0,0.9,0.6,1.0,0.5114942528735632,0.8448275862068966,True
200,DS_CN_all_2022-2025_800_10it_alpha1.csv,DeepSeek V3,CN,all,2022-2025,1,2603,5,0.00625,True,True,True,True,1.0,1.0,1.0,1.0,0.5678063772570111,0.7487514406454091,True
200,DS_CN_all_2022-2025_800_10it_alpha1.csv,DeepSeek V3,CN,all,2022-2025,5,2603,5,0.00625,True,True,True,True,0.6,1.0,1.0,1.0,0.5678063772570111,0.7487514406454091,True
200,DS_CN_all_2022-2025_800_10it_alpha1.csv,DeepSeek V3,CN,all,2022-2025,10,2603,5,0.00625,True,True,True,True,0.5,1.0,1.0,1.0,0.5678063772570111,0.7487514406454091,True
200,DS_CN_all_2025_800_10it.csv,DeepSeek V3,CN,all,2025,1,3787,17,0.02125,False,True,False,True,0.0,1.0,0.0,1.0,0.45471349353049906,0.7562714549775548,True
200,DS_CN_all_2025_800_10it.csv,DeepSeek V3,CN,all,2025,5,3787,17,0.02125,False,True,False,True,0.0,1.0,0.0,1.0,0.45471349353049906,0.7562714549775548,True
200,DS_CN_all_2025_800_10it.csv,DeepSeek V3,CN,all,2025,10,3787,17,0.02125,False,True,False,True,0.0,1.0,0.1,1.0,0.45471349353049906,0.7562714549775548,True
200,DS_DE_01_01_2025_800_10it.csv,DeepSeek V3,DE,01-01,2025,1,1214,23,0.02875,False,False,False,True,0.0,0.0,0.0,1.0,0.3830313014827018,0.7100494233937397,True
200,DS_DE_01_01_2025_800_10it.csv,DeepSeek V3,DE,01-01,2025,5,1214,23,0.02875,False,False,False,True,0.0,0.0,0.0,1.0,0.3830313014827018,0.7100494233937397,True
200,DS_DE_01_01_2025_800_10it.csv,DeepSeek V3,DE,01-01,2025,10,1214,23,0.02875,False,False,False,True,0.0,0.0,0.0,1.0,0.3830313014827018,0.7100494233937397,True
200,DS_DE_07_01_2025_800_10it.csv,DeepSeek V3,DE,07-01,2025,1,397,1,0.00125,True,True,True,True,1.0,1.0,1.0,1.0,0.6347607052896725,0.7808564231738035,True
200,DS_DE_07_01_2025_800_10it.csv,DeepSeek V3,DE,07-01,2025,5,397,1,0.00125,True,True,True,True,1.0,1.0,1.0,1.0,0.6347607052896725,0.7808564231738035,True
200,DS_DE_07_01_2025_800_10it.csv,DeepSeek V3,DE,07-01,2025,10,397,1,0.00125,True,True,True,True,1.0,1.0,1.0,1.0,0.6347607052896725,0.7808564231738035,True
200,DS_DE_all_2022-2025_800_10it_alpha1.csv,DeepSeek V3,DE,all,2022-2025,1,1669,9,0.01125,True,True,True,True,1.0,1.0,1.0,1.0,0.5883762732174955,0.70760934691432,True
200,DS_DE_all_2022-2025_800_10it_alpha1.csv,DeepSeek V3,DE,all,2022-2025,5,1669,9,0.01125,True,True,True,True,1.0,1.0,1.0,1.0,0.5883762732174955,0.70760934691432,True
200,DS_DE_all_2022-2025_800_10it_alpha1.csv,DeepSeek V3,DE,all,2022-2025,10,1669,9,0.01125,True,True,True,True,1.0,1.0,1.0,1.0,0.5883762732174955,0.70760934691432,True
200,DS_DE_all_2025_800_10it.csv,DeepSeek V3,DE,all,2025,1,3330,5,0.00625,True,True,True,True,1.0,1.0,1.0,1.0,0.4294294294294294,0.6396396396396397,True
200,DS_DE_all_2025_800_10it.csv,DeepSeek V3,DE,all,2025,5,3330,5,0.00625,True,True,True,True,1.0,1.0,1.0,1.0,0.4294294294294294,0.6396396396396397,True
200,DS_DE_all_2025_800_10it.csv,DeepSeek V3,DE,all,2025,10,3330,5,0.00625,True,True,True,True,1.0,1.0,1.0,1.0,0.4294294294294294,0.6396396396396397,True
200,DS_IT_01_01_2025_800_10it.csv,DeepSeek V3,IT,01-01,2025,1,696,12,0.015,False,True,True,True,0.0,1.0,1.0,1.0,0.625,0.8333333333333334,True
200,DS_IT_01_01_2025_800_10it.csv,DeepSeek V3,IT,01-01,2025,5,696,12,0.015,False,True,True,True,0.0,1.0,1.0,1.0,0.625,0.8333333333333334,True
200,DS_IT_01_01_2025_800_10it.csv,DeepSeek V3,IT,01-01,2025,10,696,12,0.015,False,True,True,True,0.0,1.0,1.0,1.0,0.625,0.8333333333333334,True
200,DS_IT_07_01_2025_800_10it.csv,DeepSeek V3,IT,07-01,2025,1,424,9,0.01125,True,True,True,True,1.0,1.0,1.0,1.0,0.6415094339622641,0.7877358490566038,True
200,DS_IT_07_01_2025_800_10it.csv,DeepSeek V3,IT,07-01,2025,5,424,9,0.01125,True,True,True,True,1.0,1.0,1.0,1.0,0.6415094339622641,0.7877358490566038,True
200,DS_IT_07_01_2025_800_10it.csv,DeepSeek V3,IT,07-01,2025,10,424,9,0.01125,True,True,True,True,1.0,1.0,1.0,1.0,0.6415094339622641,0.7877358490566038,True
200,DS_IT_all_2022-2025_800_10it_alpha1.csv,DeepSeek V3,IT,all,2022-2025,1,2545,8,0.01,True,True,True,True,1.0,1.0,1.0,1.0,0.4506876227897839,0.6404715127701375,True
200,DS_IT_all_2022-2025_800_10it_alpha1.csv,DeepSeek V3,IT,all,2022-2025,5,2545,8,0.01,True,True,True,True,0.8,1.0,1.0,1.0,0.4506876227897839,0.6404715127701375,True
200,DS_IT_all_2022-2025_800_10it_alpha1.csv,DeepSeek V3,IT,all,2022-2025,10,2545,8,0.01,True,True,True,True,0.8,1.0,1.0,1.0,0.4506876227897839,0.6404715127701375,True
200,DS_IT_all_2025_800_10it.csv,DeepSeek V3,IT,all,2025,1,2701,17,0.02125,False,True,False,True,0.0,1.0,0.0,1.0,0.4457608293224732,0.701592002961866,True
200,DS_IT_all_2025_800_10it.csv,DeepSeek V3,IT,all,2025,5,2701,17,0.02125,False,True,False,True,0.0,1.0,0.4,1.0,0.4457608293224732,0.701592002961866,True
200,DS_IT_all_2025_800_10it.csv,DeepSeek V3,IT,all,2025,10,2701,17,0.02125,False,True,False,True,0.0,1.0,0.4,1.0,0.4457608293224732,0.701592002961866,True
200,DS_SE_01_01_2025_100_10it.csv,DeepSeek V3,SE,01-01,2025,1,144,1,0.01,True,True,True,True,1.0,1.0,1.0,1.0,0.9375,0.9930555555555556,True
200,DS_SE_01_01_2025_100_10it.csv,DeepSeek V3,SE,01-01,2025,5,144,1,0.01,True,True,True,True,1.0,1.0,1.0,1.0,0.9375,0.9930555555555556,True
200,DS_SE_01_01_2025_100_10it.csv,DeepSeek V3,SE,01-01,2025,10,144,1,0.01,True,True,True,True,1.0,1.0,1.0,1.0,0.9375,0.9930555555555556,True
200,DS_SE_07_01_2025_100_10it.csv,DeepSeek V3,SE,07-01,2025,1,152,0,0.0,True,True,True,True,1.0,1.0,1.0,1.0,0.9210526315789473,0.993421052631579,True
200,DS_SE_07_01_2025_100_10it.csv,DeepSeek V3,SE,07-01,2025,5,152,0,0.0,True,True,True,True,1.0,1.0,1.0,1.0,0.9210526315789473,0.993421052631579,True
200,DS_SE_07_01_2025_100_10it.csv,DeepSeek V3,SE,07-01,2025,10,152,0,0.0,True,True,True,True,1.0,1.0,1.0,1.0,0.9210526315789473,0.993421052631579,True
200,DS_SE_all_2022-2025_100_10it_alpha1.csv,DeepSeek V3,SE,all,2022-2025,1,720,0,0.0,True,True,True,True,1.0,1.0,1.0,1.0,0.9416666666666667,0.9944444444444445,True
200,DS_SE_all_2022-2025_100_10it_alpha1.csv,DeepSeek V3,SE,all,2022-2025,5,720,0,0.0,True,True,True,True,1.0,1.0,1.0,1.0,0.9416666666666667,0.9944444444444445,True
200,DS_SE_all_2022-2025_100_10it_alpha1.csv,DeepSeek V3,SE,all,2022-2025,10,720,0,0.0,True,True,True,True,1.0,1.0,1.0,1.0,0.9416666666666667,0.9944444444444445,True
200,DS_SE_all_2025_100_10it.csv,DeepSeek V3,SE,all,2025,1,1128,2,0.02,True,True,True,True,1.0,1.0,1.0,1.0,0.9148936170212766,0.9875886524822695,True
200,DS_SE_all_2025_100_10it.csv,DeepSeek V3,SE,all,2025,5,1128,2,0.02,True,True,True,True,1.0,1.0,1.0,1.0,0.9148936170212766,0.9875886524822695,True
200,DS_SE_all_2025_100_10it.csv,DeepSeek V3,SE,all,2025,10,1128,2,0.02,True,True,True,True,1.0,1.0,1.0,1.0,0.9148936170212766,0.9875886524822695,True
200,DS_US_01_01_2025_800_10it.csv,DeepSeek V3,US,01-01,2025,1,488,4,0.005,True,True,True,True,1.0,1.0,1.0,1.0,0.7172131147540983,0.8258196721311475,True
200,DS_US_01_01_2025_800_10it.csv,DeepSeek V3,US,01-01,2025,5,488,4,0.005,True,True,True,True,1.0,1.0,1.0,1.0,0.7172131147540983,0.8258196721311475,True
200,DS_US_01_01_2025_800_10it.csv,DeepSeek V3,US,01-01,2025,10,488,4,0.005,True,True,True,True,1.0,1.0,1.0,1.0,0.7172131147540983,0.8258196721311475,True
200,DS_US_all_2022-2025_800_10it_alpha1.csv,DeepSeek V3,US,all,2022-2025,1,1923,8,0.01,True,True,True,True,1.0,1.0,1.0,1.0,0.5793031721268851,0.7613104524180967,True
200,DS_US_all_2022-2025_800_10it_alpha1.csv,DeepSeek V3,US,all,2022-2025,5,1923,8,0.01,True,True,True,True,0.6,1.0,1.0,1.0,0.5793031721268851,0.7613104524180967,True
200,DS_US_all_2022-2025_800_10it_alpha1.csv,DeepSeek V3,US,all,2022-2025,10,1923,8,0.01,True,True,True,True,0.7,1.0,1.0,1.0,0.5793031721268851,0.7613104524180967,True
200,DS_US_all_2025_800_10it.csv,DeepSeek V3,US,all,2025,1,2028,10,0.0125,True,True,True,True,1.0,1.0,1.0,1.0,0.5532544378698225,0.7233727810650887,True
200,DS_US_all_2025_800_10it.csv,DeepSeek V3,US,all,2025,5,2028,10,0.0125,True,True,True,True,0.8,1.0,1.0,1.0,0.5532544378698225,0.7233727810650887,True
200,DS_US_all_2025_800_10it.csv,DeepSeek V3,US,all,2025,10,2028,10,0.0125,True,True,True,True,0.7,1.0,1.0,1.0,0.5532544378698225,0.7233727810650887,True
200,KM_CN_01_01_2025_800_10it.csv,Kimi K2,CN,01-01,2025,1,808,11,0.01375,False,True,True,True,0.0,1.0,1.0,1.0,0.5643564356435643,0.801980198019802,True
200,KM_CN_01_01_2025_800_10it.csv,Kimi K2,CN,01-01,2025,5,808,11,0.01375,False,True,True,True,0.2,1.0,1.0,1.0,0.5643564356435643,0.801980198019802,True
200,KM_CN_01_01_2025_800_10it.csv,Kimi K2,CN,01-01,2025,10,808,11,0.01375,False,True,True,True,0.1,0.9,0.8,1.0,0.5643564356435643,0.801980198019802,True
200,KM_CN_07_01_2025_800_10it.csv,Kimi K2,CN,07-01,2025,1,1089,7,0.00875,True,True,True,True,1.0,1.0,1.0,1.0,0.42424242424242425,0.7566574839302111,True
200,KM_CN_07_01_2025_800_10it.csv,Kimi K2,CN,07-01,2025,5,1089,7,0.00875,True,True,True,True,0.4,1.0,0.6,1.0,0.42424242424242425,0.7566574839302111,True
200,KM_CN_07_01_2025_800_10it.csv,Kimi K2,CN,07-01,2025,10,1089,7,0.00875,True,True,True,True,0.4,0.8,0.5,1.0,0.42424242424242425,0.7566574839302111,True
200,KM_CN_all_2025_800_10it.csv,Kimi K2,CN,all,2025,1,2489,16,0.02,False,True,True,True,0.0,1.0,1.0,1.0,0.43350743270389713,0.6773804740859783,True
200,KM_CN_all_2025_800_10it.csv,Kimi K2,CN,all,2025,5,2489,16,0.02,False,True,True,True,0.0,1.0,0.6,1.0,0.43350743270389713,0.6773804740859783,True
200,KM_CN_all_2025_800_10it.csv,Kimi K2,CN,all,2025,10,2489,16,0.02,False,True,True,True,0.0,1.0,0.7,1.0,0.43350743270389713,0.6773804740859783,True
200,KM_DE_01_01_2025_800_10it.csv,Kimi K2,DE,01-01,2025,1,344,0,0.0,True,True,True,True,1.0,1.0,1.0,1.0,0.49709302325581395,0.627906976744186,True
200,KM_DE_01_01_2025_800_10it.csv,Kimi K2,DE,01-01,2025,5,344,0,0.0,True,True,True,True,0.8,1.0,1.0,1.0,0.49709302325581395,0.627906976744186,True
200,KM_DE_01_01_2025_800_10it.csv,Kimi K2,DE,01-01,2025,10,344,0,0.0,True,True,True,True,0.9,1.0,1.0,1.0,0.49709302325581395,0.627906976744186,True
200,KM_DE_07_01_2025_800_10it.csv,Kimi K2,DE,07-01,2025,1,467,7,0.00875,True,True,True,True,1.0,1.0,1.0,1.0,0.7237687366167024,0.8051391862955032,True
200,KM_DE_07_01_2025_800_10it.csv,Kimi K2,DE,07-01,2025,5,467,7,0.00875,True,True,True,True,1.0,1.0,1.0,1.0,0.7237687366167024,0.8051391862955032,True
200,KM_DE_07_01_2025_800_10it.csv,Kimi K2,DE,07-01,2025,10,467,7,0.00875,True,True,True,True,1.0,1.0,1.0,1.0,0.7237687366167024,0.8051391862955032,True
200,KM_DE_all_2022-2025_800_10it_alpha1.csv,Kimi K2,DE,all,2022-2025,1,1957,8,0.01,True,True,True,True,1.0,1.0,1.0,1.0,0.4905467552376086,0.6142054164537557,True
200,KM_DE_all_2022-2025_800_10it_alpha1.csv,Kimi K2,DE,all,2022-2025,5,1957,8,0.01,True,True,True,True,1.0,1.0,1.0,1.0,0.4905467552376086,0.6142054164537557,True
200,KM_DE_all_2022-2025_800_10it_alpha1.csv,Kimi K2,DE,all,2022-2025,10,1957,8,0.01,True,True,True,True,1.0,1.0,1.0,1.0,0.4905467552376086,0.6142054164537557,True
200,KM_DE_all_2025_800_10it.csv,Kimi K2,DE,all,2025,1,1627,7,0.00875,True,True,True,True,1.0,1.0,1.0,1.0,0.446220036877689,0.553779963122311,True
200,KM_DE_all_2025_800_10it.csv,Kimi K2,DE,all,2025,5,1627,7,0.00875,True,True,True,True,0.6,1.0,1.0,1.0,0.446220036877689,0.553779963122311,True
200,KM_DE_all_2025_800_10it.csv,Kimi K2,DE,all,2025,10,1627,7,0.00875,True,True,True,True,0.6,1.0,1.0,1.0,0.446220036877689,0.553779963122311,True
200,KM_IT_01_01_2025_800_10it.csv,Kimi K2,IT,01-01,2025,1,593,9,0.01125,True,True,True,True,1.0,1.0,1.0,1.0,0.6661045531197302,0.8195615514333895,True
200,KM_IT_01_01_2025_800_10it.csv,Kimi K2,IT,01-01,2025,5,593,9,0.01125,True,True,True,True,1.0,1.0,1.0,1.0,0.6661045531197302,0.8195615514333895,True
200,KM_IT_01_01_2025_800_10it.csv,Kimi K2,IT,01-01,2025,10,593,9,0.01125,True,True,True,True,1.0,1.0,1.0,1.0,0.6661045531197302,0.8195615514333895,True
200,KM_IT_07_01_2025_800_10it.csv,Kimi K2,IT,07-01,2025,1,614,12,0.015,False,True,True,True,0.0,1.0,1.0,1.0,0.6433224755700325,0.8387622149837134,True
200,KM_IT_07_01_2025_800_10it.csv,Kimi K2,IT,07-01,2025,5,614,12,0.015,False,True,True,True,0.4,1.0,1.0,1.0,0.6433224755700325,0.8387622149837134,True
200,KM_IT_07_01_2025_800_10it.csv,Kimi K2,IT,07-01,2025,10,614,12,0.015,False,True,True,True,0.5,1.0,1.0,1.0,0.6433224755700325,0.8387622149837134,True
200,KM_IT_all_2022-2025_800_10it_alpha1.csv,Kimi K2,IT,all,2022-2025,1,1598,9,0.01125,True,True,True,True,1.0,1.0,1.0,1.0,0.5281602002503129,0.6426783479349186,True
200,KM_IT_all_2022-2025_800_10it_alpha1.csv,Kimi K2,IT,all,2022-2025,5,1598,9,0.01125,True,True,True,True,1.0,1.0,1.0,1.0,0.5281602002503129,0.6426783479349186,True
200,KM_IT_all_2022-2025_800_10it_alpha1.csv,Kimi K2,IT,all,2022-2025,10,1598,9,0.01125,True,True,True,True,1.0,1.0,1.0,1.0,0.5281602002503129,0.6426783479349186,True
200,KM_IT_all_2025_800_10it.csv,Kimi K2,IT,all,2025,1,2330,8,0.01,True,True,True,True,1.0,1.0,1.0,1.0,0.5600858369098712,0.7742489270386266,True
200,KM_IT_all_2025_800_10it.csv,Kimi K2,IT,all,2025,5,2330,8,0.01,True,True,True,True,0.6,1.0,1.0,1.0,0.5600858369098712,0.7742489270386266,True
200,KM_IT_all_2025_800_10it.csv,Kimi K2,IT,all,2025,10,2330,8,0.01,True,True,True,True,0.3,1.0,1.0,1.0,0.5600858369098712,0.7742489270386266,True
200,KM_SE_01_01_2025_100_10it.csv,Kimi K2,SE,01-01,2025,1,139,0,0.0,True,True,True,True,1.0,1.0,1.0,1.0,0.920863309352518,0.9856115107913669,True
200,KM_SE_01_01_2025_100_10it.csv,Kimi K2,SE,01-01,2025,5,139,0,0.0,True,True,True,True,1.0,1.0,1.0,1.0,0.920863309352518,0.9856115107913669,True
200,KM_SE_01_01_2025_100_10it.csv,Kimi K2,SE,01-01,2025,10,139,0,0.0,True,True,True,True,1.0,1.0,1.0,1.0,0.920863309352518,0.9856115107913669,True
200,KM_SE_07_01_2025_100_10it.csv,Kimi K2,SE,07-01,2025,1,117,0,0.0,True,True,True,True,1.0,1.0,1.0,1.0,0.9145299145299145,0.9829059829059829,True
200,KM_SE_07_01_2025_100_10it.csv,Kimi K2,SE,07-01,2025,5,117,0,0.0,True,True,True,True,1.0,1.0,1.0,1.0,0.9145299145299145,0.9829059829059829,True
200,KM_SE_07_01_2025_100_10it.csv,Kimi K2,SE,07-01,2025,10,117,0,0.0,True,True,True,True,1.0,1.0,0.8,1.0,0.9145299145299145,0.9829059829059829,True
200,KM_SE_all_2022-2025_100_10it_alpha1.csv,Kimi K2,SE,all,2022-2025,1,1193,1,0.01,True,True,True,True,1.0,1.0,1.0,1.0,0.8474434199497066,0.9941324392288349,True
200,KM_SE_all_2022-2025_100_10it_alpha1.csv,Kimi K2,SE,all,2022-2025,5,1193,1,0.01,True,True,True,True,1.0,1.0,1.0,1.0,0.8474434199497066,0.9941324392288349,True
200,KM_SE_all_2022-2025_100_10it_alpha1.csv,Kimi K2,SE,all,2022-2025,10,1193,1,0.01,True,True,True,True,1.0,1.0,1.0,1.0,0.8474434199497066,0.9941324392288349,True
200,KM_SE_all_2025_100_10it.csv,Kimi K2,SE,all,2025,1,963,0,0.0,True,True,True,True,1.0,1.0,1.0,1.0,0.8982346832814122,0.9854620976116303,True
200,KM_SE_all_2025_100_10it.csv,Kimi K2,SE,all,2025,5,963,0,0.0,True,True,True,True,1.0,1.0,1.0,1.0,0.8982346832814122,0.9854620976116303,True
200,KM_SE_all_2025_100_10it.csv,Kimi K2,SE,all,2025,10,963,0,0.0,True,True,True,True,1.0,1.0,1.0,1.0,0.8982346832814122,0.9854620976116303,True
200,KM_US_01_01_2025_800_10it.csv,Kimi K2,US,01-01,2025,1,567,10,0.0125,True,True,True,True,1.0,1.0,1.0,1.0,0.6613756613756614,0.8306878306878307,True
200,KM_US_01_01_2025_800_10it.csv,Kimi K2,US,01-01,2025,5,567,10,0.0125,True,True,True,True,1.0,1.0,1.0,1.0,0.6613756613756614,0.8306878306878307,True
200,KM_US_01_01_2025_800_10it.csv,Kimi K2,US,01-01,2025,10,567,10,0.0125,True,True,True,True,1.0,1.0,1.0,1.0,0.6613756613756614,0.8306878306878307,True
200,KM_US_07_01_2025_800_10it.csv,Kimi K2,US,07-01,2025,1,528,7,0.00875,True,True,True,True,1.0,1.0,1.0,1.0,0.6761363636363636,0.8200757575757576,True
200,KM_US_07_01_2025_800_10it.csv,Kimi K2,US,07-01,2025,5,528,7,0.00875,True,True,True,True,1.0,1.0,1.0,1.0,0.6761363636363636,0.8200757575757576,True
200,KM_US_07_01_2025_800_10it.csv,Kimi K2,US,07-01,2025,10,528,7,0.00875,True,True,True,True,1.0,1.0,1.0,1.0,0.6761363636363636,0.8200757575757576,True
200,KM_US_all_2022-2025_800_10it_alpha1.csv,Kimi K2,US,all,2022-2025,1,2302,8,0.01,True,True,True,True,1.0,1.0,1.0,1.0,0.5912250217202433,0.8271068635968722,True
200,KM_US_all_2022-2025_800_10it_alpha1.csv,Kimi K2,US,all,2022-2025,5,2302,8,0.01,True,True,True,True,0.6,1.0,1.0,1.0,0.5912250217202433,0.8271068635968722,True
200,KM_US_all_2022-2025_800_10it_alpha1.csv,Kimi K2,US,all,2022-2025,10,2302,8,0.01,True,True,True,True,0.8,1.0,1.0,1.0,0.5912250217202433,0.8271068635968722,True
200,KM_US_all_2025_800_10it.csv,Kimi K2,US,all,2025,1,2536,7,0.00875,True,True,True,True,1.0,1.0,1.0,1.0,0.5212933753943217,0.6963722397476341,True
200,KM_US_all_2025_800_10it.csv,Kimi K2,US,all,2025,5,2536,7,0.00875,True,True,True,True,1.0,1.0,1.0,1.0,0.5212933753943217,0.6963722397476341,True
200,KM_US_all_2025_800_10it.csv,Kimi K2,US,all,2025,10,2536,7,0.00875,True,True,True,True,1.0,1.0,1.0,1.0,0.5212933753943217,0.6963722397476341,True
