budget,file,margin_bin,savings_bin_best,n_points,run_best,relative
10,DS_CN_01_01_2025_800_10it.csv,0,0.28,48,0.35,80.00000000000001
10,DS_CN_01_01_2025_800_10it.csv,1–10,0.34,343,0.35,97.14285714285715
10,DS_CN_01_01_2025_800_10it.csv,11–20,0.35,122,0.35,100.0
10,DS_CN_01_01_2025_800_10it.csv,21–40,0.33,40,0.35,94.28571428571429
10,DS_CN_01_01_2025_800_10it.csv,41–80,0.24,27,0.35,68.57142857142857
10,DS_CN_01_01_2025_800_10it.csv,81–160,0.13,16,0.35,37.142857142857146
10,DS_CN_all_2025_800_10it.csv,0,1.65,302,1.69,97.63313609467455
10,DS_CN_all_2025_800_10it.csv,1–10,1.67,1681,1.69,98.81656804733727
10,DS_CN_all_2025_800_10it.csv,11–20,1.69,1337,1.69,100.0
10,DS_CN_all_2025_800_10it.csv,21–40,1.68,819,1.69,99.40828402366864
10,DS_CN_all_2025_800_10it.csv,41–80,1.55,266,1.69,91.71597633136095
10,DS_CN_all_2025_800_10it.csv,81–160,1.09,99,1.69,64.49704142011835
10,DS_CN_all_2025_800_10it.csv,161–320,0.13,2,1.69,7.6923076923076925
10,DS_DE_01_01_2025_800_10it.csv,0,1.39,47,1.41,98.58156028368793
10,DS_DE_01_01_2025_800_10it.csv,1–10,1.41,336,1.41,100.0
10,DS_DE_01_01_2025_800_10it.csv,11–20,1.41,78,1.41,100.0
10,DS_DE_01_01_2025_800_10it.csv,21–40,1.41,43,1.41,100.0
10,DS_DE_01_01_2025_800_10it.csv,41–80,1.34,20,1.41,95.03546099290782
10,DS_DE_01_01_2025_800_10it.csv,81–160,1.06,18,1.41,75.17730496453902
10,DS_DE_01_01_2025_800_10it.csv,161–320,0.84,4,1.41,59.57446808510638
10,DS_DE_07_01_2025_800_10it.csv,0,3.56,50,3.66,97.26775956284153
10,DS_DE_07_01_2025_800_10it.csv,1–10,3.65,325,3.66,99.72677595628414
10,DS_DE_07_01_2025_800_10it.csv,11–20,3.66,132,3.66,100.0
10,DS_DE_07_01_2025_800_10it.csv,21–40,3.6,56,3.66,98.36065573770492
10,DS_DE_07_01_2025_800_10it.csv,41–80,3.18,28,3.66,86.88524590163934
10,DS_DE_07_01_2025_800_10it.csv,81–160,3.13,27,3.66,85.51912568306011
10,DS_DE_07_01_2025_800_10it.csv,161–320,2.48,29,3.66,67.75956284153006
10,DS_DE_07_01_2025_800_10it.csv,>320,1.26,2,3.66,34.42622950819672
10,DS_DE_all_2022-2025_800_10it_alpha1.csv,0,4.29,314,4.46,96.18834080717488
10,DS_DE_all_2022-2025_800_10it_alpha1.csv,1–10,4.46,1338,4.46,100.0
10,DS_DE_all_2022-2025_800_10it_alpha1.csv,11–20,4.45,674,4.46,99.77578475336323
10,DS_DE_all_2022-2025_800_10it_alpha1.csv,21–40,4.42,1037,4.46,99.10313901345292
10,DS_DE_all_2022-2025_800_10it_alpha1.csv,41–80,4.18,388,4.46,93.7219730941704
10,DS_DE_all_2022-2025_800_10it_alpha1.csv,81–160,2.97,94,4.46,66.59192825112108
10,DS_DE_all_2022-2025_800_10it_alpha1.csv,161–320,2.26,29,4.46,50.67264573991031
10,DS_DE_all_2025_800_10it.csv,0,10.14,298,10.19,99.50932286555447
10,DS_DE_all_2025_800_10it.csv,1–10,10.19,1159,10.19,100.0
10,DS_DE_all_2025_800_10it.csv,11–20,10.18,587,10.19,99.9018645731109
10,DS_DE_all_2025_800_10it.csv,21–40,9.9,577,10.19,97.1540726202159
10,DS_DE_all_2025_800_10it.csv,41–80,9.98,288,10.19,97.93915603532876
10,DS_DE_all_2025_800_10it.csv,81–160,8.63,103,10.19,84.69087340529933
10,DS_DE_all_2025_800_10it.csv,161–320,7.49,56,10.19,73.50343473994113
10,DS_DE_all_2025_800_10it.csv,>320,5.84,2,10.19,57.311089303238475
10,DS_IT_07_01_2025_800_10it.csv,0,1.85,51,1.86,99.46236559139786
10,DS_IT_07_01_2025_800_10it.csv,1–10,1.86,141,1.86,100.0
10,DS_IT_07_01_2025_800_10it.csv,11–20,1.8,36,1.86,96.77419354838709
10,DS_IT_07_01_2025_800_10it.csv,21–40,1.78,46,1.86,95.69892473118279
10,DS_IT_07_01_2025_800_10it.csv,41–80,1.64,44,1.86,88.17204301075267
10,DS_IT_07_01_2025_800_10it.csv,81–160,1.27,9,1.86,68.27956989247312
10,DS_IT_07_01_2025_800_10it.csv,161–320,0.2,1,1.86,10.75268817204301
10,DS_IT_all_2022-2025_800_10it_alpha1.csv,0,3.5,292,3.57,98.03921568627452
10,DS_IT_all_2022-2025_800_10it_alpha1.csv,1–10,3.53,1605,3.57,98.8795518207283
10,DS_IT_all_2022-2025_800_10it_alpha1.csv,11–20,3.57,808,3.57,100.0
10,DS_IT_all_2022-2025_800_10it_alpha1.csv,21–40,3.45,366,3.57,96.63865546218489
10,DS_IT_all_2022-2025_800_10it_alpha1.csv,41–80,3.39,506,3.57,94.95798319327731
10,DS_IT_all_2022-2025_800_10it_alpha1.csv,81–160,3.09,92,3.57,86.5546218487395
10,DS_IT_all_2022-2025_800_10it_alpha1.csv,161–320,1.55,3,3.57,43.417366946778714
10,DS_IT_all_2025_800_10it.csv,0,3.71,290,4.13,89.83050847457628
10,DS_IT_all_2025_800_10it.csv,1–10,4.13,1679,4.13,100.0
10,DS_IT_all_2025_800_10it.csv,11–20,4.13,1102,4.13,100.0
10,DS_IT_all_2025_800_10it.csv,21–40,4.1,1311,4.13,99.273607748184
10,DS_IT_all_2025_800_10it.csv,41–80,3.9,694,4.13,94.43099273607749
10,DS_IT_all_2025_800_10it.csv,81–160,3.06,114,4.13,74.09200968523002
10,DS_IT_all_2025_800_10it.csv,161–320,2.95,6,4.13,71.42857142857143
10,DS_SE_01_01_2025_100_10it.csv,0,3.12,29,3.28,95.1219512195122
10,DS_SE_01_01_2025_100_10it.csv,1–10,3.28,129,3.28,100.0
10,DS_SE_01_01_2025_100_10it.csv,11–20,2.33,12,3.28,71.03658536585367
10,DS_SE_01_01_2025_100_10it.csv,21–40,1.22,1,3.28,37.19512195121951
10,DS_SE_07_01_2025_100_10it.csv,0,4.88,39,4.92,99.1869918699187
10,DS_SE_07_01_2025_100_10it.csv,1–10,4.92,158,4.92,100.0
10,DS_SE_07_01_2025_100_10it.csv,11–20,4.02,27,4.92,81.70731707317073
10,DS_SE_07_01_2025_100_10it.csv,21–40,1.5,5,4.92,30.48780487804878
10,DS_SE_all_2022-2025_100_10it_alpha1.csv,0,4.94,173,5.03,98.2107355864811
10,DS_SE_all_2022-2025_100_10it_alpha1.csv,1–10,5.03,666,5.03,100.0
10,DS_SE_all_2022-2025_100_10it_alpha1.csv,11–20,4.02,108,5.03,79.92047713717693
10,DS_SE_all_2022-2025_100_10it_alpha1.csv,21–40,0.12,2,5.03,2.3856858846918487
10,DS_SE_all_2025_100_10it.csv,0,8.84,257,8.92,99.10313901345292
10,DS_SE_all_2025_100_10it.csv,1–10,8.92,707,8.92,100.0
10,DS_SE_all_2025_100_10it.csv,11–20,7.79,143,8.92,87.33183856502242
10,DS_SE_all_2025_100_10it.csv,21–40,5.21,45,8.92,58.40807174887892
25,DS_CN_01_01_2025_800_10it.csv,0,0.6,55,0.65,92.3076923076923
25,DS_CN_01_01_2025_800_10it.csv,1–10,0.65,325,0.65,100.0
25,DS_CN_01_01_2025_800_10it.csv,11–20,0.65,144,0.65,100.0
25,DS_CN_01_01_2025_800_10it.csv,21–40,0.62,49,0.65,95.38461538461537
25,DS_CN_01_01_2025_800_10it.csv,41–80,0.5,39,0.65,76.92307692307692
25,DS_CN_01_01_2025_800_10it.csv,81–160,0.35,32,0.65,53.84615384615385
25,DS_CN_all_2025_800_10it.csv,0,3.81,264,3.84,99.21875
25,DS_CN_all_2025_800_10it.csv,1–10,3.84,1138,3.84,100.0
25,DS_CN_all_2025_800_10it.csv,11–20,3.84,599,3.84,100.0
25,DS_CN_all_2025_800_10it.csv,21–40,3.77,454,3.84,98.17708333333334
25,DS_CN_all_2025_800_10it.csv,41–80,3.64,162,3.84,94.79166666666667
25,DS_CN_all_2025_800_10it.csv,81–160,2.32,96,3.84,60.416666666666664
25,DS_CN_all_2025_800_10it.csv,161–320,0.92,19,3.84,23.958333333333336
25,DS_DE_01_01_2025_800_10it.csv,0,4.94,45,4.98,99.19678714859438
25,DS_DE_01_01_2025_800_10it.csv,1–10,4.98,137,4.98,100.0
25,DS_DE_01_01_2025_800_10it.csv,11–20,4.98,51,4.98,100.0
25,DS_DE_01_01_2025_800_10it.csv,21–40,4.61,26,4.98,92.570281124498
25,DS_DE_01_01_2025_800_10it.csv,41–80,4.59,19,4.98,92.16867469879517
25,DS_DE_01_01_2025_800_10it.csv,81–160,3.24,19,4.98,65.06024096385542
25,DS_DE_01_01_2025_800_10it.csv,161–320,2.04,4,4.98,40.963855421686745
25,DS_DE_07_01_2025_800_10it.csv,0,9.25,56,9.3,99.46236559139784
25,DS_DE_07_01_2025_800_10it.csv,1–10,9.3,278,9.3,100.0
25,DS_DE_07_01_2025_800_10it.csv,11–20,9.3,70,9.3,100.0
25,DS_DE_07_01_2025_800_10it.csv,21–40,9.26,88,9.3,99.56989247311827
25,DS_DE_07_01_2025_800_10it.csv,41–80,9.16,66,9.3,98.49462365591397
25,DS_DE_07_01_2025_800_10it.csv,81–160,8.69,56,9.3,93.44086021505376
25,DS_DE_07_01_2025_800_10it.csv,161–320,4.2,11,9.3,45.16129032258064
25,DS_DE_07_01_2025_800_10it.csv,>320,2.25,1,9.3,24.193548387096772
25,DS_DE_all_2022-2025_800_10it_alpha1.csv,0,10.65,255,10.76,98.97769516728626
25,DS_DE_all_2022-2025_800_10it_alpha1.csv,1–10,10.76,931,10.76,100.0
25,DS_DE_all_2022-2025_800_10it_alpha1.csv,11–20,10.76,429,10.76,100.0
25,DS_DE_all_2022-2025_800_10it_alpha1.csv,21–40,10.68,165,10.76,99.25650557620817
25,DS_DE_all_2022-2025_800_10it_alpha1.csv,41–80,9.92,154,10.76,92.19330855018588
25,DS_DE_all_2022-2025_800_10it_alpha1.csv,81–160,9.44,116,10.76,87.73234200743494
25,DS_DE_all_2022-2025_800_10it_alpha1.csv,161–320,6.44,28,10.76,59.85130111524164
25,DS_DE_all_2025_800_10it.csv,0,16.1,84,17.15,93.87755102040818
25,DS_DE_all_2025_800_10it.csv,11–20,16.39,42,17.15,95.56851311953353
25,DS_DE_all_2025_800_10it.csv,21–40,17.15,53,17.15,100.0
25,DS_DE_all_2025_800_10it.csv,41–80,15.93,99,17.15,92.8862973760933
25,DS_DE_all_2025_800_10it.csv,81–160,16.18,211,17.15,94.34402332361516
25,DS_DE_all_2025_800_10it.csv,161–320,15.52,225,17.15,90.49562682215743
25,DS_DE_all_2025_800_10it.csv,>320,12.56,17,17.15,73.23615160349856
25,DS_IT_07_01_2025_800_10it.csv,0,4.52,51,4.9,92.24489795918366
25,DS_IT_07_01_2025_800_10it.csv,1–10,4.9,238,4.9,100.0
25,DS_IT_07_01_2025_800_10it.csv,11–20,4.88,51,4.9,99.59183673469387
25,DS_IT_07_01_2025_800_10it.csv,21–40,4.41,31,4.9,89.99999999999999
25,DS_IT_07_01_2025_800_10it.csv,41–80,4.02,22,4.9,82.0408163265306
25,DS_IT_07_01_2025_800_10it.csv,81–160,3.12,19,4.9,63.6734693877551
25,DS_IT_07_01_2025_800_10it.csv,161–320,0.65,4,4.9,13.26530612244898
25,DS_IT_all_2022-2025_800_10it_alpha1.csv,0,7.01,254,7.05,99.43262411347517
25,DS_IT_all_2022-2025_800_10it_alpha1.csv,1–10,7.05,1014,7.05,100.0
25,DS_IT_all_2022-2025_800_10it_alpha1.csv,11–20,7.05,376,7.05,100.0
25,DS_IT_all_2022-2025_800_10it_alpha1.csv,21–40,6.71,351,7.05,95.177304964539
25,DS_IT_all_2022-2025_800_10it_alpha1.csv,41–80,6.75,394,7.05,95.74468085106383
25,DS_IT_all_2022-2025_800_10it_alpha1.csv,81–160,5.86,55,7.05,83.12056737588654
25,DS_IT_all_2025_800_10it.csv,0,10.9,103,11.17,97.58281110116384
25,DS_IT_all_2025_800_10it.csv,1–10,11.13,60,11.17,99.64189794091317
25,DS_IT_all_2025_800_10it.csv,11–20,11.17,73,11.17,100.0
25,DS_IT_all_2025_800_10it.csv,21–40,10.99,142,11.17,98.38854073410921
25,DS_IT_all_2025_800_10it.csv,41–80,10.53,193,11.17,94.27036705461056
25,DS_IT_all_2025_800_10it.csv,81–160,10.39,118,11.17,93.01700984780663
25,DS_IT_all_2025_800_10it.csv,161–320,5.13,14,11.17,45.9265890778872
25,DS_SE_01_01_2025_100_10it.csv,0,7.52,35,7.52,100.0
25,DS_SE_01_01_2025_100_10it.csv,1–10,7.44,66,7.52,98.93617021276597
25,DS_SE_01_01_2025_100_10it.csv,11–20,4.97,18,7.52,66.0904255319149
25,DS_SE_01_01_2025_100_10it.csv,21–40,1.22,1,7.52,16.22340425531915
25,DS_SE_07_01_2025_100_10it.csv,0,8.25,39,8.27,99.75816203143894
25,DS_SE_07_01_2025_100_10it.csv,1–10,8.27,128,8.27,100.0
25,DS_SE_07_01_2025_100_10it.csv,11–20,6.96,14,8.27,84.1596130592503
25,DS_SE_07_01_2025_100_10it.csv,21–40,1.47,3,8.27,17.77509068923821
25,DS_SE_all_2022-2025_100_10it_alpha1.csv,0,7.18,112,7.24,99.17127071823204
25,DS_SE_all_2022-2025_100_10it_alpha1.csv,1–10,7.24,445,7.24,100.0
25,DS_SE_all_2022-2025_100_10it_alpha1.csv,11–20,5.38,60,7.24,74.30939226519337
25,DS_SE_all_2022-2025_100_10it_alpha1.csv,21–40,4.65,4,7.24,64.22651933701657
25,DS_SE_all_2025_100_10it.csv,0,14.71,171,14.88,98.85752688172043
25,DS_SE_all_2025_100_10it.csv,1–10,14.88,526,14.88,100.0
25,DS_SE_all_2025_100_10it.csv,11–20,13.06,174,14.88,87.76881720430107
25,DS_SE_all_2025_100_10it.csv,21–40,7.95,45,14.88,53.42741935483871
25,DS_US_all_2022-2025_800_10it_alpha1.csv,0,2.55,120,2.72,93.74999999999999
25,DS_US_all_2022-2025_800_10it_alpha1.csv,1–10,2.72,124,2.72,100.0
25,DS_US_all_2022-2025_800_10it_alpha1.csv,11–20,2.7,138,2.72,99.26470588235294
25,DS_US_all_2022-2025_800_10it_alpha1.csv,21–40,2.64,221,2.72,97.05882352941177
25,DS_US_all_2022-2025_800_10it_alpha1.csv,41–80,2.51,93,2.72,92.27941176470587
25,DS_US_all_2022-2025_800_10it_alpha1.csv,81–160,0.4,1,2.72,14.705882352941178
25,DS_US_all_2025_800_10it.csv,0,1.93,128,2.05,94.14634146341464
25,DS_US_all_2025_800_10it.csv,1–10,2.05,202,2.05,100.0
25,DS_US_all_2025_800_10it.csv,11–20,2.03,156,2.05,99.02439024390245
25,DS_US_all_2025_800_10it.csv,21–40,1.94,186,2.05,94.63414634146342
25,DS_US_all_2025_800_10it.csv,41–80,1.79,64,2.05,87.31707317073172
25,DS_US_all_2025_800_10it.csv,81–160,1.07,5,2.05,52.19512195121953
50,DS_CN_01_01_2025_800_10it.csv,0,1.78,49,1.83,97.26775956284153
50,DS_CN_01_01_2025_800_10it.csv,1–10,1.83,145,1.83,100.0
50,DS_CN_01_01_2025_800_10it.csv,11–20,1.77,33,1.83,96.72131147540983
50,DS_CN_01_01_2025_800_10it.csv,21–40,1.72,58,1.83,93.98907103825135
50,DS_CN_01_01_2025_800_10it.csv,41–80,1.55,71,1.83,84.69945355191257
50,DS_CN_01_01_2025_800_10it.csv,81–160,0.97,36,1.83,53.00546448087431
50,DS_CN_07_01_2025_800_10it.csv,0,0.93,45,1.1,84.54545454545455
50,DS_CN_07_01_2025_800_10it.csv,1–10,1.08,381,1.1,98.18181818181819
50,DS_CN_07_01_2025_800_10it.csv,11–20,1.1,268,1.1,100.0
50,DS_CN_07_01_2025_800_10it.csv,21–40,1.1,153,1.1,100.0
50,DS_CN_07_01_2025_800_10it.csv,41–80,0.79,27,1.1,71.81818181818181
50,DS_CN_07_01_2025_800_10it.csv,81–160,0.35,8,1.1,31.818181818181813
50,DS_CN_all_2022-2025_800_10it_alpha1.csv,0,2.11,244,2.16,97.68518518518518
50,DS_CN_all_2022-2025_800_10it_alpha1.csv,1–10,2.15,1278,2.16,99.53703703703702
50,DS_CN_all_2022-2025_800_10it_alpha1.csv,11–20,2.16,673,2.16,100.0
50,DS_CN_all_2022-2025_800_10it_alpha1.csv,21–40,2.13,395,2.16,98.6111111111111
50,DS_CN_all_2022-2025_800_10it_alpha1.csv,41–80,1.94,152,2.16,89.81481481481481
50,DS_CN_all_2022-2025_800_10it_alpha1.csv,81–160,1.29,47,2.16,59.72222222222222
50,DS_CN_all_2025_800_10it.csv,0,4.81,253,4.93,97.56592292089249
50,DS_CN_all_2025_800_10it.csv,1–10,4.93,890,4.93,100.0
50,DS_CN_all_2025_800_10it.csv,11–20,4.91,394,4.93,99.59432048681542
50,DS_CN_all_2025_800_10it.csv,21–40,4.86,348,4.93,98.58012170385396
50,DS_CN_all_2025_800_10it.csv,41–80,4.66,181,4.93,94.52332657200813
50,DS_CN_all_2025_800_10it.csv,81–160,3.44,129,4.93,69.77687626774848
50,DS_CN_all_2025_800_10it.csv,161–320,2.09,40,4.93,42.393509127789045
50,DS_DE_01_01_2025_800_10it.csv,0,7.95,45,8.01,99.25093632958803
50,DS_DE_01_01_2025_800_10it.csv,1–10,8.01,208,8.01,100.0
50,DS_DE_01_01_2025_800_10it.csv,11–20,7.98,24,8.01,99.62546816479401
50,DS_DE_01_01_2025_800_10it.csv,21–40,7.9,22,8.01,98.6267166042447
50,DS_DE_01_01_2025_800_10it.csv,41–80,7.15,19,8.01,89.26342072409489
50,DS_DE_01_01_2025_800_10it.csv,81–160,5.37,23,8.01,67.04119850187267
50,DS_DE_01_01_2025_800_10it.csv,161–320,4.16,11,8.01,51.9350811485643
50,DS_DE_07_01_2025_800_10it.csv,0,18.81,59,19.04,98.79201680672269
50,DS_DE_07_01_2025_800_10it.csv,1–10,19.04,309,19.04,100.0
50,DS_DE_07_01_2025_800_10it.csv,11–20,19.04,84,19.04,100.0
50,DS_DE_07_01_2025_800_10it.csv,21–40,19.0,64,19.04,99.78991596638656
50,DS_DE_07_01_2025_800_10it.csv,41–80,18.84,75,19.04,98.94957983193278
50,DS_DE_07_01_2025_800_10it.csv,81–160,17.33,33,19.04,91.01890756302521
50,DS_DE_07_01_2025_800_10it.csv,161–320,16.51,25,19.04,86.7121848739496
50,DS_DE_07_01_2025_800_10it.csv,>320,4.1,7,19.04,21.53361344537815
50,DS_DE_all_2022-2025_800_10it_alpha1.csv,0,13.56,297,13.6,99.70588235294117
50,DS_DE_all_2022-2025_800_10it_alpha1.csv,1–10,13.6,922,13.6,100.0
50,DS_DE_all_2022-2025_800_10it_alpha1.csv,11–20,13.58,524,13.6,99.8529411764706
50,DS_DE_all_2022-2025_800_10it_alpha1.csv,21–40,13.57,457,13.6,99.77941176470588
50,DS_DE_all_2022-2025_800_10it_alpha1.csv,41–80,13.48,215,13.6,99.11764705882354
50,DS_DE_all_2022-2025_800_10it_alpha1.csv,81–160,13.08,130,13.6,96.17647058823529
50,DS_DE_all_2022-2025_800_10it_alpha1.csv,161–320,12.2,40,13.6,89.70588235294117
50,DS_DE_all_2025_800_10it.csv,0,27.59,272,27.65,99.78300180831828
50,DS_DE_all_2025_800_10it.csv,1–10,27.65,917,27.65,100.0
50,DS_DE_all_2025_800_10it.csv,11–20,27.65,364,27.65,100.0
50,DS_DE_all_2025_800_10it.csv,21–40,27.61,313,27.65,99.85533453887885
50,DS_DE_all_2025_800_10it.csv,41–80,27.48,283,27.65,99.38517179023508
50,DS_DE_all_2025_800_10it.csv,81–160,27.15,332,27.65,98.19168173598554
50,DS_DE_all_2025_800_10it.csv,161–320,23.53,176,27.65,85.0994575045208
50,DS_DE_all_2025_800_10it.csv,>320,8.6,7,27.65,31.103074141048825
50,DS_IT_07_01_2025_800_10it.csv,0,6.39,57,6.45,99.06976744186046
50,DS_IT_07_01_2025_800_10it.csv,1–10,6.45,223,6.45,100.0
50,DS_IT_07_01_2025_800_10it.csv,11–20,6.43,42,6.45,99.68992248062015
50,DS_IT_07_01_2025_800_10it.csv,21–40,6.29,41,6.45,97.51937984496124
50,DS_IT_07_01_2025_800_10it.csv,41–80,5.9,29,6.45,91.47286821705427
50,DS_IT_07_01_2025_800_10it.csv,81–160,4.67,26,6.45,72.40310077519379
50,DS_IT_07_01_2025_800_10it.csv,161–320,1.05,11,6.45,16.27906976744186
50,DS_IT_all_2022-2025_800_10it_alpha1.csv,0,11.03,234,11.08,99.54873646209386
50,DS_IT_all_2022-2025_800_10it_alpha1.csv,1–10,11.08,708,11.08,100.0
50,DS_IT_all_2022-2025_800_10it_alpha1.csv,11–20,11.07,203,11.08,99.90974729241877
50,DS_IT_all_2022-2025_800_10it_alpha1.csv,21–40,10.93,140,11.08,98.64620938628158
50,DS_IT_all_2022-2025_800_10it_alpha1.csv,41–80,10.39,107,11.08,93.7725631768953
50,DS_IT_all_2022-2025_800_10it_alpha1.csv,81–160,7.96,76,11.08,71.84115523465704
50,DS_IT_all_2022-2025_800_10it_alpha1.csv,161–320,6.34,3,11.08,57.2202166064982
50,DS_IT_all_2025_800_10it.csv,0,17.58,315,17.89,98.26718837339294
50,DS_IT_all_2025_800_10it.csv,1–10,17.74,1313,17.89,99.16154276131917
50,DS_IT_all_2025_800_10it.csv,11–20,17.89,1162,17.89,100.0
50,DS_IT_all_2025_800_10it.csv,21–40,17.88,713,17.89,99.9441028507546
50,DS_IT_all_2025_800_10it.csv,41–80,17.75,400,17.89,99.21743991056455
50,DS_IT_all_2025_800_10it.csv,81–160,16.91,307,17.89,94.52207937395193
50,DS_IT_all_2025_800_10it.csv,161–320,14.87,53,17.89,83.11906092789268
50,DS_SE_01_01_2025_100_10it.csv,0,7.77,30,7.77,100.0
50,DS_SE_01_01_2025_100_10it.csv,1–10,7.77,87,7.77,100.0
50,DS_SE_01_01_2025_100_10it.csv,11–20,4.97,9,7.77,63.96396396396396
50,DS_SE_01_01_2025_100_10it.csv,21–40,1.22,1,7.77,15.701415701415703
50,DS_SE_07_01_2025_100_10it.csv,0,9.49,31,9.49,100.0
50,DS_SE_07_01_2025_100_10it.csv,1–10,9.49,60,9.49,100.0
50,DS_SE_07_01_2025_100_10it.csv,11–20,7.24,9,9.49,76.29083245521602
50,DS_SE_07_01_2025_100_10it.csv,21–40,1.9,1,9.49,20.021074815595362
50,DS_SE_all_2022-2025_100_10it_alpha1.csv,0,10.04,246,10.16,98.81889763779526
50,DS_SE_all_2022-2025_100_10it_alpha1.csv,1–10,10.16,809,10.16,100.0
50,DS_SE_all_2022-2025_100_10it_alpha1.csv,11–20,8.22,96,10.16,80.90551181102363
50,DS_SE_all_2022-2025_100_10it_alpha1.csv,21–40,4.65,4,10.16,45.767716535433074
50,DS_SE_all_2025_100_10it.csv,0,19.14,252,19.14,100.0
50,DS_SE_all_2025_100_10it.csv,1–10,19.14,591,19.14,100.0
50,DS_SE_all_2025_100_10it.csv,11–20,14.73,116,19.14,76.95924764890282
50,DS_SE_all_2025_100_10it.csv,21–40,8.03,54,19.14,41.95402298850574
50,DS_US_01_01_2025_800_10it.csv,0,6.76,60,6.94,97.40634005763688
50,DS_US_01_01_2025_800_10it.csv,1–10,6.93,339,6.94,99.85590778097982
50,DS_US_01_01_2025_800_10it.csv,11–20,6.94,119,6.94,100.0
50,DS_US_01_01_2025_800_10it.csv,21–40,6.83,57,6.94,98.41498559077809
50,DS_US_01_01_2025_800_10it.csv,41–80,6.4,40,6.94,92.21902017291066
50,DS_US_01_01_2025_800_10it.csv,81–160,6.26,43,6.94,90.20172910662824
50,DS_US_01_01_2025_800_10it.csv,161–320,4.31,1,6.94,62.103746397694515
50,DS_US_all_2022-2025_800_10it_alpha1.csv,0,3.56,186,3.58,99.4413407821229
50,DS_US_all_2022-2025_800_10it_alpha1.csv,1–10,3.58,548,3.58,100.0
50,DS_US_all_2022-2025_800_10it_alpha1.csv,11–20,3.57,177,3.58,99.72067039106145
50,DS_US_all_2022-2025_800_10it_alpha1.csv,21–40,3.54,176,3.58,98.88268156424581
50,DS_US_all_2022-2025_800_10it_alpha1.csv,41–80,3.28,112,3.58,91.62011173184356
50,DS_US_all_2022-2025_800_10it_alpha1.csv,81–160,3.02,18,3.58,84.35754189944133
50,DS_US_all_2025_800_10it.csv,0,7.15,191,7.26,98.4848484848485
50,DS_US_all_2025_800_10it.csv,1–10,7.25,637,7.26,99.86225895316805
50,DS_US_all_2025_800_10it.csv,11–20,7.26,243,7.26,100.0
50,DS_US_all_2025_800_10it.csv,21–40,7.13,170,7.26,98.20936639118457
50,DS_US_all_2025_800_10it.csv,41–80,6.7,208,7.26,92.28650137741047
50,DS_US_all_2025_800_10it.csv,81–160,6.5,123,7.26,89.53168044077135
50,DS_US_all_2025_800_10it.csv,161–320,3.61,2,7.26,49.72451790633608
100,DS_CN_01_01_2025_800_10it.csv,0,3.77,46,3.87,97.41602067183463
100,DS_CN_01_01_2025_800_10it.csv,1–10,3.86,344,3.87,99.74160206718345
100,DS_CN_01_01_2025_800_10it.csv,11–20,3.87,142,3.87,100.0
100,DS_CN_01_01_2025_800_10it.csv,21–40,3.75,29,3.87,96.89922480620154
100,DS_CN_01_01_2025_800_10it.csv,41–80,3.43,22,3.87,88.63049095607235
100,DS_CN_01_01_2025_800_10it.csv,81–160,1.79,11,3.87,46.253229974160206
100,DS_CN_07_01_2025_800_10it.csv,0,0.98,57,1.12,87.49999999999999
100,DS_CN_07_01_2025_800_10it.csv,1–10,1.09,388,1.12,97.32142857142857
100,DS_CN_07_01_2025_800_10it.csv,11–20,1.12,290,1.12,100.0
100,DS_CN_07_01_2025_800_10it.csv,21–40,1.11,94,1.12,99.10714285714286
100,DS_CN_07_01_2025_800_10it.csv,41–80,0.83,31,1.12,74.10714285714285
100,DS_CN_07_01_2025_800_10it.csv,81–160,0.43,10,1.12,38.39285714285714
100,DS_CN_all_2022-2025_800_10it_alpha1.csv,0,2.52,274,2.58,97.67441860465115
100,DS_CN_all_2022-2025_800_10it_alpha1.csv,1–10,2.58,1062,2.58,100.0
100,DS_CN_all_2022-2025_800_10it_alpha1.csv,11–20,2.58,380,2.58,100.0
100,DS_CN_all_2022-2025_800_10it_alpha1.csv,21–40,2.48,320,2.58,96.12403100775194
100,DS_CN_all_2022-2025_800_10it_alpha1.csv,41–80,2.31,181,2.58,89.53488372093024
100,DS_CN_all_2022-2025_800_10it_alpha1.csv,81–160,1.38,51,2.58,53.48837209302325
100,DS_CN_all_2025_800_10it.csv,0,6.11,335,6.17,99.02755267423015
100,DS_CN_all_2025_800_10it.csv,1–10,6.17,1319,6.17,100.0
100,DS_CN_all_2025_800_10it.csv,11–20,6.17,1105,6.17,100.0
100,DS_CN_all_2025_800_10it.csv,21–40,6.15,363,6.17,99.67585089141005
100,DS_CN_all_2025_800_10it.csv,41–80,5.88,267,6.17,95.2998379254457
100,DS_CN_all_2025_800_10it.csv,81–160,4.86,148,6.17,78.7682333873582
100,DS_CN_all_2025_800_10it.csv,161–320,1.63,11,6.17,26.418152350081037
100,DS_DE_01_01_2025_800_10it.csv,0,16.21,75,16.28,99.57002457002457
100,DS_DE_01_01_2025_800_10it.csv,1–10,16.25,411,16.28,99.8157248157248
100,DS_DE_01_01_2025_800_10it.csv,11–20,16.28,417,16.28,100.0
100,DS_DE_01_01_2025_800_10it.csv,21–40,16.28,833,16.28,100.0
100,DS_DE_01_01_2025_800_10it.csv,41–80,16.16,1000,16.28,99.26289926289927
100,DS_DE_01_01_2025_800_10it.csv,81–160,15.75,80,16.28,96.74447174447174
100,DS_DE_01_01_2025_800_10it.csv,161–320,14.01,27,16.28,86.05651105651106
100,DS_DE_01_01_2025_800_10it.csv,>320,2.36,1,16.28,14.496314496314493
100,DS_DE_07_01_2025_800_10it.csv,0,22.13,10,22.62,97.8337754199823
100,DS_DE_07_01_2025_800_10it.csv,11–20,22.03,2,22.62,97.39168877099912
100,DS_DE_07_01_2025_800_10it.csv,21–40,20.85,4,22.62,92.17506631299734
100,DS_DE_07_01_2025_800_10it.csv,41–80,22.29,5,22.62,98.54111405835543
100,DS_DE_07_01_2025_800_10it.csv,81–160,22.62,9,22.62,100.0
100,DS_DE_07_01_2025_800_10it.csv,161–320,18.18,10,22.62,80.37135278514589
100,DS_DE_07_01_2025_800_10it.csv,>320,2.25,1,22.62,9.946949602122016
100,DS_DE_all_2022-2025_800_10it_alpha1.csv,0,16.73,63,16.73,100.0
100,DS_DE_all_2022-2025_800_10it_alpha1.csv,1–10,16.66,9,16.73,99.58158995815899
100,DS_DE_all_2022-2025_800_10it_alpha1.csv,11–20,16.48,11,16.73,98.50567842199641
100,DS_DE_all_2022-2025_800_10it_alpha1.csv,21–40,16.56,26,16.73,98.98386132695755
100,DS_DE_all_2022-2025_800_10it_alpha1.csv,41–80,15.33,32,16.73,91.63179916317992
100,DS_DE_all_2022-2025_800_10it_alpha1.csv,81–160,12.89,57,16.73,77.04722056186492
100,DS_DE_all_2022-2025_800_10it_alpha1.csv,161–320,11.18,48,16.73,66.82606096832038
100,DS_DE_all_2022-2025_800_10it_alpha1.csv,>320,3.65,1,16.73,21.81709503885236
100,DS_DE_all_2025_800_10it.csv,0,38.59,99,38.61,99.94819994819996
100,DS_DE_all_2025_800_10it.csv,1–10,38.06,2,38.61,98.57549857549859
100,DS_DE_all_2025_800_10it.csv,11–20,38.61,28,38.61,100.0
100,DS_DE_all_2025_800_10it.csv,21–40,37.39,44,38.61,96.84019684019685
100,DS_DE_all_2025_800_10it.csv,41–80,37.64,76,38.61,97.48769748769749
100,DS_DE_all_2025_800_10it.csv,81–160,36.65,154,38.61,94.92359492359492
100,DS_DE_all_2025_800_10it.csv,161–320,31.76,114,38.61,82.25848225848227
100,DS_DE_all_2025_800_10it.csv,>320,23.75,25,38.61,61.51256151256151
100,DS_IT_01_01_2025_800_10it.csv,0,11.73,57,13.14,89.26940639269407
100,DS_IT_01_01_2025_800_10it.csv,1–10,13.14,385,13.14,100.0
100,DS_IT_01_01_2025_800_10it.csv,11–20,13.07,347,13.14,99.46727549467276
100,DS_IT_01_01_2025_800_10it.csv,21–40,13.11,90,13.14,99.77168949771689
100,DS_IT_01_01_2025_800_10it.csv,41–80,12.24,33,13.14,93.15068493150685
100,DS_IT_01_01_2025_800_10it.csv,81–160,12.06,26,13.14,91.78082191780823
100,DS_IT_01_01_2025_800_10it.csv,161–320,3.76,1,13.14,28.61491628614916
100,DS_IT_07_01_2025_800_10it.csv,0,8.43,19,8.7,96.89655172413794
100,DS_IT_07_01_2025_800_10it.csv,1–10,8.7,7,8.7,100.0
100,DS_IT_07_01_2025_800_10it.csv,11–20,8.69,11,8.7,99.88505747126437
100,DS_IT_07_01_2025_800_10it.csv,21–40,8.7,16,8.7,100.0
100,DS_IT_07_01_2025_800_10it.csv,41–80,8.37,28,8.7,96.20689655172414
100,DS_IT_07_01_2025_800_10it.csv,81–160,6.78,25,8.7,77.93103448275863
100,DS_IT_07_01_2025_800_10it.csv,161–320,2.17,11,8.7,24.942528735632187
100,DS_IT_all_2022-2025_800_10it_alpha1.csv,0,16.87,182,16.92,99.70449172576832
100,DS_IT_all_2022-2025_800_10it_alpha1.csv,1–10,16.62,241,16.92,98.22695035460993
100,DS_IT_all_2022-2025_800_10it_alpha1.csv,11–20,16.92,119,16.92,100.0
100,DS_IT_all_2022-2025_800_10it_alpha1.csv,21–40,16.74,183,16.92,98.93617021276594
100,DS_IT_all_2022-2025_800_10it_alpha1.csv,41–80,16.6,209,16.92,98.10874704491725
100,DS_IT_all_2022-2025_800_10it_alpha1.csv,81–160,15.49,136,16.92,91.54846335697398
100,DS_IT_all_2022-2025_800_10it_alpha1.csv,161–320,13.52,6,16.92,79.90543735224585
100,DS_IT_all_2025_800_10it.csv,0,27.87,256,28.24,98.68980169971672
100,DS_IT_all_2025_800_10it.csv,1–10,28.19,537,28.24,99.82294617563741
100,DS_IT_all_2025_800_10it.csv,11–20,28.24,387,28.24,100.0
100,DS_IT_all_2025_800_10it.csv,21–40,28.21,384,28.24,99.89376770538244
100,DS_IT_all_2025_800_10it.csv,41–80,27.97,286,28.24,99.04390934844193
100,DS_IT_all_2025_800_10it.csv,81–160,26.73,259,28.24,94.6529745042493
100,DS_IT_all_2025_800_10it.csv,161–320,24.24,64,28.24,85.83569405099149
100,DS_SE_01_01_2025_100_10it.csv,0,7.77,34,7.77,100.0
100,DS_SE_01_01_2025_100_10it.csv,1–10,7.77,101,7.77,100.0
100,DS_SE_01_01_2025_100_10it.csv,11–20,4.97,9,7.77,63.96396396396396
100,DS_SE_01_01_2025_100_10it.csv,21–40,1.22,1,7.77,15.701415701415703
100,DS_SE_07_01_2025_100_10it.csv,0,9.61,38,9.61,100.0
100,DS_SE_07_01_2025_100_10it.csv,1–10,9.61,102,9.61,100.0
100,DS_SE_07_01_2025_100_10it.csv,11–20,7.24,11,9.61,75.3381893860562
100,DS_SE_07_01_2025_100_10it.csv,21–40,1.9,1,9.61,19.77107180020812
100,DS_SE_all_2022-2025_100_10it_alpha1.csv,0,18.33,181,18.33,100.0
100,DS_SE_all_2022-2025_100_10it_alpha1.csv,1–10,18.13,525,18.33,98.9088925259138
100,DS_SE_all_2022-2025_100_10it_alpha1.csv,11–20,13.36,29,18.33,72.885979268958
100,DS_SE_all_2022-2025_100_10it_alpha1.csv,21–40,9.7,2,18.33,52.91871249318058
100,DS_SE_all_2025_100_10it.csv,0,22.42,286,22.58,99.29140832595218
100,DS_SE_all_2025_100_10it.csv,1–10,22.58,808,22.58,100.0
100,DS_SE_all_2025_100_10it.csv,11–20,18.93,69,22.58,83.83525243578389
100,DS_SE_all_2025_100_10it.csv,21–40,11.03,11,22.58,48.848538529672275
100,DS_US_01_01_2025_800_10it.csv,0,8.93,18,9.08,98.34801762114537
100,DS_US_01_01_2025_800_10it.csv,1–10,9.08,8,9.08,100.0
100,DS_US_01_01_2025_800_10it.csv,11–20,9.06,11,9.08,99.77973568281939
100,DS_US_01_01_2025_800_10it.csv,21–40,8.99,16,9.08,99.00881057268722
100,DS_US_01_01_2025_800_10it.csv,41–80,8.62,21,9.08,94.9339207048458
100,DS_US_01_01_2025_800_10it.csv,81–160,8.02,23,9.08,88.32599118942731
100,DS_US_01_01_2025_800_10it.csv,161–320,6.52,8,9.08,71.80616740088105
100,DS_US_all_2022-2025_800_10it_alpha1.csv,0,4.37,186,4.42,98.86877828054298
100,DS_US_all_2022-2025_800_10it_alpha1.csv,1–10,4.42,625,4.42,100.0
100,DS_US_all_2022-2025_800_10it_alpha1.csv,11–20,4.42,236,4.42,100.0
100,DS_US_all_2022-2025_800_10it_alpha1.csv,21–40,4.34,215,4.42,98.19004524886877
100,DS_US_all_2022-2025_800_10it_alpha1.csv,41–80,4.15,132,4.42,93.89140271493214
100,DS_US_all_2022-2025_800_10it_alpha1.csv,81–160,3.58,39,4.42,80.99547511312217
100,DS_US_all_2025_800_10it.csv,0,9.19,122,9.35,98.28877005347594
100,DS_US_all_2025_800_10it.csv,1–10,9.35,50,9.35,100.0
100,DS_US_all_2025_800_10it.csv,11–20,9.33,85,9.35,99.7860962566845
100,DS_US_all_2025_800_10it.csv,21–40,9.2,130,9.35,98.39572192513369
100,DS_US_all_2025_800_10it.csv,41–80,8.9,163,9.35,95.18716577540107
100,DS_US_all_2025_800_10it.csv,81–160,8.24,156,9.35,88.12834224598932
100,DS_US_all_2025_800_10it.csv,161–320,6.85,52,9.35,73.2620320855615
200,DS_CN_01_01_2025_800_10it.csv,0,3.89,61,3.92,99.23469387755102
200,DS_CN_01_01_2025_800_10it.csv,1–10,3.92,330,3.92,100.0
200,DS_CN_01_01_2025_800_10it.csv,11–20,3.91,78,3.92,99.74489795918367
200,DS_CN_01_01_2025_800_10it.csv,21–40,3.87,54,3.92,98.72448979591837
200,DS_CN_01_01_2025_800_10it.csv,41–80,3.45,37,3.92,88.01020408163266
200,DS_CN_01_01_2025_800_10it.csv,81–160,2.2,18,3.92,56.122448979591844
200,DS_CN_07_01_2025_800_10it.csv,0,0.98,57,1.12,87.49999999999999
200,DS_CN_07_01_2025_800_10it.csv,1–10,1.09,388,1.12,97.32142857142857
200,DS_CN_07_01_2025_800_10it.csv,11–20,1.12,290,1.12,100.0
200,DS_CN_07_01_2025_800_10it.csv,21–40,1.11,94,1.12,99.10714285714286
200,DS_CN_07_01_2025_800_10it.csv,41–80,0.83,31,1.12,74.10714285714285
200,DS_CN_07_01_2025_800_10it.csv,81–160,0.43,10,1.12,38.39285714285714
200,DS_CN_all_2022-2025_800_10it_alpha1.csv,0,2.52,322,2.58,97.67441860465115
200,DS_CN_all_2022-2025_800_10it_alpha1.csv,1–10,2.58,1156,2.58,100.0
200,DS_CN_all_2022-2025_800_10it_alpha1.csv,11–20,2.58,471,2.58,100.0
200,DS_CN_all_2022-2025_800_10it_alpha1.csv,21–40,2.48,409,2.58,96.12403100775194
200,DS_CN_all_2022-2025_800_10it_alpha1.csv,41–80,2.31,194,2.58,89.53488372093024
200,DS_CN_all_2022-2025_800_10it_alpha1.csv,81–160,1.38,51,2.58,53.48837209302325
200,DS_CN_all_2025_800_10it.csv,0,6.11,379,6.17,99.02755267423015
200,DS_CN_all_2025_800_10it.csv,1–10,6.17,1343,6.17,100.0
200,DS_CN_all_2025_800_10it.csv,11–20,6.17,1142,6.17,100.0
200,DS_CN_all_2025_800_10it.csv,21–40,6.15,419,6.17,99.67585089141005
200,DS_CN_all_2025_800_10it.csv,41–80,5.88,321,6.17,95.2998379254457
200,DS_CN_all_2025_800_10it.csv,81–160,4.86,172,6.17,78.7682333873582
200,DS_CN_all_2025_800_10it.csv,161–320,1.63,11,6.17,26.418152350081037
200,DS_DE_01_01_2025_800_10it.csv,0,34.21,66,34.53,99.07326962061975
200,DS_DE_01_01_2025_800_10it.csv,1–10,34.21,399,34.53,99.07326962061975
200,DS_DE_01_01_2025_800_10it.csv,11–20,34.53,397,34.53,100.0
200,DS_DE_01_01_2025_800_10it.csv,21–40,34.53,228,34.53,100.0
200,DS_DE_01_01_2025_800_10it.csv,41–80,34.36,71,34.53,99.50767448595424
200,DS_DE_01_01_2025_800_10it.csv,81–160,32.17,27,34.53,93.16536345207066
200,DS_DE_01_01_2025_800_10it.csv,161–320,29.58,21,34.53,85.66463944396176
200,DS_DE_01_01_2025_800_10it.csv,>320,21.84,5,34.53,63.249348392702
200,DS_DE_07_01_2025_800_10it.csv,0,25.39,57,25.42,99.88198269079464
200,DS_DE_07_01_2025_800_10it.csv,1–10,25.42,195,25.42,100.0
200,DS_DE_07_01_2025_800_10it.csv,11–20,25.41,58,25.42,99.96066089693154
200,DS_DE_07_01_2025_800_10it.csv,21–40,25.34,34,25.42,99.6852871754524
200,DS_DE_07_01_2025_800_10it.csv,41–80,24.97,21,25.42,98.22974036191974
200,DS_DE_07_01_2025_800_10it.csv,81–160,24.27,20,25.42,95.47600314712824
200,DS_DE_07_01_2025_800_10it.csv,161–320,20.42,11,25.42,80.33044846577498
200,DS_DE_07_01_2025_800_10it.csv,>320,2.25,1,25.42,8.851298190401257
200,DS_DE_all_2022-2025_800_10it_alpha1.csv,0,19.66,288,19.71,99.74632166412988
200,DS_DE_all_2022-2025_800_10it_alpha1.csv,1–10,19.71,694,19.71,100.0
200,DS_DE_all_2022-2025_800_10it_alpha1.csv,11–20,19.66,199,19.71,99.74632166412988
200,DS_DE_all_2022-2025_800_10it_alpha1.csv,21–40,19.59,162,19.71,99.39117199391173
200,DS_DE_all_2022-2025_800_10it_alpha1.csv,41–80,18.96,127,19.71,96.19482496194824
200,DS_DE_all_2022-2025_800_10it_alpha1.csv,81–160,17.9,143,19.71,90.81684424150176
200,DS_DE_all_2022-2025_800_10it_alpha1.csv,161–320,11.3,54,19.71,57.33130390664637
200,DS_DE_all_2022-2025_800_10it_alpha1.csv,>320,5.36,2,19.71,27.19431760527651
200,DS_DE_all_2025_800_10it.csv,0,43.32,398,43.35,99.93079584775086
200,DS_DE_all_2025_800_10it.csv,1–10,43.35,1032,43.35,100.0
200,DS_DE_all_2025_800_10it.csv,11–20,43.34,700,43.35,99.97693194925029
200,DS_DE_all_2025_800_10it.csv,21–40,43.29,629,43.35,99.86159169550173
200,DS_DE_all_2025_800_10it.csv,41–80,43.14,241,43.35,99.51557093425605
200,DS_DE_all_2025_800_10it.csv,81–160,41.06,196,43.35,94.71741637831603
200,DS_DE_all_2025_800_10it.csv,161–320,38.79,124,43.35,89.48096885813148
200,DS_DE_all_2025_800_10it.csv,>320,17.8,10,43.35,41.061130334486734
200,DS_IT_01_01_2025_800_10it.csv,0,28.79,63,28.93,99.51607328033182
200,DS_IT_01_01_2025_800_10it.csv,1–10,28.9,372,28.93,99.89630141721396
200,DS_IT_01_01_2025_800_10it.csv,11–20,28.93,145,28.93,100.0
200,DS_IT_01_01_2025_800_10it.csv,21–40,28.9,59,28.93,99.89630141721396
200,DS_IT_01_01_2025_800_10it.csv,41–80,28.71,29,28.93,99.23954372623575
200,DS_IT_01_01_2025_800_10it.csv,81–160,27.38,22,28.93,94.64223988938818
200,DS_IT_01_01_2025_800_10it.csv,161–320,20.73,6,28.93,71.65572070515036
200,DS_IT_07_01_2025_800_10it.csv,0,8.77,61,8.81,99.54597048808171
200,DS_IT_07_01_2025_800_10it.csv,1–10,8.81,211,8.81,100.0
200,DS_IT_07_01_2025_800_10it.csv,11–20,8.8,62,8.81,99.88649262202043
200,DS_IT_07_01_2025_800_10it.csv,21–40,8.7,37,8.81,98.75141884222474
200,DS_IT_07_01_2025_800_10it.csv,41–80,7.87,23,8.81,89.33030646992054
200,DS_IT_07_01_2025_800_10it.csv,81–160,6.26,22,8.81,71.05561861520998
200,DS_IT_07_01_2025_800_10it.csv,161–320,1.4,8,8.81,15.891032917139611
200,DS_IT_all_2022-2025_800_10it_alpha1.csv,0,18.61,286,18.74,99.30629669156885
200,DS_IT_all_2022-2025_800_10it_alpha1.csv,1–10,18.74,861,18.74,100.0
200,DS_IT_all_2022-2025_800_10it_alpha1.csv,11–20,18.74,483,18.74,100.0
200,DS_IT_all_2022-2025_800_10it_alpha1.csv,21–40,18.61,535,18.74,99.30629669156885
200,DS_IT_all_2022-2025_800_10it_alpha1.csv,41–80,18.17,214,18.74,96.95837780149415
200,DS_IT_all_2022-2025_800_10it_alpha1.csv,81–160,16.58,149,18.74,88.47385272145144
200,DS_IT_all_2022-2025_800_10it_alpha1.csv,161–320,15.62,17,18.74,83.35112059765208
200,DS_IT_all_2025_800_10it.csv,0,32.51,302,32.67,99.51025405570859
200,DS_IT_all_2025_800_10it.csv,1–10,32.62,902,32.67,99.84695439240893
200,DS_IT_all_2025_800_10it.csv,11–20,32.67,691,32.67,100.0
200,DS_IT_all_2025_800_10it.csv,21–40,32.58,309,32.67,99.72451790633608
200,DS_IT_all_2025_800_10it.csv,41–80,32.22,260,32.67,98.62258953168043
200,DS_IT_all_2025_800_10it.csv,81–160,31.17,200,32.67,95.40863177226814
200,DS_IT_all_2025_800_10it.csv,161–320,26.84,37,32.67,82.15488215488215
200,DS_SE_01_01_2025_100_10it.csv,0,7.77,38,7.77,100.0
200,DS_SE_01_01_2025_100_10it.csv,1–10,7.77,97,7.77,100.0
200,DS_SE_01_01_2025_100_10it.csv,11–20,4.97,8,7.77,63.96396396396396
200,DS_SE_01_01_2025_100_10it.csv,21–40,1.19,1,7.77,15.315315315315313
200,DS_SE_07_01_2025_100_10it.csv,0,9.61,38,9.61,100.0
200,DS_SE_07_01_2025_100_10it.csv,1–10,9.61,102,9.61,100.0
200,DS_SE_07_01_2025_100_10it.csv,11–20,7.24,11,9.61,75.3381893860562
200,DS_SE_07_01_2025_100_10it.csv,21–40,1.9,1,9.61,19.77107180020812
200,DS_SE_all_2022-2025_100_10it_alpha1.csv,0,22.26,246,22.26,100.0
200,DS_SE_all_2022-2025_100_10it_alpha1.csv,1–10,22.22,432,22.26,99.82030548068282
200,DS_SE_all_2022-2025_100_10it_alpha1.csv,11–20,17.4,38,22.26,78.16711590296495
200,DS_SE_all_2022-2025_100_10it_alpha1.csv,21–40,6.75,4,22.26,30.323450134770884
200,DS_SE_all_2025_100_10it.csv,0,23.17,294,23.17,100.0
200,DS_SE_all_2025_100_10it.csv,1–10,23.17,738,23.17,100.0
200,DS_SE_all_2025_100_10it.csv,11–20,18.93,82,23.17,81.70047475183426
200,DS_SE_all_2025_100_10it.csv,21–40,11.03,14,23.17,47.60466119982736
200,DS_US_01_01_2025_800_10it.csv,0,9.23,62,9.27,99.56850053937434
200,DS_US_01_01_2025_800_10it.csv,1–10,9.27,288,9.27,100.0
200,DS_US_01_01_2025_800_10it.csv,11–20,9.24,53,9.27,99.67637540453075
200,DS_US_01_01_2025_800_10it.csv,21–40,9.18,40,9.27,99.02912621359224
200,DS_US_01_01_2025_800_10it.csv,41–80,8.92,22,9.27,96.22437971952536
200,DS_US_01_01_2025_800_10it.csv,81–160,8.25,19,9.27,88.99676375404532
200,DS_US_01_01_2025_800_10it.csv,161–320,7.57,4,9.27,81.66127292340886
200,DS_US_all_2022-2025_800_10it_alpha1.csv,0,4.36,250,4.43,98.41986455981943
200,DS_US_all_2022-2025_800_10it_alpha1.csv,1–10,4.43,864,4.43,100.0
200,DS_US_all_2022-2025_800_10it_alpha1.csv,11–20,4.42,350,4.43,99.77426636568849
200,DS_US_all_2022-2025_800_10it_alpha1.csv,21–40,4.34,259,4.43,97.9683972911964
200,DS_US_all_2022-2025_800_10it_alpha1.csv,41–80,4.15,148,4.43,93.67945823927766
200,DS_US_all_2022-2025_800_10it_alpha1.csv,81–160,3.74,52,4.43,84.42437923250566
200,DS_US_all_2025_800_10it.csv,0,9.35,261,9.47,98.73284054910242
200,DS_US_all_2025_800_10it.csv,1–10,9.47,861,9.47,100.0
200,DS_US_all_2025_800_10it.csv,11–20,9.47,345,9.47,100.0
200,DS_US_all_2025_800_10it.csv,21–40,9.35,279,9.47,98.73284054910242
200,DS_US_all_2025_800_10it.csv,41–80,9.09,155,9.47,95.98732840549101
200,DS_US_all_2025_800_10it.csv,81–160,8.25,114,9.47,87.11721224920802
200,DS_US_all_2025_800_10it.csv,161–320,7.57,13,9.47,79.93664202745512
