Iter,θ_p,θ_r,Start,Overhead %,CO₂ Save %,Score,Pauses,Budget,Stop
0,10,0,01-01,+25.0%,+97.55%,0.9877,1,✗ No,budget_exceeded
0,10,10,01-01,+25.0%,+97.55%,0.9877,1,✗ No,budget_exceeded
0,98,0,01-01,+25.0%,+97.55%,0.9877,1,✗ No,budget_exceeded
0,98,98,01-01,+25.0%,+97.55%,0.9877,1,✗ No,budget_exceeded
0,186,0,01-01,+25.0%,+97.55%,0.9877,1,✗ No,budget_exceeded
0,186,186,01-01,+25.0%,+96.73%,0.9837,29,✗ No,budget_exceeded
0,273,0,01-01,+25.0%,+97.39%,0.9870,1,✗ No,budget_exceeded
0,273,137,01-01,+25.0%,+97.21%,0.9861,3,✗ No,budget_exceeded
0,273,273,01-01,+25.0%,+90.82%,0.9541,110,✗ No,budget_exceeded
0,361,0,01-01,+25.0%,+97.38%,0.9869,1,✗ No,budget_exceeded
0,361,90,01-01,+25.0%,+97.38%,0.9869,1,✗ No,budget_exceeded
0,361,181,01-01,+25.0%,+90.46%,0.9523,29,✗ No,budget_exceeded
0,361,271,01-01,+25.0%,+85.29%,0.9265,95,✗ No,budget_exceeded
0,361,361,01-01,+25.0%,+78.45%,0.8922,166,✗ No,budget_exceeded
0,449,0,01-01,+25.0%,+96.99%,0.9849,1,✗ No,budget_exceeded
0,449,90,01-01,+25.0%,+96.99%,0.9849,1,✗ No,budget_exceeded
0,449,180,01-01,+25.0%,+85.46%,0.9273,23,✗ No,budget_exceeded
0,449,269,01-01,+25.0%,+69.79%,0.8489,86,✗ No,budget_exceeded
0,449,359,01-01,+25.0%,+61.92%,0.8096,110,✗ No,budget_exceeded
0,449,449,01-01,+25.0%,+44.35%,0.7218,246,✗ No,budget_exceeded
0,537,0,01-01,+25.0%,+96.94%,0.9847,1,✗ No,budget_exceeded
0,537,89,01-01,+25.0%,+96.94%,0.9847,1,✗ No,budget_exceeded
0,537,179,01-01,+25.0%,+62.67%,0.8134,18,✗ No,budget_exceeded
0,537,268,01-01,+25.0%,+39.08%,0.6954,37,✗ No,budget_exceeded
0,537,358,01-01,+22.7%,+11.64%,0.5582,62,✓ Yes,completed
0,537,447,01-01,+16.1%,+9.21%,0.5461,90,✓ Yes,completed
0,537,537,01-01,+9.5%,+5.04%,0.5252,167,✓ Yes,completed
0,624,0,01-01,+25.0%,+89.85%,0.9493,1,✗ No,budget_exceeded
0,624,89,01-01,+25.0%,+89.85%,0.9493,1,✗ No,budget_exceeded
0,624,178,01-01,+23.7%,+7.93%,0.5397,4,✓ Yes,completed
0,624,268,01-01,+10.3%,+3.52%,0.5176,6,✓ Yes,completed
0,624,357,01-01,+4.1%,+1.39%,0.5069,6,✓ Yes,completed
0,624,446,01-01,+1.1%,+0.48%,0.5024,10,✓ Yes,completed
0,624,535,01-01,+0.7%,+0.43%,0.5022,10,✓ Yes,completed
0,624,624,01-01,+0.3%,+0.15%,0.5007,20,✓ Yes,completed
0,712,0,01-01,+0.0%,+0.00%,0.5000,0,✓ Yes,completed
0,712,89,01-01,+0.0%,+0.00%,0.5000,0,✓ Yes,completed
0,712,178,01-01,+0.0%,+0.00%,0.5000,0,✓ Yes,completed
0,712,267,01-01,+0.0%,+0.00%,0.5000,0,✓ Yes,completed
0,712,356,01-01,+0.0%,+0.00%,0.5000,0,✓ Yes,completed
0,712,445,01-01,+0.0%,+0.00%,0.5000,0,✓ Yes,completed
0,712,534,01-01,+0.0%,+0.00%,0.5000,0,✓ Yes,completed
0,712,623,01-01,+0.0%,+0.00%,0.5000,0,✓ Yes,completed
0,712,712,01-01,+0.0%,+0.00%,0.5000,0,✓ Yes,completed
0,800,0,01-01,+0.0%,+0.00%,0.5000,0,✓ Yes,completed
0,800,89,01-01,+0.0%,+0.00%,0.5000,0,✓ Yes,completed
0,800,178,01-01,+0.0%,+0.00%,0.5000,0,✓ Yes,completed
0,800,267,01-01,+0.0%,+0.00%,0.5000,0,✓ Yes,completed
0,800,356,01-01,+0.0%,+0.00%,0.5000,0,✓ Yes,completed
0,800,444,01-01,+0.0%,+0.00%,0.5000,0,✓ Yes,completed
0,800,533,01-01,+0.0%,+0.00%,0.5000,0,✓ Yes,completed
0,800,622,01-01,+0.0%,+0.00%,0.5000,0,✓ Yes,completed
0,800,711,01-01,+0.0%,+0.00%,0.5000,0,✓ Yes,completed
0,800,800,01-01,+0.0%,+0.00%,0.5000,0,✓ Yes,completed
1,359,180,01-01,+25.0%,+91.09%,0.9555,29,✗ No,budget_exceeded
1,359,225,01-01,+25.0%,+87.42%,0.9371,73,✗ No,budget_exceeded
1,359,269,01-01,+25.0%,+85.51%,0.9275,97,✗ No,budget_exceeded
1,359,314,01-01,+25.0%,+82.31%,0.9115,119,✗ No,budget_exceeded
1,359,359,01-01,+25.0%,+79.21%,0.8961,163,✗ No,budget_exceeded
1,398,180,01-01,+25.0%,+88.41%,0.9421,31,✗ No,budget_exceeded
1,398,224,01-01,+25.0%,+84.87%,0.9243,72,✗ No,budget_exceeded
1,398,267,01-01,+25.0%,+80.62%,0.9031,94,✗ No,budget_exceeded
1,398,311,01-01,+25.0%,+76.98%,0.8849,117,✗ No,budget_exceeded
1,398,355,01-01,+25.0%,+72.58%,0.8629,135,✗ No,budget_exceeded
1,398,398,01-01,+25.0%,+66.82%,0.8341,211,✗ No,budget_exceeded
1,438,180,01-01,+25.0%,+86.12%,0.9306,25,✗ No,budget_exceeded
1,438,223,01-01,+25.0%,+76.11%,0.8805,71,✗ No,budget_exceeded
1,438,266,01-01,+25.0%,+71.21%,0.8561,89,✗ No,budget_exceeded
1,438,309,01-01,+25.0%,+69.73%,0.8487,97,✗ No,budget_exceeded
1,438,352,01-01,+25.0%,+64.92%,0.8246,111,✗ No,budget_exceeded
1,438,395,01-01,+25.0%,+60.22%,0.8011,129,✗ No,budget_exceeded
1,438,438,01-01,+25.0%,+48.53%,0.7426,205,✗ No,budget_exceeded
1,477,180,01-01,+25.0%,+82.99%,0.9150,23,✗ No,budget_exceeded
1,477,223,01-01,+25.0%,+69.22%,0.8461,58,✗ No,budget_exceeded
1,477,265,01-01,+25.0%,+61.93%,0.8096,77,✗ No,budget_exceeded
1,477,307,01-01,+25.0%,+57.21%,0.7860,85,✗ No,budget_exceeded
1,477,350,01-01,+25.0%,+50.49%,0.7525,94,✗ No,budget_exceeded
1,477,392,01-01,+25.0%,+46.28%,0.7314,106,✗ No,budget_exceeded
1,477,435,01-01,+25.0%,+38.42%,0.6921,148,✗ No,budget_exceeded
1,477,477,01-01,+24.9%,+13.19%,0.5660,333,✓ Yes,completed
1,517,180,01-01,+25.0%,+68.74%,0.8437,20,✗ No,budget_exceeded
1,517,222,01-01,+25.0%,+49.97%,0.7498,38,✗ No,budget_exceeded
1,517,264,01-01,+25.0%,+44.68%,0.7234,49,✗ No,budget_exceeded
1,517,306,01-01,+25.0%,+40.20%,0.7010,54,✗ No,budget_exceeded
1,517,348,01-01,+25.0%,+34.87%,0.6743,66,✗ No,budget_exceeded
1,517,391,01-01,+23.9%,+12.39%,0.5619,88,✓ Yes,completed
1,517,433,01-01,+20.9%,+11.76%,0.5588,110,✓ Yes,completed
1,517,475,01-01,+17.0%,+10.14%,0.5507,130,✓ Yes,completed
1,517,517,01-01,+13.9%,+7.93%,0.5396,207,✓ Yes,completed
1,556,180,01-01,+25.0%,+56.82%,0.7841,11,✗ No,budget_exceeded
1,556,218,01-01,+25.0%,+42.38%,0.7119,20,✗ No,budget_exceeded
1,556,255,01-01,+25.0%,+38.04%,0.6902,27,✗ No,budget_exceeded
1,556,293,01-01,+24.5%,+11.03%,0.5551,47,✓ Yes,completed
1,556,331,01-01,+23.2%,+11.19%,0.5560,45,✓ Yes,completed
1,556,368,01-01,+19.6%,+10.42%,0.5521,51,✓ Yes,completed
1,556,406,01-01,+17.5%,+9.55%,0.5478,58,✓ Yes,completed
1,556,444,01-01,+13.3%,+7.12%,0.5356,73,✓ Yes,completed
1,556,481,01-01,+10.0%,+5.22%,0.5261,86,✓ Yes,completed
1,556,519,01-01,+8.1%,+4.21%,0.5211,90,✓ Yes,completed
1,556,556,01-01,+5.9%,+2.84%,0.5142,155,✓ Yes,completed
1,596,180,01-01,+25.0%,+41.06%,0.7053,6,✗ No,budget_exceeded
1,596,218,01-01,+22.9%,+9.18%,0.5459,16,✓ Yes,completed
1,596,256,01-01,+20.3%,+9.09%,0.5455,16,✓ Yes,completed
1,596,293,01-01,+15.5%,+7.06%,0.5353,18,✓ Yes,completed
1,596,331,01-01,+14.7%,+6.75%,0.5338,18,✓ Yes,completed
1,596,369,01-01,+9.1%,+3.56%,0.5178,18,✓ Yes,completed
1,596,407,01-01,+7.9%,+3.21%,0.5160,20,✓ Yes,completed
1,596,445,01-01,+4.9%,+2.06%,0.5103,28,✓ Yes,completed
1,596,483,01-01,+3.7%,+1.85%,0.5093,28,✓ Yes,completed
1,596,520,01-01,+2.6%,+1.39%,0.5069,29,✓ Yes,completed
1,596,558,01-01,+2.1%,+1.19%,0.5059,29,✓ Yes,completed
1,596,596,01-01,+1.4%,+0.91%,0.5046,46,✓ Yes,completed
1,635,180,01-01,+23.6%,+7.89%,0.5395,4,✓ Yes,completed
1,635,218,01-01,+13.2%,+4.28%,0.5214,6,✓ Yes,completed
1,635,256,01-01,+11.1%,+3.58%,0.5179,6,✓ Yes,completed
1,635,294,01-01,+4.4%,+1.28%,0.5064,6,✓ Yes,completed
1,635,332,01-01,+4.0%,+1.33%,0.5067,6,✓ Yes,completed
1,635,370,01-01,+3.8%,+1.37%,0.5068,6,✓ Yes,completed
1,635,408,01-01,+3.4%,+1.27%,0.5063,6,✓ Yes,completed
1,635,446,01-01,+0.5%,+0.22%,0.5011,6,✓ Yes,completed
1,635,484,01-01,+0.4%,+0.17%,0.5009,6,✓ Yes,completed
1,635,522,01-01,+0.4%,+0.15%,0.5008,6,✓ Yes,completed
1,635,560,01-01,+0.3%,+0.12%,0.5006,6,✓ Yes,completed
1,635,597,01-01,+0.2%,+0.09%,0.5004,6,✓ Yes,completed
1,635,635,01-01,+0.1%,+0.08%,0.5004,8,✓ Yes,completed
1,675,180,01-01,+0.0%,+0.00%,0.5000,0,✓ Yes,completed
1,675,218,01-01,+0.0%,+0.00%,0.5000,0,✓ Yes,completed
1,675,256,01-01,+0.0%,+0.00%,0.5000,0,✓ Yes,completed
1,675,294,01-01,+0.0%,+0.00%,0.5000,0,✓ Yes,completed
1,675,332,01-01,+0.0%,+0.00%,0.5000,0,✓ Yes,completed
1,675,370,01-01,+0.0%,+0.00%,0.5000,0,✓ Yes,completed
1,675,408,01-01,+0.0%,+0.00%,0.5000,0,✓ Yes,completed
1,675,447,01-01,+0.0%,+0.00%,0.5000,0,✓ Yes,completed
1,675,485,01-01,+0.0%,+0.00%,0.5000,0,✓ Yes,completed
1,675,523,01-01,+0.0%,+0.00%,0.5000,0,✓ Yes,completed
1,675,561,01-01,+0.0%,+0.00%,0.5000,0,✓ Yes,completed
1,675,599,01-01,+0.0%,+0.00%,0.5000,0,✓ Yes,completed
1,675,637,01-01,+0.0%,+0.00%,0.5000,0,✓ Yes,completed
1,675,675,01-01,+0.0%,+0.00%,0.5000,0,✓ Yes,completed
1,714,180,01-01,+0.0%,+0.00%,0.5000,0,✓ Yes,completed
1,714,218,01-01,+0.0%,+0.00%,0.5000,0,✓ Yes,completed
1,714,256,01-01,+0.0%,+0.00%,0.5000,0,✓ Yes,completed
1,714,295,01-01,+0.0%,+0.00%,0.5000,0,✓ Yes,completed
1,714,333,01-01,+0.0%,+0.00%,0.5000,0,✓ Yes,completed
1,714,371,01-01,+0.0%,+0.00%,0.5000,0,✓ Yes,completed
1,714,409,01-01,+0.0%,+0.00%,0.5000,0,✓ Yes,completed
1,714,447,01-01,+0.0%,+0.00%,0.5000,0,✓ Yes,completed
1,714,485,01-01,+0.0%,+0.00%,0.5000,0,✓ Yes,completed
1,714,524,01-01,+0.0%,+0.00%,0.5000,0,✓ Yes,completed
1,714,562,01-01,+0.0%,+0.00%,0.5000,0,✓ Yes,completed
1,714,600,01-01,+0.0%,+0.00%,0.5000,0,✓ Yes,completed
1,714,638,01-01,+0.0%,+0.00%,0.5000,0,✓ Yes,completed
1,714,676,01-01,+0.0%,+0.00%,0.5000,0,✓ Yes,completed
1,714,714,01-01,+0.0%,+0.00%,0.5000,0,✓ Yes,completed
2,397,397,01-01,+25.0%,+66.99%,0.8349,205,✗ No,budget_exceeded
2,397,397,01-01,+25.0%,+66.99%,0.8349,205,✗ No,budget_exceeded
2,415,397,01-01,+25.0%,+64.28%,0.8214,159,✗ No,budget_exceeded
2,415,415,01-01,+25.0%,+60.64%,0.8032,223,✗ No,budget_exceeded
2,433,397,01-01,+25.0%,+60.39%,0.8020,137,✗ No,budget_exceeded
2,433,433,01-01,+25.0%,+50.81%,0.7540,207,✗ No,budget_exceeded
2,451,397,01-01,+25.0%,+52.28%,0.7614,128,✗ No,budget_exceeded
2,451,424,01-01,+25.0%,+48.10%,0.7405,152,✗ No,budget_exceeded
2,451,451,01-01,+25.0%,+43.69%,0.7184,247,✗ No,budget_exceeded
2,469,397,01-01,+25.0%,+47.74%,0.7387,119,✗ No,budget_exceeded
2,469,421,01-01,+25.0%,+43.89%,0.7195,138,✗ No,budget_exceeded
2,469,445,01-01,+25.0%,+39.44%,0.6972,162,✗ No,budget_exceeded
2,469,469,01-01,+25.0%,+34.06%,0.6703,257,✗ No,budget_exceeded
2,486,397,01-01,+25.0%,+41.31%,0.7066,108,✗ No,budget_exceeded
2,486,415,01-01,+25.0%,+38.48%,0.6924,121,✗ No,budget_exceeded
2,486,433,01-01,+25.0%,+35.99%,0.6799,144,✗ No,budget_exceeded
2,486,451,01-01,+25.0%,+31.85%,0.6593,164,✗ No,budget_exceeded
2,486,469,01-01,+25.0%,+13.25%,0.5663,204,✓ Yes,completed
2,486,486,01-01,+21.7%,+12.41%,0.5621,279,✓ Yes,completed
2,504,397,01-01,+25.0%,+33.54%,0.6677,98,✗ No,budget_exceeded
2,504,415,01-01,+25.0%,+18.23%,0.5912,122,✗ No,budget_exceeded
2,504,433,01-01,+24.3%,+12.85%,0.5643,145,✓ Yes,completed
2,504,451,01-01,+22.6%,+12.55%,0.5628,147,✓ Yes,completed
2,504,469,01-01,+20.9%,+12.02%,0.5601,156,✓ Yes,completed
2,504,486,01-01,+18.7%,+11.08%,0.5554,162,✓ Yes,completed
2,504,504,01-01,+16.8%,+10.06%,0.5503,256,✓ Yes,completed
2,522,397,01-01,+22.8%,+12.19%,0.5609,88,✓ Yes,completed
2,522,415,01-01,+21.7%,+11.95%,0.5598,91,✓ Yes,completed
2,522,433,01-01,+20.3%,+11.52%,0.5576,107,✓ Yes,completed
2,522,451,01-01,+18.9%,+10.97%,0.5549,110,✓ Yes,completed
2,522,469,01-01,+17.1%,+10.13%,0.5507,119,✓ Yes,completed
2,522,486,01-01,+15.6%,+9.17%,0.5459,126,✓ Yes,completed
2,522,504,01-01,+14.4%,+8.32%,0.5416,132,✓ Yes,completed
2,522,522,01-01,+12.8%,+7.14%,0.5357,208,✓ Yes,completed
2,540,397,01-01,+19.7%,+10.87%,0.5543,63,✓ Yes,completed
2,540,415,01-01,+18.6%,+10.40%,0.5520,67,✓ Yes,completed
2,540,433,01-01,+16.6%,+9.52%,0.5476,81,✓ Yes,completed
2,540,451,01-01,+15.3%,+8.66%,0.5433,84,✓ Yes,completed
2,540,469,01-01,+13.7%,+7.62%,0.5381,93,✓ Yes,completed
2,540,486,01-01,+12.4%,+6.83%,0.5342,98,✓ Yes,completed
2,540,504,01-01,+11.5%,+6.18%,0.5309,101,✓ Yes,completed
2,540,522,01-01,+10.2%,+5.53%,0.5277,112,✓ Yes,completed
2,540,540,01-01,+9.0%,+4.68%,0.5234,140,✓ Yes,completed
2,557,397,01-01,+17.8%,+9.69%,0.5484,56,✓ Yes,completed
2,557,415,01-01,+16.7%,+9.30%,0.5465,60,✓ Yes,completed
2,557,433,01-01,+14.3%,+7.65%,0.5382,72,✓ Yes,completed
2,557,451,01-01,+12.7%,+6.73%,0.5337,72,✓ Yes,completed
2,557,469,01-01,+10.7%,+5.56%,0.5278,81,✓ Yes,completed
2,557,486,01-01,+9.7%,+5.01%,0.5250,85,✓ Yes,completed
2,557,504,01-01,+9.0%,+4.61%,0.5230,87,✓ Yes,completed
2,557,522,01-01,+7.9%,+4.09%,0.5204,89,✓ Yes,completed
2,557,540,01-01,+6.9%,+3.36%,0.5168,91,✓ Yes,completed
2,557,557,01-01,+5.7%,+2.70%,0.5135,158,✓ Yes,completed
3,450,433,01-01,+25.0%,+47.36%,0.7368,159,✗ No,budget_exceeded
3,450,450,01-01,+25.0%,+43.69%,0.7184,247,✗ No,budget_exceeded
3,458,433,01-01,+25.0%,+45.01%,0.7250,150,✗ No,budget_exceeded
3,458,441,01-01,+25.0%,+43.56%,0.7178,164,✗ No,budget_exceeded
3,458,450,01-01,+25.0%,+41.13%,0.7056,179,✗ No,budget_exceeded
3,458,458,01-01,+25.0%,+38.64%,0.6932,253,✗ No,budget_exceeded
3,466,433,01-01,+25.0%,+41.91%,0.7096,147,✗ No,budget_exceeded
3,466,441,01-01,+25.0%,+40.87%,0.7044,155,✗ No,budget_exceeded
3,466,449,01-01,+25.0%,+39.10%,0.6955,170,✗ No,budget_exceeded
3,466,458,01-01,+25.0%,+37.38%,0.6869,189,✗ No,budget_exceeded
3,466,466,01-01,+25.0%,+34.98%,0.6749,238,✗ No,budget_exceeded
3,474,433,01-01,+25.0%,+40.30%,0.7015,144,✗ No,budget_exceeded
3,474,441,01-01,+25.0%,+38.34%,0.6917,155,✗ No,budget_exceeded
3,474,449,01-01,+25.0%,+37.25%,0.6863,166,✗ No,budget_exceeded
3,474,458,01-01,+25.0%,+34.87%,0.6744,184,✗ No,budget_exceeded
3,474,466,01-01,+25.0%,+32.16%,0.6608,192,✗ No,budget_exceeded
3,474,474,01-01,+25.0%,+20.02%,0.6001,281,✗ No,budget_exceeded
3,482,433,01-01,+25.0%,+37.61%,0.6880,144,✗ No,budget_exceeded
3,482,441,01-01,+25.0%,+35.86%,0.6793,154,✗ No,budget_exceeded
3,482,449,01-01,+25.0%,+34.44%,0.6722,164,✗ No,budget_exceeded
3,482,457,01-01,+25.0%,+31.51%,0.6575,182,✗ No,budget_exceeded
3,482,466,01-01,+25.0%,+23.91%,0.6196,197,✗ No,budget_exceeded
3,482,474,01-01,+24.5%,+13.20%,0.5660,229,✓ Yes,completed
3,482,482,01-01,+23.0%,+12.79%,0.5640,301,✓ Yes,completed
3,490,433,01-01,+25.0%,+34.33%,0.6717,144,✗ No,budget_exceeded
3,490,441,01-01,+25.0%,+31.72%,0.6586,155,✗ No,budget_exceeded
3,490,449,01-01,+25.0%,+27.47%,0.6373,166,✗ No,budget_exceeded
3,490,457,01-01,+25.0%,+14.45%,0.5722,189,✗ No,budget_exceeded
3,490,466,01-01,+24.5%,+13.12%,0.5656,191,✓ Yes,completed
3,490,474,01-01,+22.9%,+12.80%,0.5640,201,✓ Yes,completed
3,490,482,01-01,+21.6%,+12.38%,0.5619,207,✓ Yes,completed
3,490,490,01-01,+20.5%,+11.93%,0.5596,258,✓ Yes,completed
3,498,433,01-01,+25.0%,+19.82%,0.5991,151,✗ No,budget_exceeded
3,498,441,01-01,+25.0%,+13.85%,0.5692,166,✗ No,budget_exceeded
3,498,449,01-01,+24.5%,+13.05%,0.5652,168,✓ Yes,completed
3,498,457,01-01,+23.3%,+12.83%,0.5641,174,✓ Yes,completed
3,498,465,01-01,+22.5%,+12.57%,0.5629,173,✓ Yes,completed
3,498,474,01-01,+21.2%,+12.15%,0.5607,183,✓ Yes,completed
3,498,482,01-01,+20.3%,+11.90%,0.5595,182,✓ Yes,completed
3,498,490,01-01,+19.4%,+11.41%,0.5571,189,✓ Yes,completed
3,498,498,01-01,+18.4%,+10.80%,0.5540,242,✓ Yes,completed
3,506,433,01-01,+23.6%,+12.69%,0.5635,133,✓ Yes,completed
3,506,441,01-01,+22.6%,+12.50%,0.5625,135,✓ Yes,completed
3,506,449,01-01,+22.0%,+12.38%,0.5619,134,✓ Yes,completed
3,506,457,01-01,+21.2%,+12.08%,0.5604,143,✓ Yes,completed
3,506,465,01-01,+20.7%,+11.91%,0.5596,142,✓ Yes,completed
3,506,474,01-01,+19.5%,+11.42%,0.5571,152,✓ Yes,completed
3,506,482,01-01,+18.8%,+11.08%,0.5554,151,✓ Yes,completed
3,506,490,01-01,+18.1%,+10.63%,0.5532,152,✓ Yes,completed
3,506,498,01-01,+17.2%,+10.26%,0.5513,162,✓ Yes,completed
3,506,506,01-01,+16.3%,+9.66%,0.5483,232,✓ Yes,completed
3,514,433,01-01,+21.2%,+11.87%,0.5594,114,✓ Yes,completed
3,514,441,01-01,+20.5%,+11.69%,0.5584,118,✓ Yes,completed
3,514,449,01-01,+19.9%,+11.58%,0.5579,118,✓ Yes,completed
3,514,457,01-01,+19.2%,+11.16%,0.5558,127,✓ Yes,completed
3,514,465,01-01,+18.7%,+10.95%,0.5547,126,✓ Yes,completed
3,514,473,01-01,+17.6%,+10.33%,0.5516,136,✓ Yes,completed
3,514,482,01-01,+17.0%,+10.16%,0.5508,136,✓ Yes,completed
3,514,490,01-01,+16.4%,+9.80%,0.5490,137,✓ Yes,completed
3,514,498,01-01,+15.9%,+9.44%,0.5472,140,✓ Yes,completed
3,514,506,01-01,+15.2%,+8.90%,0.5445,144,✓ Yes,completed
3,514,514,01-01,+14.3%,+8.19%,0.5409,226,✓ Yes,completed
3,522,433,01-01,+20.2%,+11.51%,0.5575,107,✓ Yes,completed
3,522,441,01-01,+19.5%,+11.18%,0.5559,111,✓ Yes,completed
3,522,449,01-01,+18.9%,+10.96%,0.5548,110,✓ Yes,completed
3,522,457,01-01,+17.7%,+10.32%,0.5516,116,✓ Yes,completed
3,522,465,01-01,+17.3%,+10.19%,0.5509,116,✓ Yes,completed
3,522,473,01-01,+16.3%,+9.63%,0.5482,126,✓ Yes,completed
3,522,482,01-01,+15.9%,+9.35%,0.5468,126,✓ Yes,completed
3,522,490,01-01,+15.3%,+8.91%,0.5446,127,✓ Yes,completed
3,522,498,01-01,+14.8%,+8.57%,0.5428,130,✓ Yes,completed
3,522,506,01-01,+14.3%,+8.21%,0.5410,132,✓ Yes,completed
3,522,514,01-01,+13.3%,+7.59%,0.5380,151,✓ Yes,completed
3,522,522,01-01,+12.5%,+6.94%,0.5347,224,✓ Yes,completed
4,470,452,01-01,+25.0%,+37.70%,0.6885,177,✗ No,budget_exceeded
4,470,457,01-01,+25.0%,+36.44%,0.6822,188,✗ No,budget_exceeded
4,470,461,01-01,+25.0%,+35.26%,0.6763,196,✗ No,budget_exceeded
4,470,466,01-01,+25.0%,+34.36%,0.6718,205,✗ No,budget_exceeded
4,470,470,01-01,+25.0%,+32.08%,0.6604,270,✗ No,budget_exceeded
4,474,452,01-01,+25.0%,+36.61%,0.6830,172,✗ No,budget_exceeded
4,474,456,01-01,+25.0%,+36.01%,0.6801,178,✗ No,budget_exceeded
4,474,459,01-01,+25.0%,+34.98%,0.6749,185,✗ No,budget_exceeded
4,474,463,01-01,+25.0%,+34.04%,0.6702,192,✗ No,budget_exceeded
4,474,467,01-01,+25.0%,+32.32%,0.6616,196,✗ No,budget_exceeded
4,474,470,01-01,+25.0%,+30.43%,0.6521,219,✗ No,budget_exceeded
4,474,474,01-01,+25.0%,+27.45%,0.6372,281,✗ No,budget_exceeded
4,477,452,01-01,+25.0%,+35.23%,0.6761,167,✗ No,budget_exceeded
4,477,456,01-01,+25.0%,+34.56%,0.6728,174,✗ No,budget_exceeded
4,477,459,01-01,+25.0%,+33.39%,0.6670,181,✗ No,budget_exceeded
4,477,463,01-01,+25.0%,+31.80%,0.6590,186,✗ No,budget_exceeded
4,477,467,01-01,+25.0%,+29.72%,0.6486,192,✗ No,budget_exceeded
4,477,470,01-01,+25.0%,+27.26%,0.6363,208,✗ No,budget_exceeded
4,477,474,01-01,+25.0%,+15.82%,0.5791,230,✗ No,budget_exceeded
4,477,477,01-01,+24.9%,+13.19%,0.5660,333,✓ Yes,completed
4,481,452,01-01,+25.0%,+34.44%,0.6722,167,✗ No,budget_exceeded
4,481,456,01-01,+25.0%,+33.44%,0.6672,174,✗ No,budget_exceeded
4,481,459,01-01,+25.0%,+31.84%,0.6592,182,✗ No,budget_exceeded
4,481,463,01-01,+25.0%,+29.09%,0.6455,191,✗ No,budget_exceeded
4,481,467,01-01,+25.0%,+27.70%,0.6385,194,✗ No,budget_exceeded
4,481,470,01-01,+25.0%,+16.64%,0.5832,213,✗ No,budget_exceeded
4,481,474,01-01,+25.0%,+14.08%,0.5704,230,✗ No,budget_exceeded
4,481,477,01-01,+24.4%,+13.12%,0.5656,257,✓ Yes,completed
4,481,481,01-01,+23.7%,+12.97%,0.5648,294,✓ Yes,completed
4,485,452,01-01,+25.0%,+32.11%,0.6606,168,✗ No,budget_exceeded
4,485,456,01-01,+25.0%,+31.11%,0.6556,175,✗ No,budget_exceeded
4,485,459,01-01,+25.0%,+28.75%,0.6438,185,✗ No,budget_exceeded
4,485,463,01-01,+25.0%,+19.85%,0.5993,195,✗ No,budget_exceeded
4,485,467,01-01,+25.0%,+15.98%,0.5799,199,✗ No,budget_exceeded
4,485,470,01-01,+25.0%,+13.25%,0.5663,215,✓ Yes,completed
4,485,474,01-01,+24.4%,+13.12%,0.5656,224,✓ Yes,completed
4,485,477,01-01,+23.5%,+12.96%,0.5648,231,✓ Yes,completed
4,485,481,01-01,+22.9%,+12.82%,0.5641,235,✓ Yes,completed
4,485,485,01-01,+22.4%,+12.61%,0.5630,286,✓ Yes,completed
4,488,452,01-01,+25.0%,+29.02%,0.6451,171,✗ No,budget_exceeded
4,488,456,01-01,+25.0%,+27.23%,0.6361,179,✗ No,budget_exceeded
4,488,459,01-01,+25.0%,+16.60%,0.5830,190,✗ No,budget_exceeded
4,488,463,01-01,+25.0%,+14.23%,0.5711,197,✗ No,budget_exceeded
4,488,467,01-01,+24.9%,+13.22%,0.5661,198,✓ Yes,completed
4,488,470,01-01,+24.3%,+13.08%,0.5654,207,✓ Yes,completed
4,488,474,01-01,+23.5%,+12.96%,0.5648,210,✓ Yes,completed
4,488,477,01-01,+22.7%,+12.72%,0.5636,213,✓ Yes,completed
4,488,481,01-01,+22.3%,+12.59%,0.5629,216,✓ Yes,completed
4,488,485,01-01,+21.8%,+12.44%,0.5622,221,✓ Yes,completed
4,488,488,01-01,+21.2%,+12.17%,0.5608,268,✓ Yes,completed
4,492,452,01-01,+25.0%,+17.07%,0.5854,174,✗ No,budget_exceeded
4,492,456,01-01,+25.0%,+14.94%,0.5747,183,✗ No,budget_exceeded
4,492,459,01-01,+24.9%,+13.19%,0.5660,190,✓ Yes,completed
4,492,463,01-01,+24.4%,+13.11%,0.5655,190,✓ Yes,completed
4,492,467,01-01,+24.1%,+13.02%,0.5651,189,✓ Yes,completed
4,492,470,01-01,+23.4%,+12.91%,0.5646,195,✓ Yes,completed
4,492,474,01-01,+22.7%,+12.71%,0.5635,200,✓ Yes,completed
4,492,477,01-01,+22.0%,+12.53%,0.5626,202,✓ Yes,completed
4,492,481,01-01,+21.7%,+12.41%,0.5620,204,✓ Yes,completed
4,492,485,01-01,+21.2%,+12.23%,0.5611,203,✓ Yes,completed
4,492,488,01-01,+20.7%,+12.01%,0.5601,210,✓ Yes,completed
4,492,492,01-01,+20.3%,+11.84%,0.5592,287,✓ Yes,completed
4,495,452,01-01,+24.8%,+13.14%,0.5657,175,✓ Yes,completed
4,495,456,01-01,+24.5%,+13.07%,0.5654,179,✓ Yes,completed
4,495,459,01-01,+23.9%,+12.95%,0.5647,181,✓ Yes,completed
4,495,463,01-01,+23.4%,+12.86%,0.5643,180,✓ Yes,completed
4,495,467,01-01,+23.0%,+12.84%,0.5642,178,✓ Yes,completed
4,495,470,01-01,+22.5%,+12.61%,0.5631,186,✓ Yes,completed
4,495,474,01-01,+21.9%,+12.45%,0.5623,191,✓ Yes,completed
4,495,477,01-01,+21.4%,+12.29%,0.5615,191,✓ Yes,completed
4,495,481,01-01,+21.1%,+12.14%,0.5607,191,✓ Yes,completed
4,495,485,01-01,+20.6%,+11.99%,0.5600,190,✓ Yes,completed
4,495,488,01-01,+20.2%,+11.87%,0.5594,193,✓ Yes,completed
4,495,492,01-01,+19.7%,+11.63%,0.5581,210,✓ Yes,completed
4,495,495,01-01,+19.2%,+11.29%,0.5564,276,✓ Yes,completed
4,499,452,01-01,+24.1%,+12.92%,0.5646,169,✓ Yes,completed
4,499,456,01-01,+23.6%,+12.86%,0.5643,171,✓ Yes,completed
4,499,460,01-01,+23.0%,+12.81%,0.5640,173,✓ Yes,completed
4,499,463,01-01,+22.6%,+12.64%,0.5632,173,✓ Yes,completed
4,499,467,01-01,+22.4%,+12.58%,0.5629,172,✓ Yes,completed
4,499,470,01-01,+21.7%,+12.40%,0.5620,177,✓ Yes,completed
4,499,474,01-01,+21.2%,+12.15%,0.5607,183,✓ Yes,completed
4,499,477,01-01,+20.7%,+12.00%,0.5600,182,✓ Yes,completed
4,499,481,01-01,+20.4%,+11.92%,0.5596,182,✓ Yes,completed
4,499,485,01-01,+20.1%,+11.85%,0.5592,182,✓ Yes,completed
4,499,488,01-01,+19.7%,+11.58%,0.5579,182,✓ Yes,completed
4,499,492,01-01,+19.2%,+11.33%,0.5566,191,✓ Yes,completed
4,499,495,01-01,+18.8%,+11.10%,0.5555,200,✓ Yes,completed
4,499,499,01-01,+18.4%,+10.80%,0.5540,242,✓ Yes,completed
4,503,452,01-01,+22.7%,+12.60%,0.5630,150,✓ Yes,completed
4,503,456,01-01,+22.3%,+12.50%,0.5625,152,✓ Yes,completed
4,503,460,01-01,+21.9%,+12.40%,0.5620,155,✓ Yes,completed
4,503,463,01-01,+21.6%,+12.31%,0.5616,155,✓ Yes,completed
4,503,467,01-01,+21.4%,+12.27%,0.5613,155,✓ Yes,completed
4,503,470,01-01,+20.9%,+12.03%,0.5602,160,✓ Yes,completed
4,503,474,01-01,+20.3%,+11.84%,0.5592,167,✓ Yes,completed
4,503,477,01-01,+20.0%,+11.77%,0.5588,167,✓ Yes,completed
4,503,481,01-01,+19.7%,+11.59%,0.5580,167,✓ Yes,completed
4,503,485,01-01,+19.4%,+11.43%,0.5571,167,✓ Yes,completed
4,503,488,01-01,+18.9%,+11.22%,0.5561,166,✓ Yes,completed
4,503,492,01-01,+18.6%,+10.96%,0.5548,172,✓ Yes,completed
4,503,495,01-01,+18.2%,+10.72%,0.5536,176,✓ Yes,completed
4,503,499,01-01,+17.9%,+10.54%,0.5527,186,✓ Yes,completed
4,503,503,01-01,+17.4%,+10.30%,0.5515,235,✓ Yes,completed
5,477,463,01-01,+25.0%,+32.01%,0.6601,185,✗ No,budget_exceeded
5,477,465,01-01,+25.0%,+31.17%,0.6559,188,✗ No,budget_exceeded
5,477,466,01-01,+25.0%,+29.72%,0.6486,192,✗ No,budget_exceeded
5,477,468,01-01,+25.0%,+29.08%,0.6454,195,✗ No,budget_exceeded
5,477,469,01-01,+25.0%,+27.71%,0.6386,203,✗ No,budget_exceeded
5,477,471,01-01,+25.0%,+27.26%,0.6363,208,✗ No,budget_exceeded
5,477,472,01-01,+25.0%,+16.67%,0.5834,225,✗ No,budget_exceeded
5,477,474,01-01,+25.0%,+15.20%,0.5760,237,✗ No,budget_exceeded
5,477,476,01-01,+25.0%,+14.32%,0.5716,260,✗ No,budget_exceeded
5,477,477,01-01,+24.9%,+13.19%,0.5660,333,✓ Yes,completed
5,479,463,01-01,+25.0%,+31.82%,0.6591,186,✗ No,budget_exceeded
5,479,465,01-01,+25.0%,+30.81%,0.6541,189,✗ No,budget_exceeded
5,479,466,01-01,+25.0%,+29.11%,0.6455,194,✗ No,budget_exceeded
5,479,468,01-01,+25.0%,+28.83%,0.6442,196,✗ No,budget_exceeded
5,479,469,01-01,+25.0%,+27.30%,0.6365,205,✗ No,budget_exceeded
5,479,471,01-01,+25.0%,+23.89%,0.6195,211,✗ No,budget_exceeded
5,479,472,01-01,+25.0%,+15.80%,0.5790,226,✗ No,budget_exceeded
5,479,474,01-01,+25.0%,+14.53%,0.5727,238,✗ No,budget_exceeded
5,479,476,01-01,+25.0%,+13.99%,0.5699,254,✗ No,budget_exceeded
5,479,477,01-01,+24.7%,+13.19%,0.5660,285,✓ Yes,completed
5,479,479,01-01,+24.5%,+13.12%,0.5656,325,✓ Yes,completed
5,480,463,01-01,+25.0%,+30.35%,0.6518,188,✗ No,budget_exceeded
5,480,465,01-01,+25.0%,+28.86%,0.6443,192,✗ No,budget_exceeded
5,480,466,01-01,+25.0%,+27.70%,0.6385,194,✗ No,budget_exceeded
5,480,468,01-01,+25.0%,+27.26%,0.6363,197,✗ No,budget_exceeded
5,480,469,01-01,+25.0%,+18.66%,0.5933,208,✗ No,budget_exceeded
5,480,471,01-01,+25.0%,+16.64%,0.5832,213,✗ No,budget_exceeded
5,480,472,01-01,+25.0%,+14.33%,0.5717,228,✗ No,budget_exceeded
5,480,474,01-01,+24.9%,+13.24%,0.5662,232,✓ Yes,completed
5,480,476,01-01,+24.7%,+13.21%,0.5661,240,✓ Yes,completed
5,480,477,01-01,+24.4%,+13.12%,0.5656,257,✓ Yes,completed
5,480,479,01-01,+24.1%,+13.04%,0.5652,262,✓ Yes,completed
5,480,480,01-01,+23.7%,+12.97%,0.5648,294,✓ Yes,completed
5,482,463,01-01,+25.0%,+28.73%,0.6436,190,✗ No,budget_exceeded
5,482,465,01-01,+25.0%,+27.24%,0.6362,194,✗ No,budget_exceeded
5,482,466,01-01,+25.0%,+19.88%,0.5994,199,✗ No,budget_exceeded
5,482,468,01-01,+25.0%,+17.16%,0.5858,202,✗ No,budget_exceeded
5,482,469,01-01,+25.0%,+15.23%,0.5762,211,✗ No,budget_exceeded
5,482,471,01-01,+25.0%,+14.53%,0.5727,217,✗ No,budget_exceeded
5,482,473,01-01,+24.8%,+13.24%,0.5662,227,✓ Yes,completed
5,482,474,01-01,+24.5%,+13.20%,0.5660,229,✓ Yes,completed
5,482,476,01-01,+24.4%,+13.12%,0.5656,233,✓ Yes,completed
5,482,477,01-01,+23.9%,+13.00%,0.5650,239,✓ Yes,completed
5,482,479,01-01,+23.7%,+12.97%,0.5649,241,✓ Yes,completed
5,482,480,01-01,+23.4%,+12.90%,0.5645,248,✓ Yes,completed
5,482,482,01-01,+23.0%,+12.79%,0.5640,301,✓ Yes,completed
5,484,463,01-01,+25.0%,+27.28%,0.6364,190,✗ No,budget_exceeded
5,484,465,01-01,+25.0%,+19.89%,0.5994,195,✗ No,budget_exceeded
5,484,466,01-01,+25.0%,+17.11%,0.5855,197,✗ No,budget_exceeded
5,484,468,01-01,+25.0%,+15.98%,0.5799,200,✗ No,budget_exceeded
5,484,469,01-01,+25.0%,+14.55%,0.5727,210,✗ No,budget_exceeded
5,484,471,01-01,+25.0%,+14.08%,0.5704,215,✗ No,budget_exceeded
5,484,473,01-01,+24.7%,+13.21%,0.5661,223,✓ Yes,completed
5,484,474,01-01,+24.4%,+13.13%,0.5656,225,✓ Yes,completed
5,484,476,01-01,+24.1%,+13.05%,0.5653,228,✓ Yes,completed
5,484,477,01-01,+23.7%,+12.99%,0.5650,232,✓ Yes,completed
5,484,479,01-01,+23.5%,+12.96%,0.5648,232,✓ Yes,completed
5,484,481,01-01,+23.2%,+12.88%,0.5644,239,✓ Yes,completed
5,484,482,01-01,+22.8%,+12.78%,0.5639,262,✓ Yes,completed
5,484,484,01-01,+22.7%,+12.67%,0.5633,302,✓ Yes,completed
5,485,463,01-01,+25.0%,+18.64%,0.5932,195,✗ No,budget_exceeded
5,485,465,01-01,+25.0%,+16.03%,0.5802,198,✗ No,budget_exceeded
5,485,466,01-01,+25.0%,+15.23%,0.5761,200,✗ No,budget_exceeded
5,485,468,01-01,+25.0%,+14.92%,0.5746,202,✗ No,budget_exceeded
5,485,469,01-01,+25.0%,+13.28%,0.5664,211,✓ Yes,completed
5,485,471,01-01,+24.8%,+13.23%,0.5662,214,✓ Yes,completed
5,485,473,01-01,+24.4%,+13.12%,0.5656,222,✓ Yes,completed
5,485,474,01-01,+23.9%,+13.04%,0.5652,222,✓ Yes,completed
5,485,476,01-01,+23.7%,+12.99%,0.5649,225,✓ Yes,completed
5,485,477,01-01,+23.4%,+12.90%,0.5645,227,✓ Yes,completed
5,485,479,01-01,+23.0%,+12.88%,0.5644,226,✓ Yes,completed
5,485,481,01-01,+22.8%,+12.79%,0.5640,231,✓ Yes,completed
5,485,482,01-01,+22.5%,+12.64%,0.5632,240,✓ Yes,completed
5,485,484,01-01,+22.3%,+12.61%,0.5631,250,✓ Yes,completed
5,485,485,01-01,+22.0%,+12.50%,0.5625,292,✓ Yes,completed
5,487,463,01-01,+25.0%,+15.97%,0.5799,194,✗ No,budget_exceeded
5,487,465,01-01,+25.0%,+15.16%,0.5758,196,✗ No,budget_exceeded
5,487,466,01-01,+25.0%,+14.33%,0.5717,200,✗ No,budget_exceeded
5,487,468,01-01,+25.0%,+14.08%,0.5704,202,✗ No,budget_exceeded
5,487,469,01-01,+24.8%,+13.23%,0.5661,207,✓ Yes,completed
5,487,471,01-01,+24.6%,+13.21%,0.5660,210,✓ Yes,completed
5,487,473,01-01,+24.1%,+13.02%,0.5651,217,✓ Yes,completed
5,487,474,01-01,+23.7%,+12.98%,0.5649,217,✓ Yes,completed
5,487,476,01-01,+23.5%,+12.96%,0.5648,220,✓ Yes,completed
5,487,477,01-01,+23.0%,+12.88%,0.5644,220,✓ Yes,completed
5,487,479,01-01,+22.9%,+12.80%,0.5640,221,✓ Yes,completed
5,487,481,01-01,+22.6%,+12.70%,0.5635,224,✓ Yes,completed
5,487,482,01-01,+22.3%,+12.59%,0.5629,228,✓ Yes,completed
5,487,484,01-01,+22.1%,+12.56%,0.5628,234,✓ Yes,completed
5,487,485,01-01,+21.9%,+12.47%,0.5624,242,✓ Yes,completed
5,487,487,01-01,+21.7%,+12.41%,0.5621,279,✓ Yes,completed
5,489,463,01-01,+25.0%,+14.51%,0.5725,196,✗ No,budget_exceeded
5,489,464,01-01,+25.0%,+14.05%,0.5702,198,✗ No,budget_exceeded
5,489,466,01-01,+25.0%,+13.27%,0.5663,198,✓ Yes,completed
5,489,467,01-01,+24.8%,+13.22%,0.5661,199,✓ Yes,completed
5,489,469,01-01,+24.7%,+13.20%,0.5660,201,✓ Yes,completed
5,489,470,01-01,+24.3%,+13.08%,0.5654,207,✓ Yes,completed
5,489,472,01-01,+23.7%,+12.99%,0.5649,211,✓ Yes,completed
5,489,473,01-01,+23.5%,+12.96%,0.5648,210,✓ Yes,completed
5,489,475,01-01,+23.4%,+12.90%,0.5645,211,✓ Yes,completed
5,489,476,01-01,+22.9%,+12.80%,0.5640,213,✓ Yes,completed
5,489,478,01-01,+22.7%,+12.72%,0.5636,213,✓ Yes,completed
5,489,480,01-01,+22.4%,+12.63%,0.5632,215,✓ Yes,completed
5,489,481,01-01,+22.1%,+12.58%,0.5629,215,✓ Yes,completed
5,489,483,01-01,+22.0%,+12.53%,0.5626,216,✓ Yes,completed
5,489,484,01-01,+21.8%,+12.44%,0.5622,221,✓ Yes,completed
5,489,486,01-01,+21.6%,+12.38%,0.5619,222,✓ Yes,completed
5,489,487,01-01,+21.3%,+12.26%,0.5613,242,✓ Yes,completed
5,489,489,01-01,+21.2%,+12.17%,0.5608,268,✓ Yes,completed
5,490,463,01-01,+24.7%,+13.18%,0.5659,191,✓ Yes,completed
5,490,464,01-01,+24.5%,+13.16%,0.5658,191,✓ Yes,completed
5,490,466,01-01,+24.5%,+13.12%,0.5656,191,✓ Yes,completed
5,490,467,01-01,+24.3%,+13.02%,0.5651,192,✓ Yes,completed
5,490,469,01-01,+23.9%,+13.02%,0.5651,192,✓ Yes,completed
5,490,470,01-01,+23.6%,+12.94%,0.5647,196,✓ Yes,completed
5,490,472,01-01,+23.0%,+12.82%,0.5641,201,✓ Yes,completed
5,490,474,01-01,+22.9%,+12.80%,0.5640,201,✓ Yes,completed
5,490,475,01-01,+22.6%,+12.68%,0.5634,205,✓ Yes,completed
5,490,477,01-01,+22.4%,+12.63%,0.5631,204,✓ Yes,completed
5,490,478,01-01,+22.0%,+12.53%,0.5627,204,✓ Yes,completed
5,490,480,01-01,+21.9%,+12.50%,0.5625,206,✓ Yes,completed
5,490,481,01-01,+21.7%,+12.44%,0.5622,207,✓ Yes,completed
5,490,483,01-01,+21.6%,+12.38%,0.5619,207,✓ Yes,completed
5,490,484,01-01,+21.4%,+12.31%,0.5615,206,✓ Yes,completed
5,490,486,01-01,+21.2%,+12.21%,0.5611,207,✓ Yes,completed
5,490,487,01-01,+21.0%,+12.09%,0.5604,211,✓ Yes,completed
5,490,489,01-01,+20.8%,+12.08%,0.5604,215,✓ Yes,completed
5,490,490,01-01,+20.5%,+11.93%,0.5596,258,✓ Yes,completed
5,492,463,01-01,+24.5%,+13.16%,0.5658,190,✓ Yes,completed
5,492,464,01-01,+24.4%,+13.09%,0.5654,190,✓ Yes,completed
5,492,466,01-01,+24.3%,+13.05%,0.5652,190,✓ Yes,completed
5,492,467,01-01,+23.9%,+13.01%,0.5650,189,✓ Yes,completed
5,492,469,01-01,+23.7%,+12.97%,0.5649,190,✓ Yes,completed
5,492,471,01-01,+23.4%,+12.91%,0.5646,195,✓ Yes,completed
5,492,472,01-01,+22.8%,+12.77%,0.5639,200,✓ Yes,completed
5,492,474,01-01,+22.7%,+12.71%,0.5635,200,✓ Yes,completed
5,492,475,01-01,+22.4%,+12.62%,0.5631,203,✓ Yes,completed
5,492,477,01-01,+22.2%,+12.58%,0.5629,202,✓ Yes,completed
5,492,478,01-01,+21.9%,+12.46%,0.5623,203,✓ Yes,completed
5,492,480,01-01,+21.8%,+12.44%,0.5622,203,✓ Yes,completed
5,492,481,01-01,+21.6%,+12.38%,0.5619,204,✓ Yes,completed
5,492,483,01-01,+21.4%,+12.34%,0.5617,203,✓ Yes,completed
5,492,484,01-01,+21.2%,+12.23%,0.5611,203,✓ Yes,completed
5,492,486,01-01,+21.1%,+12.15%,0.5608,204,✓ Yes,completed
5,492,487,01-01,+20.8%,+12.05%,0.5603,207,✓ Yes,completed
5,492,489,01-01,+20.7%,+12.01%,0.5601,210,✓ Yes,completed
5,492,490,01-01,+20.4%,+11.91%,0.5596,234,✓ Yes,completed
5,492,492,01-01,+20.3%,+11.84%,0.5592,287,✓ Yes,completed
6,482,466,01-01,+25.0%,+19.88%,0.5994,199,✗ No,budget_exceeded
6,482,467,01-01,+25.0%,+19.88%,0.5994,199,✗ No,budget_exceeded
6,482,467,01-01,+25.0%,+17.16%,0.5858,202,✗ No,budget_exceeded
6,482,468,01-01,+25.0%,+16.02%,0.5801,206,✗ No,budget_exceeded
6,482,469,01-01,+25.0%,+16.02%,0.5801,206,✗ No,budget_exceeded
6,482,470,01-01,+25.0%,+15.23%,0.5762,211,✗ No,budget_exceeded
6,482,470,01-01,+25.0%,+14.53%,0.5727,217,✗ No,budget_exceeded
6,482,471,01-01,+25.0%,+14.53%,0.5727,217,✗ No,budget_exceeded
6,482,472,01-01,+24.9%,+13.25%,0.5662,227,✓ Yes,completed
6,482,472,01-01,+24.8%,+13.24%,0.5662,227,✓ Yes,completed
6,482,473,01-01,+24.8%,+13.24%,0.5662,227,✓ Yes,completed
6,482,474,01-01,+24.7%,+13.21%,0.5661,228,✓ Yes,completed
6,482,474,01-01,+24.5%,+13.20%,0.5660,229,✓ Yes,completed
6,482,475,01-01,+24.4%,+13.12%,0.5656,233,✓ Yes,completed
6,482,476,01-01,+24.4%,+13.12%,0.5656,233,✓ Yes,completed
6,482,476,01-01,+24.1%,+13.05%,0.5653,234,✓ Yes,completed
6,482,477,01-01,+23.9%,+13.00%,0.5650,239,✓ Yes,completed
6,482,478,01-01,+23.9%,+13.00%,0.5650,239,✓ Yes,completed
6,482,479,01-01,+23.7%,+12.97%,0.5649,241,✓ Yes,completed
6,482,479,01-01,+23.5%,+12.96%,0.5648,245,✓ Yes,completed
6,482,480,01-01,+23.5%,+12.96%,0.5648,245,✓ Yes,completed
6,482,481,01-01,+23.4%,+12.90%,0.5645,248,✓ Yes,completed
6,482,481,01-01,+23.2%,+12.88%,0.5644,254,✓ Yes,completed
6,482,482,01-01,+23.0%,+12.79%,0.5640,301,✓ Yes,completed
6,483,466,01-01,+25.0%,+17.11%,0.5855,197,✗ No,budget_exceeded
6,483,467,01-01,+25.0%,+17.11%,0.5855,197,✗ No,budget_exceeded
6,483,467,01-01,+25.0%,+15.98%,0.5799,200,✗ No,budget_exceeded
6,483,468,01-01,+25.0%,+15.23%,0.5762,204,✗ No,budget_exceeded
6,483,469,01-01,+25.0%,+15.23%,0.5762,204,✗ No,budget_exceeded
6,483,469,01-01,+25.0%,+14.55%,0.5727,210,✗ No,budget_exceeded
6,483,470,01-01,+25.0%,+14.08%,0.5704,215,✗ No,budget_exceeded
6,483,471,01-01,+25.0%,+14.08%,0.5704,215,✗ No,budget_exceeded
6,483,471,01-01,+24.8%,+13.23%,0.5662,223,✓ Yes,completed
6,483,472,01-01,+24.7%,+13.21%,0.5661,223,✓ Yes,completed
6,483,473,01-01,+24.7%,+13.21%,0.5661,223,✓ Yes,completed
6,483,474,01-01,+24.5%,+13.18%,0.5659,224,✓ Yes,completed
6,483,474,01-01,+24.4%,+13.13%,0.5656,225,✓ Yes,completed
6,483,475,01-01,+24.4%,+13.13%,0.5656,225,✓ Yes,completed
6,483,476,01-01,+24.1%,+13.05%,0.5653,228,✓ Yes,completed
6,483,476,01-01,+23.9%,+13.03%,0.5652,228,✓ Yes,completed
6,483,477,01-01,+23.9%,+13.03%,0.5652,228,✓ Yes,completed
6,483,478,01-01,+23.7%,+12.99%,0.5650,232,✓ Yes,completed
6,483,478,01-01,+23.5%,+12.96%,0.5648,232,✓ Yes,completed
6,483,479,01-01,+23.5%,+12.96%,0.5648,232,✓ Yes,completed
6,483,480,01-01,+23.4%,+12.90%,0.5645,237,✓ Yes,completed
6,483,480,01-01,+23.2%,+12.88%,0.5644,239,✓ Yes,completed
6,483,481,01-01,+23.2%,+12.88%,0.5644,239,✓ Yes,completed
6,483,482,01-01,+23.0%,+12.86%,0.5643,241,✓ Yes,completed
6,483,482,01-01,+22.8%,+12.78%,0.5639,262,✓ Yes,completed
6,483,483,01-01,+22.7%,+12.67%,0.5633,302,✓ Yes,completed
6,484,466,01-01,+25.0%,+15.98%,0.5799,199,✗ No,budget_exceeded
6,484,467,01-01,+25.0%,+15.98%,0.5799,199,✗ No,budget_exceeded
6,484,467,01-01,+25.0%,+15.23%,0.5762,202,✗ No,budget_exceeded
6,484,468,01-01,+25.0%,+14.78%,0.5739,206,✗ No,budget_exceeded
6,484,469,01-01,+25.0%,+14.78%,0.5739,206,✗ No,budget_exceeded
6,484,470,01-01,+25.0%,+14.23%,0.5712,211,✗ No,budget_exceeded
6,484,470,01-01,+25.0%,+13.25%,0.5663,215,✓ Yes,completed
6,484,471,01-01,+25.0%,+13.25%,0.5663,215,✓ Yes,completed
6,484,472,01-01,+24.6%,+13.21%,0.5661,223,✓ Yes,completed
6,484,472,01-01,+24.5%,+13.17%,0.5659,223,✓ Yes,completed
6,484,473,01-01,+24.5%,+13.17%,0.5659,223,✓ Yes,completed
6,484,474,01-01,+24.4%,+13.12%,0.5656,224,✓ Yes,completed
6,484,474,01-01,+24.3%,+13.04%,0.5652,225,✓ Yes,completed
6,484,475,01-01,+23.9%,+13.00%,0.5650,227,✓ Yes,completed
6,484,476,01-01,+23.9%,+13.00%,0.5650,227,✓ Yes,completed
6,484,476,01-01,+23.7%,+12.99%,0.5649,227,✓ Yes,completed
6,484,477,01-01,+23.5%,+12.96%,0.5648,231,✓ Yes,completed
6,484,478,01-01,+23.5%,+12.96%,0.5648,231,✓ Yes,completed
6,484,479,01-01,+23.3%,+12.91%,0.5646,231,✓ Yes,completed
6,484,479,01-01,+23.1%,+12.87%,0.5643,234,✓ Yes,completed
6,484,480,01-01,+23.1%,+12.87%,0.5643,234,✓ Yes,completed
6,484,481,01-01,+22.9%,+12.82%,0.5641,235,✓ Yes,completed
6,484,481,01-01,+22.8%,+12.80%,0.5640,237,✓ Yes,completed
6,484,482,01-01,+22.8%,+12.80%,0.5640,237,✓ Yes,completed
6,484,483,01-01,+22.7%,+12.69%,0.5635,248,✓ Yes,completed
6,484,483,01-01,+22.6%,+12.65%,0.5632,259,✓ Yes,completed
6,484,484,01-01,+22.4%,+12.61%,0.5630,286,✓ Yes,completed
6,485,466,01-01,+25.0%,+15.23%,0.5761,200,✗ No,budget_exceeded
6,485,467,01-01,+25.0%,+15.23%,0.5761,200,✗ No,budget_exceeded
6,485,467,01-01,+25.0%,+14.92%,0.5746,202,✗ No,budget_exceeded
6,485,468,01-01,+25.0%,+14.27%,0.5714,207,✗ No,budget_exceeded
6,485,469,01-01,+25.0%,+14.27%,0.5714,207,✗ No,budget_exceeded
6,485,469,01-01,+25.0%,+13.28%,0.5664,211,✓ Yes,completed
6,485,470,01-01,+24.8%,+13.23%,0.5662,214,✓ Yes,completed
6,485,471,01-01,+24.8%,+13.23%,0.5662,214,✓ Yes,completed
6,485,471,01-01,+24.5%,+13.16%,0.5658,222,✓ Yes,completed
6,485,472,01-01,+24.4%,+13.12%,0.5656,222,✓ Yes,completed
6,485,473,01-01,+24.4%,+13.12%,0.5656,222,✓ Yes,completed
6,485,474,01-01,+24.2%,+13.04%,0.5652,223,✓ Yes,completed
6,485,474,01-01,+23.9%,+13.04%,0.5652,222,✓ Yes,completed
6,485,475,01-01,+23.9%,+13.04%,0.5652,222,✓ Yes,completed
6,485,476,01-01,+23.7%,+12.99%,0.5649,225,✓ Yes,completed
6,485,476,01-01,+23.5%,+12.96%,0.5648,226,✓ Yes,completed
6,485,477,01-01,+23.5%,+12.96%,0.5648,226,✓ Yes,completed
6,485,478,01-01,+23.4%,+12.90%,0.5645,227,✓ Yes,completed
6,485,478,01-01,+23.0%,+12.88%,0.5644,226,✓ Yes,completed
6,485,479,01-01,+23.0%,+12.88%,0.5644,226,✓ Yes,completed
6,485,480,01-01,+22.9%,+12.81%,0.5641,229,✓ Yes,completed
6,485,480,01-01,+22.8%,+12.79%,0.5640,231,✓ Yes,completed
6,485,481,01-01,+22.8%,+12.79%,0.5640,231,✓ Yes,completed
6,485,482,01-01,+22.7%,+12.71%,0.5636,231,✓ Yes,completed
6,485,482,01-01,+22.5%,+12.64%,0.5632,240,✓ Yes,completed
6,485,483,01-01,+22.5%,+12.64%,0.5632,240,✓ Yes,completed
6,485,484,01-01,+22.3%,+12.61%,0.5631,250,✓ Yes,completed
6,485,484,01-01,+22.2%,+12.58%,0.5629,257,✓ Yes,completed
6,485,485,01-01,+22.0%,+12.50%,0.5625,292,✓ Yes,completed
6,486,466,01-01,+25.0%,+14.33%,0.5717,200,✗ No,budget_exceeded
6,486,467,01-01,+25.0%,+14.33%,0.5717,200,✗ No,budget_exceeded
6,486,467,01-01,+25.0%,+14.08%,0.5704,202,✗ No,budget_exceeded
6,486,468,01-01,+25.0%,+13.25%,0.5663,204,✓ Yes,completed
6,486,469,01-01,+25.0%,+13.25%,0.5663,204,✓ Yes,completed
6,486,469,01-01,+24.8%,+13.23%,0.5661,207,✓ Yes,completed
6,486,470,01-01,+24.6%,+13.21%,0.5660,210,✓ Yes,completed
6,486,471,01-01,+24.6%,+13.21%,0.5660,210,✓ Yes,completed
6,486,472,01-01,+24.3%,+13.06%,0.5653,218,✓ Yes,completed
6,486,472,01-01,+24.1%,+13.02%,0.5651,217,✓ Yes,completed
6,486,473,01-01,+24.1%,+13.02%,0.5651,217,✓ Yes,completed
6,486,474,01-01,+23.8%,+12.99%,0.5650,217,✓ Yes,completed
6,486,474,01-01,+23.7%,+12.98%,0.5649,217,✓ Yes,completed
6,486,475,01-01,+23.5%,+12.96%,0.5648,220,✓ Yes,completed
6,486,476,01-01,+23.5%,+12.96%,0.5648,220,✓ Yes,completed
6,486,476,01-01,+23.3%,+12.91%,0.5646,219,✓ Yes,completed
6,486,477,01-01,+23.0%,+12.88%,0.5644,220,✓ Yes,completed
6,486,478,01-01,+23.0%,+12.88%,0.5644,220,✓ Yes,completed
6,486,478,01-01,+22.9%,+12.80%,0.5640,221,✓ Yes,completed
6,486,479,01-01,+22.8%,+12.74%,0.5637,223,✓ Yes,completed
6,486,480,01-01,+22.8%,+12.74%,0.5637,223,✓ Yes,completed
6,486,481,01-01,+22.6%,+12.70%,0.5635,224,✓ Yes,completed
6,486,481,01-01,+22.5%,+12.64%,0.5632,224,✓ Yes,completed
6,486,482,01-01,+22.5%,+12.64%,0.5632,224,✓ Yes,completed
6,486,483,01-01,+22.3%,+12.59%,0.5629,228,✓ Yes,completed
6,486,483,01-01,+22.1%,+12.56%,0.5628,234,✓ Yes,completed
6,486,484,01-01,+22.1%,+12.56%,0.5628,234,✓ Yes,completed
6,486,485,01-01,+22.0%,+12.53%,0.5626,235,✓ Yes,completed
6,486,485,01-01,+21.9%,+12.47%,0.5624,242,✓ Yes,completed
6,486,486,01-01,+21.7%,+12.41%,0.5621,279,✓ Yes,completed
6,487,466,01-01,+25.0%,+14.06%,0.5703,199,✗ No,budget_exceeded
6,487,467,01-01,+25.0%,+14.06%,0.5703,199,✗ No,budget_exceeded
6,487,467,01-01,+25.0%,+13.25%,0.5662,200,✓ Yes,completed
6,487,468,01-01,+24.8%,+13.23%,0.5661,202,✓ Yes,completed
6,487,469,01-01,+24.8%,+13.23%,0.5661,202,✓ Yes,completed
6,487,469,01-01,+24.7%,+13.21%,0.5660,205,✓ Yes,completed
6,487,470,01-01,+24.5%,+13.15%,0.5657,208,✓ Yes,completed
6,487,471,01-01,+24.5%,+13.15%,0.5657,208,✓ Yes,completed
6,487,471,01-01,+24.1%,+13.02%,0.5651,215,✓ Yes,completed
6,487,472,01-01,+23.8%,+12.99%,0.5649,214,✓ Yes,completed
6,487,473,01-01,+23.8%,+12.99%,0.5649,214,✓ Yes,completed
6,487,473,01-01,+23.7%,+12.99%,0.5650,213,✓ Yes,completed
6,487,474,01-01,+23.6%,+12.95%,0.5648,214,✓ Yes,completed
6,487,475,01-01,+23.6%,+12.95%,0.5648,214,✓ Yes,completed
6,487,476,01-01,+23.4%,+12.90%,0.5645,217,✓ Yes,completed
6,487,476,01-01,+23.2%,+12.87%,0.5644,216,✓ Yes,completed
6,487,477,01-01,+23.2%,+12.87%,0.5644,216,✓ Yes,completed
6,487,478,01-01,+22.9%,+12.81%,0.5641,215,✓ Yes,completed
6,487,478,01-01,+22.7%,+12.73%,0.5637,216,✓ Yes,completed
6,487,479,01-01,+22.7%,+12.73%,0.5637,216,✓ Yes,completed
6,487,480,01-01,+22.6%,+12.70%,0.5635,218,✓ Yes,completed
6,487,480,01-01,+22.5%,+12.64%,0.5632,219,✓ Yes,completed
6,487,481,01-01,+22.5%,+12.64%,0.5632,219,✓ Yes,completed
6,487,482,01-01,+22.4%,+12.63%,0.5631,218,✓ Yes,completed
6,487,482,01-01,+22.1%,+12.58%,0.5629,218,✓ Yes,completed
6,487,483,01-01,+22.1%,+12.58%,0.5629,218,✓ Yes,completed
6,487,484,01-01,+22.0%,+12.53%,0.5626,225,✓ Yes,completed
6,487,484,01-01,+21.9%,+12.51%,0.5626,226,✓ Yes,completed
6,487,485,01-01,+21.8%,+12.44%,0.5622,230,✓ Yes,completed
6,487,486,01-01,+21.8%,+12.44%,0.5622,230,✓ Yes,completed
6,487,486,01-01,+21.6%,+12.37%,0.5619,249,✓ Yes,completed
6,487,487,01-01,+21.4%,+12.32%,0.5616,280,✓ Yes,completed
6,488,466,01-01,+24.9%,+13.22%,0.5661,198,✓ Yes,completed
6,488,467,01-01,+24.9%,+13.22%,0.5661,198,✓ Yes,completed
6,488,467,01-01,+24.8%,+13.22%,0.5661,199,✓ Yes,completed
6,488,468,01-01,+24.7%,+13.20%,0.5660,201,✓ Yes,completed
6,488,469,01-01,+24.7%,+13.20%,0.5660,201,✓ Yes,completed
6,488,469,01-01,+24.5%,+13.15%,0.5657,204,✓ Yes,completed
6,488,470,01-01,+24.3%,+13.08%,0.5654,207,✓ Yes,completed
6,488,471,01-01,+24.3%,+13.08%,0.5654,207,✓ Yes,completed
6,488,471,01-01,+23.7%,+12.99%,0.5649,211,✓ Yes,completed
6,488,472,01-01,+23.6%,+12.95%,0.5647,211,✓ Yes,completed
6,488,473,01-01,+23.6%,+12.95%,0.5647,211,✓ Yes,completed
6,488,473,01-01,+23.5%,+12.96%,0.5648,210,✓ Yes,completed
6,488,474,01-01,+23.4%,+12.90%,0.5645,211,✓ Yes,completed
6,488,475,01-01,+23.4%,+12.90%,0.5645,211,✓ Yes,completed
6,488,475,01-01,+23.0%,+12.88%,0.5644,213,✓ Yes,completed
6,488,476,01-01,+22.9%,+12.80%,0.5640,213,✓ Yes,completed
6,488,477,01-01,+22.9%,+12.80%,0.5640,213,✓ Yes,completed
6,488,477,01-01,+22.7%,+12.72%,0.5636,213,✓ Yes,completed
6,488,478,01-01,+22.6%,+12.67%,0.5634,214,✓ Yes,completed
6,488,479,01-01,+22.6%,+12.67%,0.5634,214,✓ Yes,completed
6,488,479,01-01,+22.4%,+12.63%,0.5632,215,✓ Yes,completed
6,488,480,01-01,+22.3%,+12.59%,0.5629,216,✓ Yes,completed
6,488,481,01-01,+22.3%,+12.59%,0.5629,216,✓ Yes,completed
6,488,481,01-01,+22.1%,+12.58%,0.5629,215,✓ Yes,completed
6,488,482,01-01,+22.0%,+12.53%,0.5626,216,✓ Yes,completed
6,488,483,01-01,+22.0%,+12.53%,0.5626,216,✓ Yes,completed
6,488,483,01-01,+21.9%,+12.47%,0.5623,220,✓ Yes,completed
6,488,484,01-01,+21.8%,+12.44%,0.5622,221,✓ Yes,completed
6,488,485,01-01,+21.8%,+12.44%,0.5622,221,✓ Yes,completed
6,488,485,01-01,+21.6%,+12.38%,0.5619,222,✓ Yes,completed
6,488,486,01-01,+21.5%,+12.36%,0.5618,229,✓ Yes,completed
6,488,487,01-01,+21.5%,+12.36%,0.5618,229,✓ Yes,completed
6,488,487,01-01,+21.3%,+12.26%,0.5613,242,✓ Yes,completed
6,488,488,01-01,+21.2%,+12.17%,0.5608,268,✓ Yes,completed
7,484,468,01-01,+25.0%,+15.98%,0.5799,200,✗ No,budget_exceeded
7,484,468,01-01,+25.0%,+15.23%,0.5762,204,✗ No,budget_exceeded
7,484,468,01-01,+25.0%,+15.23%,0.5762,204,✗ No,budget_exceeded
7,484,469,01-01,+25.0%,+15.23%,0.5762,204,✗ No,budget_exceeded
7,484,469,01-01,+25.0%,+14.55%,0.5727,210,✗ No,budget_exceeded
7,484,469,01-01,+25.0%,+14.55%,0.5727,210,✗ No,budget_exceeded
7,484,470,01-01,+25.0%,+14.55%,0.5727,210,✗ No,budget_exceeded
7,484,470,01-01,+25.0%,+14.55%,0.5727,210,✗ No,budget_exceeded
7,484,470,01-01,+25.0%,+14.08%,0.5704,215,✗ No,budget_exceeded
7,484,471,01-01,+25.0%,+14.08%,0.5704,215,✗ No,budget_exceeded
7,484,471,01-01,+25.0%,+14.08%,0.5704,215,✗ No,budget_exceeded
7,484,471,01-01,+24.8%,+13.23%,0.5662,223,✓ Yes,completed
7,484,472,01-01,+24.8%,+13.23%,0.5662,223,✓ Yes,completed
7,484,472,01-01,+24.8%,+13.23%,0.5662,223,✓ Yes,completed
7,484,472,01-01,+24.7%,+13.21%,0.5661,223,✓ Yes,completed
7,484,472,01-01,+24.7%,+13.21%,0.5661,223,✓ Yes,completed
7,484,473,01-01,+24.7%,+13.21%,0.5661,223,✓ Yes,completed
7,484,473,01-01,+24.5%,+13.18%,0.5659,224,✓ Yes,completed
7,484,473,01-01,+24.5%,+13.18%,0.5659,224,✓ Yes,completed
7,484,474,01-01,+24.5%,+13.18%,0.5659,224,✓ Yes,completed
7,484,474,01-01,+24.5%,+13.18%,0.5659,224,✓ Yes,completed
7,484,474,01-01,+24.4%,+13.13%,0.5656,225,✓ Yes,completed
7,484,475,01-01,+24.4%,+13.13%,0.5656,225,✓ Yes,completed
7,484,475,01-01,+24.4%,+13.13%,0.5656,225,✓ Yes,completed
7,484,475,01-01,+24.1%,+13.05%,0.5653,228,✓ Yes,completed
7,484,476,01-01,+24.1%,+13.05%,0.5653,228,✓ Yes,completed
7,484,476,01-01,+24.1%,+13.05%,0.5653,228,✓ Yes,completed
7,484,476,01-01,+23.9%,+13.03%,0.5652,228,✓ Yes,completed
7,484,476,01-01,+23.9%,+13.03%,0.5652,228,✓ Yes,completed
7,484,477,01-01,+23.9%,+13.03%,0.5652,228,✓ Yes,completed
7,484,477,01-01,+23.7%,+12.99%,0.5650,232,✓ Yes,completed
7,484,477,01-01,+23.7%,+12.99%,0.5650,232,✓ Yes,completed
7,484,478,01-01,+23.7%,+12.99%,0.5650,232,✓ Yes,completed
7,484,478,01-01,+23.7%,+12.99%,0.5650,232,✓ Yes,completed
7,484,478,01-01,+23.5%,+12.96%,0.5648,232,✓ Yes,completed
7,484,479,01-01,+23.5%,+12.96%,0.5648,232,✓ Yes,completed
7,484,479,01-01,+23.5%,+12.96%,0.5648,232,✓ Yes,completed
7,484,479,01-01,+23.4%,+12.90%,0.5645,237,✓ Yes,completed
7,484,480,01-01,+23.4%,+12.90%,0.5645,237,✓ Yes,completed
7,484,480,01-01,+23.4%,+12.90%,0.5645,237,✓ Yes,completed
7,484,480,01-01,+23.2%,+12.88%,0.5644,239,✓ Yes,completed
7,484,480,01-01,+23.2%,+12.88%,0.5644,239,✓ Yes,completed
7,484,481,01-01,+23.2%,+12.88%,0.5644,239,✓ Yes,completed
7,484,481,01-01,+23.0%,+12.86%,0.5643,241,✓ Yes,completed
7,484,481,01-01,+23.0%,+12.86%,0.5643,241,✓ Yes,completed
7,484,482,01-01,+23.0%,+12.86%,0.5643,241,✓ Yes,completed
7,484,482,01-01,+23.0%,+12.86%,0.5643,241,✓ Yes,completed
7,484,482,01-01,+22.8%,+12.78%,0.5639,262,✓ Yes,completed
7,484,483,01-01,+22.8%,+12.78%,0.5639,262,✓ Yes,completed
7,484,483,01-01,+22.8%,+12.78%,0.5639,262,✓ Yes,completed
7,484,483,01-01,+22.7%,+12.67%,0.5633,302,✓ Yes,completed
7,484,484,01-01,+22.7%,+12.67%,0.5633,302,✓ Yes,completed
7,484,484,01-01,+22.7%,+12.67%,0.5633,302,✓ Yes,completed
7,485,468,01-01,+25.0%,+15.23%,0.5762,202,✗ No,budget_exceeded
7,485,468,01-01,+25.0%,+14.78%,0.5739,206,✗ No,budget_exceeded
7,485,468,01-01,+25.0%,+14.78%,0.5739,206,✗ No,budget_exceeded
7,485,469,01-01,+25.0%,+14.78%,0.5739,206,✗ No,budget_exceeded
7,485,469,01-01,+25.0%,+14.23%,0.5712,211,✗ No,budget_exceeded
7,485,469,01-01,+25.0%,+14.23%,0.5712,211,✗ No,budget_exceeded
7,485,470,01-01,+25.0%,+14.23%,0.5712,211,✗ No,budget_exceeded
7,485,470,01-01,+25.0%,+14.23%,0.5712,211,✗ No,budget_exceeded
7,485,470,01-01,+25.0%,+13.25%,0.5663,215,✓ Yes,completed
7,485,471,01-01,+25.0%,+13.25%,0.5663,215,✓ Yes,completed
7,485,471,01-01,+25.0%,+13.25%,0.5663,215,✓ Yes,completed
7,485,471,01-01,+24.6%,+13.21%,0.5661,223,✓ Yes,completed
7,485,471,01-01,+24.6%,+13.21%,0.5661,223,✓ Yes,completed
7,485,472,01-01,+24.6%,+13.21%,0.5661,223,✓ Yes,completed
7,485,472,01-01,+24.5%,+13.17%,0.5659,223,✓ Yes,completed
7,485,472,01-01,+24.5%,+13.17%,0.5659,223,✓ Yes,completed
7,485,473,01-01,+24.5%,+13.17%,0.5659,223,✓ Yes,completed
7,485,473,01-01,+24.5%,+13.17%,0.5659,223,✓ Yes,completed
7,485,473,01-01,+24.4%,+13.12%,0.5656,224,✓ Yes,completed
7,485,474,01-01,+24.4%,+13.12%,0.5656,224,✓ Yes,completed
7,485,474,01-01,+24.4%,+13.12%,0.5656,224,✓ Yes,completed
7,485,474,01-01,+24.3%,+13.04%,0.5652,225,✓ Yes,completed
7,485,475,01-01,+24.3%,+13.04%,0.5652,225,✓ Yes,completed
7,485,475,01-01,+24.3%,+13.04%,0.5652,225,✓ Yes,completed
7,485,475,01-01,+23.9%,+13.00%,0.5650,227,✓ Yes,completed
7,485,475,01-01,+23.9%,+13.00%,0.5650,227,✓ Yes,completed
7,485,476,01-01,+23.9%,+13.00%,0.5650,227,✓ Yes,completed
7,485,476,01-01,+23.7%,+12.99%,0.5649,227,✓ Yes,completed
7,485,476,01-01,+23.7%,+12.99%,0.5649,227,✓ Yes,completed
7,485,477,01-01,+23.7%,+12.99%,0.5649,227,✓ Yes,completed
7,485,477,01-01,+23.7%,+12.99%,0.5649,227,✓ Yes,completed
7,485,477,01-01,+23.5%,+12.96%,0.5648,231,✓ Yes,completed
7,485,478,01-01,+23.5%,+12.96%,0.5648,231,✓ Yes,completed
7,485,478,01-01,+23.5%,+12.96%,0.5648,231,✓ Yes,completed
7,485,478,01-01,+23.3%,+12.91%,0.5646,231,✓ Yes,completed
7,485,478,01-01,+23.3%,+12.91%,0.5646,231,✓ Yes,completed
7,485,479,01-01,+23.3%,+12.91%,0.5646,231,✓ Yes,completed
7,485,479,01-01,+23.1%,+12.87%,0.5643,234,✓ Yes,completed
7,485,479,01-01,+23.1%,+12.87%,0.5643,234,✓ Yes,completed
7,485,480,01-01,+23.1%,+12.87%,0.5643,234,✓ Yes,completed
7,485,480,01-01,+23.1%,+12.87%,0.5643,234,✓ Yes,completed
7,485,480,01-01,+22.9%,+12.82%,0.5641,235,✓ Yes,completed
7,485,481,01-01,+22.9%,+12.82%,0.5641,235,✓ Yes,completed
7,485,481,01-01,+22.9%,+12.82%,0.5641,235,✓ Yes,completed
7,485,481,01-01,+22.8%,+12.80%,0.5640,237,✓ Yes,completed
7,485,482,01-01,+22.8%,+12.80%,0.5640,237,✓ Yes,completed
7,485,482,01-01,+22.8%,+12.80%,0.5640,237,✓ Yes,completed
7,485,482,01-01,+22.7%,+12.69%,0.5635,248,✓ Yes,completed
7,485,482,01-01,+22.7%,+12.69%,0.5635,248,✓ Yes,completed
7,485,483,01-01,+22.7%,+12.69%,0.5635,248,✓ Yes,completed
7,485,483,01-01,+22.6%,+12.65%,0.5632,259,✓ Yes,completed
7,485,483,01-01,+22.6%,+12.65%,0.5632,259,✓ Yes,completed
7,485,484,01-01,+22.6%,+12.65%,0.5632,259,✓ Yes,completed
7,485,484,01-01,+22.6%,+12.65%,0.5632,259,✓ Yes,completed
7,485,484,01-01,+22.4%,+12.61%,0.5630,286,✓ Yes,completed
7,485,485,01-01,+22.4%,+12.61%,0.5630,286,✓ Yes,completed
7,485,485,01-01,+22.4%,+12.61%,0.5630,286,✓ Yes,completed
7,486,468,01-01,+25.0%,+14.92%,0.5746,202,✗ No,budget_exceeded
7,486,468,01-01,+25.0%,+14.27%,0.5714,207,✗ No,budget_exceeded
7,486,468,01-01,+25.0%,+14.27%,0.5714,207,✗ No,budget_exceeded
7,486,469,01-01,+25.0%,+14.27%,0.5714,207,✗ No,budget_exceeded
7,486,469,01-01,+25.0%,+13.28%,0.5664,211,✓ Yes,completed
7,486,469,01-01,+25.0%,+13.28%,0.5664,211,✓ Yes,completed
7,486,470,01-01,+25.0%,+13.28%,0.5664,211,✓ Yes,completed
7,486,470,01-01,+25.0%,+13.28%,0.5664,211,✓ Yes,completed
7,486,470,01-01,+24.8%,+13.23%,0.5662,214,✓ Yes,completed
7,486,471,01-01,+24.8%,+13.23%,0.5662,214,✓ Yes,completed
7,486,471,01-01,+24.8%,+13.23%,0.5662,214,✓ Yes,completed
7,486,471,01-01,+24.5%,+13.16%,0.5658,222,✓ Yes,completed
7,486,472,01-01,+24.5%,+13.16%,0.5658,222,✓ Yes,completed
7,486,472,01-01,+24.5%,+13.16%,0.5658,222,✓ Yes,completed
7,486,472,01-01,+24.4%,+13.12%,0.5656,222,✓ Yes,completed
7,486,472,01-01,+24.4%,+13.12%,0.5656,222,✓ Yes,completed
7,486,473,01-01,+24.4%,+13.12%,0.5656,222,✓ Yes,completed
7,486,473,01-01,+24.2%,+13.04%,0.5652,223,✓ Yes,completed
7,486,473,01-01,+24.2%,+13.04%,0.5652,223,✓ Yes,completed
7,486,474,01-01,+24.2%,+13.04%,0.5652,223,✓ Yes,completed
7,486,474,01-01,+24.2%,+13.04%,0.5652,223,✓ Yes,completed
7,486,474,01-01,+23.9%,+13.04%,0.5652,222,✓ Yes,completed
7,486,475,01-01,+23.9%,+13.04%,0.5652,222,✓ Yes,completed
7,486,475,01-01,+23.9%,+13.04%,0.5652,222,✓ Yes,completed
7,486,475,01-01,+23.7%,+12.99%,0.5649,225,✓ Yes,completed
7,486,475,01-01,+23.7%,+12.99%,0.5649,225,✓ Yes,completed
7,486,476,01-01,+23.7%,+12.99%,0.5649,225,✓ Yes,completed
7,486,476,01-01,+23.5%,+12.96%,0.5648,226,✓ Yes,completed
7,486,476,01-01,+23.5%,+12.96%,0.5648,226,✓ Yes,completed
7,486,477,01-01,+23.5%,+12.96%,0.5648,226,✓ Yes,completed
7,486,477,01-01,+23.5%,+12.96%,0.5648,226,✓ Yes,completed
7,486,477,01-01,+23.4%,+12.90%,0.5645,227,✓ Yes,completed
7,486,478,01-01,+23.4%,+12.90%,0.5645,227,✓ Yes,completed
7,486,478,01-01,+23.4%,+12.90%,0.5645,227,✓ Yes,completed
7,486,478,01-01,+23.0%,+12.88%,0.5644,226,✓ Yes,completed
7,486,479,01-01,+23.0%,+12.88%,0.5644,226,✓ Yes,completed
7,486,479,01-01,+23.0%,+12.88%,0.5644,226,✓ Yes,completed
7,486,479,01-01,+22.9%,+12.81%,0.5641,229,✓ Yes,completed
7,486,479,01-01,+22.9%,+12.81%,0.5641,229,✓ Yes,completed
7,486,480,01-01,+22.9%,+12.81%,0.5641,229,✓ Yes,completed
7,486,480,01-01,+22.8%,+12.79%,0.5640,231,✓ Yes,completed
7,486,480,01-01,+22.8%,+12.79%,0.5640,231,✓ Yes,completed
7,486,481,01-01,+22.8%,+12.79%,0.5640,231,✓ Yes,completed
7,486,481,01-01,+22.8%,+12.79%,0.5640,231,✓ Yes,completed
7,486,481,01-01,+22.7%,+12.71%,0.5636,231,✓ Yes,completed
7,486,482,01-01,+22.7%,+12.71%,0.5636,231,✓ Yes,completed
7,486,482,01-01,+22.7%,+12.71%,0.5636,231,✓ Yes,completed
7,486,482,01-01,+22.5%,+12.64%,0.5632,240,✓ Yes,completed
7,486,482,01-01,+22.5%,+12.64%,0.5632,240,✓ Yes,completed
7,486,483,01-01,+22.5%,+12.64%,0.5632,240,✓ Yes,completed
7,486,483,01-01,+22.3%,+12.61%,0.5631,250,✓ Yes,completed
7,486,483,01-01,+22.3%,+12.61%,0.5631,250,✓ Yes,completed
7,486,484,01-01,+22.3%,+12.61%,0.5631,250,✓ Yes,completed
7,486,484,01-01,+22.2%,+12.58%,0.5629,257,✓ Yes,completed
7,486,484,01-01,+22.2%,+12.58%,0.5629,257,✓ Yes,completed
7,486,485,01-01,+22.2%,+12.58%,0.5629,257,✓ Yes,completed
7,486,485,01-01,+22.2%,+12.58%,0.5629,257,✓ Yes,completed
7,486,485,01-01,+22.0%,+12.50%,0.5625,292,✓ Yes,completed
7,486,486,01-01,+22.0%,+12.50%,0.5625,292,✓ Yes,completed
7,486,486,01-01,+22.0%,+12.50%,0.5625,292,✓ Yes,completed
8,485,469,01-01,+25.0%,+14.78%,0.5739,206,✗ No,budget_exceeded
8,485,469,01-01,+25.0%,+14.78%,0.5739,206,✗ No,budget_exceeded
8,485,469,01-01,+25.0%,+14.23%,0.5712,211,✗ No,budget_exceeded
8,485,470,01-01,+25.0%,+14.23%,0.5712,211,✗ No,budget_exceeded
8,485,470,01-01,+25.0%,+14.23%,0.5712,211,✗ No,budget_exceeded
8,485,470,01-01,+25.0%,+13.25%,0.5663,215,✓ Yes,completed
8,485,471,01-01,+25.0%,+13.25%,0.5663,215,✓ Yes,completed
8,485,471,01-01,+25.0%,+13.25%,0.5663,215,✓ Yes,completed
8,485,471,01-01,+24.6%,+13.21%,0.5661,223,✓ Yes,completed
8,485,471,01-01,+24.6%,+13.21%,0.5661,223,✓ Yes,completed
8,485,472,01-01,+24.6%,+13.21%,0.5661,223,✓ Yes,completed
8,485,472,01-01,+24.5%,+13.17%,0.5659,223,✓ Yes,completed
8,485,472,01-01,+24.5%,+13.17%,0.5659,223,✓ Yes,completed
8,485,473,01-01,+24.5%,+13.17%,0.5659,223,✓ Yes,completed
8,485,473,01-01,+24.5%,+13.17%,0.5659,223,✓ Yes,completed
8,485,473,01-01,+24.4%,+13.12%,0.5656,224,✓ Yes,completed
8,485,474,01-01,+24.4%,+13.12%,0.5656,224,✓ Yes,completed
8,485,474,01-01,+24.4%,+13.12%,0.5656,224,✓ Yes,completed
8,485,474,01-01,+24.3%,+13.04%,0.5652,225,✓ Yes,completed
8,485,475,01-01,+24.3%,+13.04%,0.5652,225,✓ Yes,completed
8,485,475,01-01,+24.3%,+13.04%,0.5652,225,✓ Yes,completed
8,485,475,01-01,+23.9%,+13.00%,0.5650,227,✓ Yes,completed
8,485,475,01-01,+23.9%,+13.00%,0.5650,227,✓ Yes,completed
8,485,476,01-01,+23.9%,+13.00%,0.5650,227,✓ Yes,completed
8,485,476,01-01,+23.7%,+12.99%,0.5649,227,✓ Yes,completed
8,485,476,01-01,+23.7%,+12.99%,0.5649,227,✓ Yes,completed
8,485,477,01-01,+23.7%,+12.99%,0.5649,227,✓ Yes,completed
8,485,477,01-01,+23.7%,+12.99%,0.5649,227,✓ Yes,completed
8,485,477,01-01,+23.5%,+12.96%,0.5648,231,✓ Yes,completed
8,485,478,01-01,+23.5%,+12.96%,0.5648,231,✓ Yes,completed
8,485,478,01-01,+23.5%,+12.96%,0.5648,231,✓ Yes,completed
8,485,478,01-01,+23.3%,+12.91%,0.5646,231,✓ Yes,completed
8,485,479,01-01,+23.3%,+12.91%,0.5646,231,✓ Yes,completed
8,485,479,01-01,+23.3%,+12.91%,0.5646,231,✓ Yes,completed
8,485,479,01-01,+23.1%,+12.87%,0.5643,234,✓ Yes,completed
8,485,479,01-01,+23.1%,+12.87%,0.5643,234,✓ Yes,completed
8,485,480,01-01,+23.1%,+12.87%,0.5643,234,✓ Yes,completed
8,485,480,01-01,+22.9%,+12.82%,0.5641,235,✓ Yes,completed
8,485,480,01-01,+22.9%,+12.82%,0.5641,235,✓ Yes,completed
8,485,481,01-01,+22.9%,+12.82%,0.5641,235,✓ Yes,completed
8,485,481,01-01,+22.9%,+12.82%,0.5641,235,✓ Yes,completed
8,485,481,01-01,+22.8%,+12.80%,0.5640,237,✓ Yes,completed
8,485,482,01-01,+22.8%,+12.80%,0.5640,237,✓ Yes,completed
8,485,482,01-01,+22.8%,+12.80%,0.5640,237,✓ Yes,completed
8,485,482,01-01,+22.7%,+12.69%,0.5635,248,✓ Yes,completed
8,485,483,01-01,+22.7%,+12.69%,0.5635,248,✓ Yes,completed
8,485,483,01-01,+22.7%,+12.69%,0.5635,248,✓ Yes,completed
8,485,483,01-01,+22.6%,+12.65%,0.5632,259,✓ Yes,completed
8,485,483,01-01,+22.6%,+12.65%,0.5632,259,✓ Yes,completed
8,485,484,01-01,+22.6%,+12.65%,0.5632,259,✓ Yes,completed
8,485,484,01-01,+22.4%,+12.61%,0.5630,286,✓ Yes,completed
8,485,484,01-01,+22.4%,+12.61%,0.5630,286,✓ Yes,completed
8,485,485,01-01,+22.4%,+12.61%,0.5630,286,✓ Yes,completed
8,486,469,01-01,+25.0%,+14.27%,0.5714,207,✗ No,budget_exceeded
8,486,469,01-01,+25.0%,+14.27%,0.5714,207,✗ No,budget_exceeded
8,486,469,01-01,+25.0%,+13.28%,0.5664,211,✓ Yes,completed
8,486,470,01-01,+25.0%,+13.28%,0.5664,211,✓ Yes,completed
8,486,470,01-01,+25.0%,+13.28%,0.5664,211,✓ Yes,completed
8,486,470,01-01,+24.8%,+13.23%,0.5662,214,✓ Yes,completed
8,486,470,01-01,+24.8%,+13.23%,0.5662,214,✓ Yes,completed
8,486,471,01-01,+24.8%,+13.23%,0.5662,214,✓ Yes,completed
8,486,471,01-01,+24.5%,+13.16%,0.5658,222,✓ Yes,completed
8,486,471,01-01,+24.5%,+13.16%,0.5658,222,✓ Yes,completed
8,486,472,01-01,+24.5%,+13.16%,0.5658,222,✓ Yes,completed
8,486,472,01-01,+24.5%,+13.16%,0.5658,222,✓ Yes,completed
8,486,472,01-01,+24.4%,+13.12%,0.5656,222,✓ Yes,completed
8,486,473,01-01,+24.4%,+13.12%,0.5656,222,✓ Yes,completed
8,486,473,01-01,+24.4%,+13.12%,0.5656,222,✓ Yes,completed
8,486,473,01-01,+24.2%,+13.04%,0.5652,223,✓ Yes,completed
8,486,474,01-01,+24.2%,+13.04%,0.5652,223,✓ Yes,completed
8,486,474,01-01,+24.2%,+13.04%,0.5652,223,✓ Yes,completed
8,486,474,01-01,+23.9%,+13.04%,0.5652,222,✓ Yes,completed
8,486,474,01-01,+23.9%,+13.04%,0.5652,222,✓ Yes,completed
8,486,475,01-01,+23.9%,+13.04%,0.5652,222,✓ Yes,completed
8,486,475,01-01,+23.7%,+12.99%,0.5649,225,✓ Yes,completed
8,486,475,01-01,+23.7%,+12.99%,0.5649,225,✓ Yes,completed
8,486,476,01-01,+23.7%,+12.99%,0.5649,225,✓ Yes,completed
8,486,476,01-01,+23.7%,+12.99%,0.5649,225,✓ Yes,completed
8,486,476,01-01,+23.5%,+12.96%,0.5648,226,✓ Yes,completed
8,486,477,01-01,+23.5%,+12.96%,0.5648,226,✓ Yes,completed
8,486,477,01-01,+23.5%,+12.96%,0.5648,226,✓ Yes,completed
8,486,477,01-01,+23.4%,+12.90%,0.5645,227,✓ Yes,completed
8,486,477,01-01,+23.4%,+12.90%,0.5645,227,✓ Yes,completed
8,486,478,01-01,+23.4%,+12.90%,0.5645,227,✓ Yes,completed
8,486,478,01-01,+23.0%,+12.88%,0.5644,226,✓ Yes,completed
8,486,478,01-01,+23.0%,+12.88%,0.5644,226,✓ Yes,completed
8,486,479,01-01,+23.0%,+12.88%,0.5644,226,✓ Yes,completed
8,486,479,01-01,+23.0%,+12.88%,0.5644,226,✓ Yes,completed
8,486,479,01-01,+22.9%,+12.81%,0.5641,229,✓ Yes,completed
8,486,480,01-01,+22.9%,+12.81%,0.5641,229,✓ Yes,completed
8,486,480,01-01,+22.9%,+12.81%,0.5641,229,✓ Yes,completed
8,486,480,01-01,+22.8%,+12.79%,0.5640,231,✓ Yes,completed
8,486,480,01-01,+22.8%,+12.79%,0.5640,231,✓ Yes,completed
8,486,481,01-01,+22.8%,+12.79%,0.5640,231,✓ Yes,completed
8,486,481,01-01,+22.7%,+12.71%,0.5636,231,✓ Yes,completed
8,486,481,01-01,+22.7%,+12.71%,0.5636,231,✓ Yes,completed
8,486,482,01-01,+22.7%,+12.71%,0.5636,231,✓ Yes,completed
8,486,482,01-01,+22.5%,+12.64%,0.5632,240,✓ Yes,completed
8,486,482,01-01,+22.5%,+12.64%,0.5632,240,✓ Yes,completed
8,486,483,01-01,+22.5%,+12.64%,0.5632,240,✓ Yes,completed
8,486,483,01-01,+22.5%,+12.64%,0.5632,240,✓ Yes,completed
8,486,483,01-01,+22.3%,+12.61%,0.5631,250,✓ Yes,completed
8,486,484,01-01,+22.3%,+12.61%,0.5631,250,✓ Yes,completed
8,486,484,01-01,+22.3%,+12.61%,0.5631,250,✓ Yes,completed
8,486,484,01-01,+22.2%,+12.58%,0.5629,257,✓ Yes,completed
8,486,484,01-01,+22.2%,+12.58%,0.5629,257,✓ Yes,completed
8,486,485,01-01,+22.2%,+12.58%,0.5629,257,✓ Yes,completed
8,486,485,01-01,+22.0%,+12.50%,0.5625,292,✓ Yes,completed
8,486,485,01-01,+22.0%,+12.50%,0.5625,292,✓ Yes,completed
8,486,486,01-01,+22.0%,+12.50%,0.5625,292,✓ Yes,completed
9,485,469,01-01,+25.0%,+13.28%,0.5664,211,✓ Yes,completed
9,485,469,01-01,+25.0%,+13.28%,0.5664,211,✓ Yes,completed
9,485,470,01-01,+25.0%,+13.28%,0.5664,211,✓ Yes,completed
9,485,470,01-01,+25.0%,+13.28%,0.5664,211,✓ Yes,completed
9,485,470,01-01,+24.8%,+13.23%,0.5662,214,✓ Yes,completed
9,485,471,01-01,+24.8%,+13.23%,0.5662,214,✓ Yes,completed
9,485,471,01-01,+24.8%,+13.23%,0.5662,214,✓ Yes,completed
9,485,471,01-01,+24.5%,+13.16%,0.5658,222,✓ Yes,completed
9,485,471,01-01,+24.5%,+13.16%,0.5658,222,✓ Yes,completed
9,485,472,01-01,+24.5%,+13.16%,0.5658,222,✓ Yes,completed
9,485,472,01-01,+24.4%,+13.12%,0.5656,222,✓ Yes,completed
9,485,472,01-01,+24.4%,+13.12%,0.5656,222,✓ Yes,completed
9,485,473,01-01,+24.4%,+13.12%,0.5656,222,✓ Yes,completed
9,485,473,01-01,+24.2%,+13.04%,0.5652,223,✓ Yes,completed
9,485,473,01-01,+24.2%,+13.04%,0.5652,223,✓ Yes,completed
9,485,474,01-01,+24.2%,+13.04%,0.5652,223,✓ Yes,completed
9,485,474,01-01,+24.2%,+13.04%,0.5652,223,✓ Yes,completed
9,485,474,01-01,+23.9%,+13.04%,0.5652,222,✓ Yes,completed
9,485,475,01-01,+23.9%,+13.04%,0.5652,222,✓ Yes,completed
9,485,475,01-01,+23.9%,+13.04%,0.5652,222,✓ Yes,completed
9,485,475,01-01,+23.7%,+12.99%,0.5649,225,✓ Yes,completed
9,485,475,01-01,+23.7%,+12.99%,0.5649,225,✓ Yes,completed
9,485,476,01-01,+23.7%,+12.99%,0.5649,225,✓ Yes,completed
9,485,476,01-01,+23.5%,+12.96%,0.5648,226,✓ Yes,completed
9,485,476,01-01,+23.5%,+12.96%,0.5648,226,✓ Yes,completed
9,485,477,01-01,+23.5%,+12.96%,0.5648,226,✓ Yes,completed
9,485,477,01-01,+23.4%,+12.90%,0.5645,227,✓ Yes,completed
9,485,477,01-01,+23.4%,+12.90%,0.5645,227,✓ Yes,completed
9,485,478,01-01,+23.4%,+12.90%,0.5645,227,✓ Yes,completed
9,485,478,01-01,+23.4%,+12.90%,0.5645,227,✓ Yes,completed
9,485,478,01-01,+23.0%,+12.88%,0.5644,226,✓ Yes,completed
9,485,479,01-01,+23.0%,+12.88%,0.5644,226,✓ Yes,completed
9,485,479,01-01,+23.0%,+12.88%,0.5644,226,✓ Yes,completed
9,485,479,01-01,+22.9%,+12.81%,0.5641,229,✓ Yes,completed
9,485,479,01-01,+22.9%,+12.81%,0.5641,229,✓ Yes,completed
9,485,480,01-01,+22.9%,+12.81%,0.5641,229,✓ Yes,completed
9,485,480,01-01,+22.8%,+12.79%,0.5640,231,✓ Yes,completed
9,485,480,01-01,+22.8%,+12.79%,0.5640,231,✓ Yes,completed
9,485,481,01-01,+22.8%,+12.79%,0.5640,231,✓ Yes,completed
9,485,481,01-01,+22.7%,+12.71%,0.5636,231,✓ Yes,completed
9,485,481,01-01,+22.7%,+12.71%,0.5636,231,✓ Yes,completed
9,485,482,01-01,+22.7%,+12.71%,0.5636,231,✓ Yes,completed
9,485,482,01-01,+22.7%,+12.71%,0.5636,231,✓ Yes,completed
9,485,482,01-01,+22.5%,+12.64%,0.5632,240,✓ Yes,completed
9,485,483,01-01,+22.5%,+12.64%,0.5632,240,✓ Yes,completed
9,485,483,01-01,+22.5%,+12.64%,0.5632,240,✓ Yes,completed
9,485,483,01-01,+22.3%,+12.61%,0.5631,250,✓ Yes,completed
9,485,483,01-01,+22.3%,+12.61%,0.5631,250,✓ Yes,completed
9,485,484,01-01,+22.3%,+12.61%,0.5631,250,✓ Yes,completed
9,485,484,01-01,+22.2%,+12.58%,0.5629,257,✓ Yes,completed
9,485,484,01-01,+22.2%,+12.58%,0.5629,257,✓ Yes,completed
9,485,485,01-01,+22.2%,+12.58%,0.5629,257,✓ Yes,completed
9,485,485,01-01,+22.0%,+12.50%,0.5625,292,✓ Yes,completed
